DEBUG 2026-08-12 12:44:19.271 UTC: 	 CRAB Client version: v3.260630
DEBUG 2026-08-12 12:44:19.271 UTC: 	 Running on: Linux lxplus808.cern.ch 4.18.0-553.144.1.el8_10.x86_64 #1 SMP Mon Jul 13 11:33:25 EDT 2026 x86_64 x86_64 x86_64 GNU/Linux
DEBUG 2026-08-12 12:44:19.271 UTC: 	 Not using Singularity
DEBUG 2026-08-12 12:44:19.271 UTC: 	 Operating System: Red Hat Enterprise Linux 8.10 (Ootpa)
DEBUG 2026-08-12 12:44:19.271 UTC: 	 Executing command: 'submit'
DEBUG 2026-08-12 12:44:19.275 UTC: 	 Found CRAB cache file /afs/cern.ch/user/f/ffiore/.crab3
INFO 2026-08-12 12:44:19.280 UTC: 	 Will use CRAB configuration file crab_sub_2023LHEGS.py
DEBUG 2026-08-12 12:44:19.280 UTC: 	 Loading CRAB configuration file.
DEBUG 2026-08-12 12:44:19.297 UTC: 	 Will use CRAB plugin PRIVATEMC (i.e. will run an a MC generation job type).
DEBUG 2026-08-12 12:44:19.310 UTC: 	 Checking credentials
DEBUG 2026-08-12 12:44:19.310 UTC: 	 Found proxy file /tmp/x509up_u178888
DEBUG 2026-08-12 12:44:19.310 UTC: 	 Making sure it has proper VOMS extension
DEBUG 2026-08-12 12:44:19.310 UTC: 	 Executing command :
 voms-proxy-info --vo --file /tmp/x509up_u178888
DEBUG 2026-08-12 12:44:19.342 UTC: 	 output : cms

 error: 
 retcode : 0
DEBUG 2026-08-12 12:44:19.342 UTC: 	 Getting proxy life time left
DEBUG 2026-08-12 12:44:19.342 UTC: 	 Executing command :
 voms-proxy-info --actimeleft --timeleft --file /tmp/x509up_u178888
DEBUG 2026-08-12 12:44:19.384 UTC: 	 output : 604766
604766

 error: 
 retcode : 0
DEBUG 2026-08-12 12:44:19.384 UTC: 	 Proxy valid for 167:59:26 hours
DEBUG 2026-08-12 12:44:19.385 UTC: 	 Encoded data for curl request: subresource=delegatedn
DEBUG 2026-08-12 12:44:19.460 UTC: 	 Registering user credentials on myproxy for /DC=ch/DC=cern/OU=Organic Units/OU=Users/CN=cmscrab/CN=(817881|373708)/CN=Robot: cms crab|/DC=ch/DC=cern/OU=Organic Units/OU=Users/CN=crabint1/CN=373708/CN=Robot: CMS CRAB Integration 1
DEBUG 2026-08-12 12:44:19.461 UTC: 	 Executing command :
 voms-proxy-info --identity --file /tmp/x509up_u178888
DEBUG 2026-08-12 12:44:19.509 UTC: 	 output : /DC=ch/DC=cern/OU=Organic Units/OU=Users/CN=ffiore/CN=883264/CN=Francesca Fiore

 error: 
 retcode : 0
DEBUG 2026-08-12 12:44:19.509 UTC: 	 Getting myproxy life time left for 1108dd7240a979e136768c977b197b9a1dace71c
DEBUG 2026-08-12 12:44:19.509 UTC: 	 Executing command :
 myproxy-info -s myproxy.cern.ch -l 1108dd7240a979e136768c977b197b9a1dace71c
DEBUG 2026-08-12 12:44:19.910 UTC: 	 output : username: 1108dd7240a979e136768c977b197b9a1dace71c
owner: /DC=ch/DC=cern/OU=Organic Units/OU=Users/CN=ffiore/CN=883264/CN=Francesca Fiore
  renewal policy: /DC=ch/DC=cern/OU=Organic Units/OU=Users/CN=cmscrab/CN=(817881|373708)/CN=Robot: cms crab|/DC=ch/DC=cern/OU=Organic Units/OU=Users/CN=crabint1/CN=373708/CN=Robot: CMS CRAB Integration 1
  trusted retrieval policy: /DC=ch/DC=cern/OU=Organic Units/OU=Users/CN=cmscrab/CN=(817881|373708)/CN=Robot: cms crab|/DC=ch/DC=cern/OU=Organic Units/OU=Users/CN=crabint1/CN=373708/CN=Robot: CMS CRAB Integration 1
  timeleft: 188:38:25  (7.9 days)

 error: 
 retcode : 0
DEBUG 2026-08-12 12:44:19.910 UTC: 	 Myproxy is valid: 679080
DEBUG 2026-08-12 12:44:19.910 UTC: 	 Executing command :
 openssl x509 -noout -dates -in ~/.globus/usercert.pem
DEBUG 2026-08-12 12:44:20.049 UTC: 	 output : notBefore=Nov  3 11:05:25 2025 GMT
notAfter=Dec  8 11:05:25 2026 GMT

 error: 
 retcode : 0
DEBUG 2026-08-12 12:44:20.076 UTC: 	 Delegating a myproxy for 720:00 hours
DEBUG 2026-08-12 12:44:20.076 UTC: 	 Executing command :
 export GT_PROXY_MODE=rfc ; myproxy-init -d -n -s myproxy.cern.ch -C ~/.globus/usercert.pem -y ~/.globus/userkey.pem -x -R '/DC=ch/DC=cern/OU=Organic Units/OU=Users/CN=cmscrab/CN=(817881|373708)/CN=Robot: cms crab|/DC=ch/DC=cern/OU=Organic Units/OU=Users/CN=crabint1/CN=373708/CN=Robot: CMS CRAB Integration 1' -x -Z '/DC=ch/DC=cern/OU=Organic Units/OU=Users/CN=cmscrab/CN=(817881|373708)/CN=Robot: cms crab|/DC=ch/DC=cern/OU=Organic Units/OU=Users/CN=crabint1/CN=373708/CN=Robot: CMS CRAB Integration 1' -l 1108dd7240a979e136768c977b197b9a1dace71c -t 168 -c 720:00
DEBUG 2026-08-12 12:44:20.377 UTC: 	 output : Your identity: /DC=ch/DC=cern/OU=Organic Units/OU=Users/CN=ffiore/CN=883264/CN=Francesca Fiore
Creating proxy .................................................................................... Done
Proxy Verify OK
Your proxy is valid until: Fri Sep 11 14:44:20 2026
A proxy valid for 720 hours (30.0 days) for user 1108dd7240a979e136768c977b197b9a1dace71c now exists on myproxy.cern.ch.

 error: 
 retcode : 0
DEBUG 2026-08-12 12:44:20.377 UTC: 	 Executing command :
 myproxy-info -s myproxy.cern.ch -l 1108dd7240a979e136768c977b197b9a1dace71c
DEBUG 2026-08-12 12:44:20.678 UTC: 	 output : username: 1108dd7240a979e136768c977b197b9a1dace71c
owner: /DC=ch/DC=cern/OU=Organic Units/OU=Users/CN=ffiore/CN=883264/CN=Francesca Fiore
  renewal policy: /DC=ch/DC=cern/OU=Organic Units/OU=Users/CN=cmscrab/CN=(817881|373708)/CN=Robot: cms crab|/DC=ch/DC=cern/OU=Organic Units/OU=Users/CN=crabint1/CN=373708/CN=Robot: CMS CRAB Integration 1
  trusted retrieval policy: /DC=ch/DC=cern/OU=Organic Units/OU=Users/CN=cmscrab/CN=(817881|373708)/CN=Robot: cms crab|/DC=ch/DC=cern/OU=Organic Units/OU=Users/CN=crabint1/CN=373708/CN=Robot: CMS CRAB Integration 1
  timeleft: 720:00:00  (30.0 days)

 error: 
 retcode : 0
DEBUG 2026-08-12 12:44:20.678 UTC: 	 My-proxy delegated.
DEBUG 2026-08-12 12:44:20.678 UTC: 	 Result of myproxy credential check:
  Credential exists on myproxy: username: 1108dd7240a979e136768c977b197b9a1dace71c  - validity: 30 days, 0:00:00
DEBUG 2026-08-12 12:44:20.678 UTC: 	 Command use: submit
DEBUG 2026-08-12 12:44:20.678 UTC: 	 Options use: ['crab_sub_2023LHEGS.py']
DEBUG 2026-08-12 12:44:20.679 UTC: 	 Encoded data for curl request: subresource=version
DEBUG 2026-08-12 12:44:20.747 UTC: 	 CRABClient version: v3.260630
DEBUG 2026-08-12 12:44:20.747 UTC: 	 Instance is prod
DEBUG 2026-08-12 12:44:20.748 UTC: 	 Server base url is cmsweb.cern.ch
DEBUG 2026-08-12 12:44:20.748 UTC: 	 Command api workflow
DEBUG 2026-08-12 12:44:20.748 UTC: 	 Started submission
DEBUG 2026-08-12 12:44:20.748 UTC: 	 Working on /afs/cern.ch/user/f/ffiore/work/produzione/crab_MC_private/VBS_semilep_ZZ_EWK_2023LHEGS_v12/crab_VBS_semilep_ZZ_EWK_2023LHEGS_v12
DEBUG 2026-08-12 12:44:20.846 UTC: 	 Loading required information from the environment
DEBUG 2026-08-12 12:44:20.846 UTC: 	 Found CMSSW_13_0_14 for el8_amd64_gcc11 with base /afs/cern.ch/user/f/ffiore/work/produzione/crab_MC_private/CMSSW_13_0_14
DEBUG 2026-08-12 12:44:20.846 UTC: 	 UNIQUE NAME: tarUUID ce81e195-49ce-44f0-a097-da98c1c828e7 
DEBUG 2026-08-12 12:44:20.846 UTC: 	 self.config: from WMCore.Configuration import Configuration
config = Configuration()
config.section_('General')
config.General.workArea = 'VBS_semilep_ZZ_EWK_2023LHEGS_v12'
config.General.requestName = 'VBS_semilep_ZZ_EWK_2023LHEGS_v12'
config.section_('JobType')
config.JobType.inputFiles = ['CMSSW_13_0_14.tar.gz', 'modifyCfg.py', 'copy_gridpack.py', 'get_disk_files.py', 'runners/2023LHEGS_SMP/run_chain_Run3.sh', 'runners/2023LHEGS_SMP/chain_step_0_LHEGS.sh', 'runners/2023LHEGS_SMP/chain_step_1_DRPreMix.sh', 'runners/2023LHEGS_SMP/chain_step_4_MiniAOD.sh', 'runners/2023LHEGS_SMP/chain_step_5_NanoAOD.sh', 'Run3/Summer23/cfg_Run3Summer23DRPremix.py', 'Run3/Summer23/cfg_Run3Summer23digiRAW.py', 'Run3/Summer23/cfg_Run3Summer23MiniAODv4.py', 'Run3/Summer23/cfg_Run3Summer23NanoAODv12.py', 'Run3/Summer23/cfg_Run3Summer23wmLHEGS.py']
config.JobType.eventsPerLumi = 20
config.JobType.numCores = 4
config.JobType.allowUndistributedCMSSW = True
config.JobType.psetName = 'do_nothing_cfg.py'
config.JobType.scriptExe = 'runners/2023LHEGS_SMP/run_chain_Run3.sh'
config.JobType.disableAutomaticOutputCollection = False
config.JobType.maxMemoryMB = 8000
config.JobType.pluginName = 'PrivateMC'
config.JobType.outputFiles = ['Run3Summer23NanoAODv12.root']
config.JobType.scriptArgs = ['inputGridpack=/eos/user/f/ffiore/VBS/Gridpacks/ZZ/VBS_ZZ_semilep_el8_amd64_gcc10_CMSSW_12_4_8_tarball.tar.xz', 'nEvents=20', 'nThreads=4']
config.section_('Data')
config.Data.outLFNDirBase = '/store/user/ffiore/'
config.Data.outputDatasetTag = 'VBS_semilep_ZZ_EWK_2023LHEGS_v12'
config.Data.outputPrimaryDataset = 'VBS_semilep_ZZ_EWK_2023LHEGS_v12'
config.Data.publication = False
config.Data.totalUnits = 40
config.Data.splitting = 'EventBased'
config.Data.unitsPerJob = 20
config.section_('User')
config.section_('Site')
config.Site.storageSite = 'T2_IT_Legnaro'

DEBUG 2026-08-12 12:44:20.847 UTC: 	 self.config.JobType.psetName: do_nothing_cfg.py
INFO 2026-08-12 12:44:20.849 UTC: 	 Importing CMSSW configuration do_nothing_cfg.py
INFO 2026-08-12 12:44:21.599 UTC: 	 Finished importing CMSSW configuration do_nothing_cfg.py
INFO 2026-08-12 12:44:21.600 UTC: 	 You are requesting more than 1 core per job. Please make sure that your multi-threaded code is thread-safe and CPU-efficient, and request the correct amount of memory since the default 'maxMemoryMB' value is meant for single core jobs.
DEBUG 2026-08-12 12:44:21.600 UTC: 	 Writing CMSSW configuration to /afs/cern.ch/user/f/ffiore/work/produzione/crab_MC_private/VBS_semilep_ZZ_EWK_2023LHEGS_v12/crab_VBS_semilep_ZZ_EWK_2023LHEGS_v12/inputs/PSet.py
DEBUG 2026-08-12 12:44:21.614 UTC: 	 The following EDM output files will be collected: []
DEBUG 2026-08-12 12:44:21.614 UTC: 	 The following TFile output files will be collected: []
WARNING 2026-08-12 12:44:21.614 UTC: 	 The following user output files (not listed as PoolOuputModule or TFileService in the CMSSW PSet) will be collected: 'Run3Summer23NanoAODv12.root'
DEBUG 2026-08-12 12:44:21.614 UTC: 	 Loading required information from the environment
DEBUG 2026-08-12 12:44:21.614 UTC: 	 Found CMSSW_13_0_14 for el8_amd64_gcc11 with base /afs/cern.ch/user/f/ffiore/work/produzione/crab_MC_private/CMSSW_13_0_14
DEBUG 2026-08-12 12:44:21.614 UTC: 	 Making tarball in /afs/cern.ch/user/f/ffiore/work/produzione/crab_MC_private/VBS_semilep_ZZ_EWK_2023LHEGS_v12/crab_VBS_semilep_ZZ_EWK_2023LHEGS_v12/inputs/ce81e195-49ce-44f0-a097-da98c1c828e7default.tgz
DEBUG 2026-08-12 12:44:21.616 UTC: 	 Checking directory /afs/cern.ch/user/f/ffiore/work/produzione/crab_MC_private/CMSSW_13_0_14/bin
DEBUG 2026-08-12 12:44:21.616 UTC: 	 Adding directory /afs/cern.ch/user/f/ffiore/work/produzione/crab_MC_private/CMSSW_13_0_14/bin to tarball
DEBUG 2026-08-12 12:44:21.627 UTC: 	 Checking directory /afs/cern.ch/user/f/ffiore/work/produzione/crab_MC_private/CMSSW_13_0_14/python
DEBUG 2026-08-12 12:44:21.627 UTC: 	 Adding directory /afs/cern.ch/user/f/ffiore/work/produzione/crab_MC_private/CMSSW_13_0_14/python to tarball
DEBUG 2026-08-12 12:44:21.628 UTC: 	 Checking directory /afs/cern.ch/user/f/ffiore/work/produzione/crab_MC_private/CMSSW_13_0_14/cfipython
DEBUG 2026-08-12 12:44:21.630 UTC: 	 Adding directory /afs/cern.ch/user/f/ffiore/work/produzione/crab_MC_private/CMSSW_13_0_14/cfipython to tarball
DEBUG 2026-08-12 12:44:21.634 UTC: 	 Checking directory /afs/cern.ch/user/f/ffiore/work/produzione/crab_MC_private/CMSSW_13_0_14/lib
DEBUG 2026-08-12 12:44:21.634 UTC: 	 Adding directory /afs/cern.ch/user/f/ffiore/work/produzione/crab_MC_private/CMSSW_13_0_14/lib to tarball
DEBUG 2026-08-12 12:44:21.635 UTC: 	 Checking directory /afs/cern.ch/user/f/ffiore/work/produzione/crab_MC_private/CMSSW_13_0_14/biglib
DEBUG 2026-08-12 12:44:21.635 UTC: 	 Adding directory /afs/cern.ch/user/f/ffiore/work/produzione/crab_MC_private/CMSSW_13_0_14/biglib to tarball
DEBUG 2026-08-12 12:44:21.636 UTC: 	 Checking directory /afs/cern.ch/user/f/ffiore/work/produzione/crab_MC_private/CMSSW_13_0_14/module
DEBUG 2026-08-12 12:44:21.636 UTC: 	 Checking directory /afs/cern.ch/user/f/ffiore/work/produzione/crab_MC_private/CMSSW_13_0_14/config/SCRAM/hooks
DEBUG 2026-08-12 12:44:21.636 UTC: 	 Adding directory /afs/cern.ch/user/f/ffiore/work/produzione/crab_MC_private/CMSSW_13_0_14/config/SCRAM/hooks to tarball
DEBUG 2026-08-12 12:44:21.667 UTC: 	 Adding file CMSSW_13_0_14.tar.gz to tarball
DEBUG 2026-08-12 12:44:21.682 UTC: 	 Adding file modifyCfg.py to tarball
DEBUG 2026-08-12 12:44:21.694 UTC: 	 Adding file copy_gridpack.py to tarball
DEBUG 2026-08-12 12:44:21.698 UTC: 	 Adding file get_disk_files.py to tarball
DEBUG 2026-08-12 12:44:21.701 UTC: 	 Adding file runners/2023LHEGS_SMP/run_chain_Run3.sh to tarball
DEBUG 2026-08-12 12:44:21.704 UTC: 	 Adding file runners/2023LHEGS_SMP/chain_step_0_LHEGS.sh to tarball
DEBUG 2026-08-12 12:44:21.709 UTC: 	 Adding file runners/2023LHEGS_SMP/chain_step_1_DRPreMix.sh to tarball
DEBUG 2026-08-12 12:44:21.713 UTC: 	 Adding file runners/2023LHEGS_SMP/chain_step_4_MiniAOD.sh to tarball
DEBUG 2026-08-12 12:44:21.716 UTC: 	 Adding file runners/2023LHEGS_SMP/chain_step_5_NanoAOD.sh to tarball
DEBUG 2026-08-12 12:44:21.718 UTC: 	 Adding file Run3/Summer23/cfg_Run3Summer23DRPremix.py to tarball
DEBUG 2026-08-12 12:44:21.721 UTC: 	 Adding file Run3/Summer23/cfg_Run3Summer23digiRAW.py to tarball
DEBUG 2026-08-12 12:44:26.266 UTC: 	 Adding file Run3/Summer23/cfg_Run3Summer23MiniAODv4.py to tarball
DEBUG 2026-08-12 12:44:26.270 UTC: 	 Adding file Run3/Summer23/cfg_Run3Summer23NanoAODv12.py to tarball
DEBUG 2026-08-12 12:44:26.274 UTC: 	 Adding file Run3/Summer23/cfg_Run3Summer23wmLHEGS.py to tarball
DEBUG 2026-08-12 12:44:26.829 UTC: 	 Uploading archive /afs/cern.ch/user/f/ffiore/work/produzione/crab_MC_private/VBS_semilep_ZZ_EWK_2023LHEGS_v12/crab_VBS_semilep_ZZ_EWK_2023LHEGS_v12/inputs/ce81e195-49ce-44f0-a097-da98c1c828e7default.tgz (5.142578.1 MB) to the CRAB cache.
DEBUG 2026-08-12 12:44:28.569 UTC: 	 Encoded data for curl request: subresource=upload&objecttype=sandbox&tarballname=7ed6e5b44598f438a161715ec666cd4e5d0997f41b38fe7901a5bd3a27e8da73.tar.gz
DEBUG 2026-08-12 12:44:28.654 UTC: 	 Will execute:
curl -f -v -X POST  -H "User-Agent: CRAB" -F "key=ffiore/sandboxes/7ed6e5b44598f438a161715ec666cd4e5d0997f41b38fe7901a5bd3a27e8da73.tar.gz" -F "AWSAccessKeyId=715203df6482458ba839e73e6dab634b" -F "policy=eyJleHBpcmF0aW9uIjogIjIwMjYtMDgtMTJUMTM6NDQ6MjhaIiwgImNvbmRpdGlvbnMiOiBbeyJidWNrZXQiOiAiY3JhYmNhY2hlX3Byb2QifSwgeyJrZXkiOiAiZmZpb3JlL3NhbmRib3hlcy83ZWQ2ZTViNDQ1OThmNDM4YTE2MTcxNWVjNjY2Y2Q0ZTVkMDk5N2Y0MWIzOGZlNzkwMWE1YmQzYTI3ZThkYTczLnRhci5neiJ9XX0=" -F "signature=AdLuof5L9Dy9/p+j0DCu4M38G40=" -F "file=@/afs/cern.ch/user/f/ffiore/work/produzione/crab_MC_private/VBS_semilep_ZZ_EWK_2023LHEGS_v12/crab_VBS_semilep_ZZ_EWK_2023LHEGS_v12/inputs/ce81e195-49ce-44f0-a097-da98c1c828e7default.tgz" "https://s3.cern.ch/crabcache_prod"
DEBUG 2026-08-12 12:44:29.804 UTC: 	 exitcode: 0
stdout: b''
DEBUG 2026-08-12 12:44:29.804 UTC: 	 upload to S3 of sandbox /afs/cern.ch/user/f/ffiore/work/produzione/crab_MC_private/VBS_semilep_ZZ_EWK_2023LHEGS_v12/crab_VBS_semilep_ZZ_EWK_2023LHEGS_v12/inputs/ce81e195-49ce-44f0-a097-da98c1c828e7default.tgz completed
DEBUG 2026-08-12 12:44:29.804 UTC: 	 make sure that object is ready for retrieve
DEBUG 2026-08-12 12:44:30.806 UTC: 	 Encoded data for curl request: subresource=download&objecttype=sandbox&tarballname=7ed6e5b44598f438a161715ec666cd4e5d0997f41b38fe7901a5bd3a27e8da73.tar.gz&clientmethod=head_object
DEBUG 2026-08-12 12:44:30.852 UTC: 	 PreSignedUrl to download sandbox received OK
DEBUG 2026-08-12 12:44:30.855 UTC: 	 Will execute:
 curl -v -s -f -o /dev/null --head  "https://s3.cern.ch/crabcache_prod/ffiore/sandboxes/7ed6e5b44598f438a161715ec666cd4e5d0997f41b38fe7901a5bd3a27e8da73.tar.gz?AWSAccessKeyId=715203df6482458ba839e73e6dab634b&Signature=AeshmxisRwM1%2FgKro70cyJvy3wc%3D&Expires=1786542270"
DEBUG 2026-08-12 12:44:30.895 UTC: 	 exitcode: 0
stdout: b''
DEBUG 2026-08-12 12:44:30.895 UTC: 	 sandbox /afs/cern.ch/user/f/ffiore/work/produzione/crab_MC_private/VBS_semilep_ZZ_EWK_2023LHEGS_v12/crab_VBS_semilep_ZZ_EWK_2023LHEGS_v12/inputs/ce81e195-49ce-44f0-a097-da98c1c828e7default.tgz successfully uploaded to S3
DEBUG 2026-08-12 12:44:30.895 UTC: 	 Loading required information from the environment
DEBUG 2026-08-12 12:44:30.896 UTC: 	 Found CMSSW_13_0_14 for el8_amd64_gcc11 with base /afs/cern.ch/user/f/ffiore/work/produzione/crab_MC_private/CMSSW_13_0_14
DEBUG 2026-08-12 12:44:30.896 UTC: 	 Making tarball in /afs/cern.ch/user/f/ffiore/work/produzione/crab_MC_private/VBS_semilep_ZZ_EWK_2023LHEGS_v12/crab_VBS_semilep_ZZ_EWK_2023LHEGS_v12/inputs/debugFiles.tgz
DEBUG 2026-08-12 12:44:30.912 UTC: 	 Uploading archive /afs/cern.ch/user/f/ffiore/work/produzione/crab_MC_private/VBS_semilep_ZZ_EWK_2023LHEGS_v12/crab_VBS_semilep_ZZ_EWK_2023LHEGS_v12/inputs/debugFiles.tgz (1 KB) to the CRAB cache.
DEBUG 2026-08-12 12:44:30.916 UTC: 	 Encoded data for curl request: subresource=upload&objecttype=sandbox&tarballname=39b51909eb0ce8ea1ba61e6aadd877fb0392e61f45ea9784e405ce621ace9784.tar.gz
DEBUG 2026-08-12 12:44:31.058 UTC: 	 Will execute:
curl -f -v -X POST  -H "User-Agent: CRAB" -F "key=ffiore/sandboxes/39b51909eb0ce8ea1ba61e6aadd877fb0392e61f45ea9784e405ce621ace9784.tar.gz" -F "AWSAccessKeyId=715203df6482458ba839e73e6dab634b" -F "policy=eyJleHBpcmF0aW9uIjogIjIwMjYtMDgtMTJUMTM6NDQ6MzFaIiwgImNvbmRpdGlvbnMiOiBbeyJidWNrZXQiOiAiY3JhYmNhY2hlX3Byb2QifSwgeyJrZXkiOiAiZmZpb3JlL3NhbmRib3hlcy8zOWI1MTkwOWViMGNlOGVhMWJhNjFlNmFhZGQ4NzdmYjAzOTJlNjFmNDVlYTk3ODRlNDA1Y2U2MjFhY2U5Nzg0LnRhci5neiJ9XX0=" -F "signature=U6bgmR46v2jAU3SSmU015r2GVsM=" -F "file=@/afs/cern.ch/user/f/ffiore/work/produzione/crab_MC_private/VBS_semilep_ZZ_EWK_2023LHEGS_v12/crab_VBS_semilep_ZZ_EWK_2023LHEGS_v12/inputs/debugFiles.tgz" "https://s3.cern.ch/crabcache_prod"
DEBUG 2026-08-12 12:44:31.109 UTC: 	 exitcode: 0
stdout: b''
DEBUG 2026-08-12 12:44:31.110 UTC: 	 upload to S3 of sandbox /afs/cern.ch/user/f/ffiore/work/produzione/crab_MC_private/VBS_semilep_ZZ_EWK_2023LHEGS_v12/crab_VBS_semilep_ZZ_EWK_2023LHEGS_v12/inputs/debugFiles.tgz completed
DEBUG 2026-08-12 12:44:31.110 UTC: 	 make sure that object is ready for retrieve
DEBUG 2026-08-12 12:44:32.113 UTC: 	 Encoded data for curl request: subresource=download&objecttype=sandbox&tarballname=39b51909eb0ce8ea1ba61e6aadd877fb0392e61f45ea9784e405ce621ace9784.tar.gz&clientmethod=head_object
DEBUG 2026-08-12 12:44:32.158 UTC: 	 PreSignedUrl to download sandbox received OK
DEBUG 2026-08-12 12:44:32.163 UTC: 	 Will execute:
 curl -v -s -f -o /dev/null --head  "https://s3.cern.ch/crabcache_prod/ffiore/sandboxes/39b51909eb0ce8ea1ba61e6aadd877fb0392e61f45ea9784e405ce621ace9784.tar.gz?AWSAccessKeyId=715203df6482458ba839e73e6dab634b&Signature=FL04e2HmC48LScjgf27KrucVB04%3D&Expires=1786542272"
DEBUG 2026-08-12 12:44:32.201 UTC: 	 exitcode: 0
stdout: b''
DEBUG 2026-08-12 12:44:32.201 UTC: 	 sandbox /afs/cern.ch/user/f/ffiore/work/produzione/crab_MC_private/VBS_semilep_ZZ_EWK_2023LHEGS_v12/crab_VBS_semilep_ZZ_EWK_2023LHEGS_v12/inputs/debugFiles.tgz successfully uploaded to S3
DEBUG 2026-08-12 12:44:32.201 UTC: 	 Result uploading input files: 7ed6e5b44598f438a161715ec666cd4e5d0997f41b38fe7901a5bd3a27e8da73.tar.gz 
DEBUG 2026-08-12 12:44:32.201 UTC: 	 submit() - self.configuration from WMCore.Configuration import Configuration
config = Configuration()
config.section_('General')
config.General.workArea = 'VBS_semilep_ZZ_EWK_2023LHEGS_v12'
config.General.requestName = 'VBS_semilep_ZZ_EWK_2023LHEGS_v12'
config.section_('JobType')
config.JobType.inputFiles = ['CMSSW_13_0_14.tar.gz', 'modifyCfg.py', 'copy_gridpack.py', 'get_disk_files.py', 'runners/2023LHEGS_SMP/run_chain_Run3.sh', 'runners/2023LHEGS_SMP/chain_step_0_LHEGS.sh', 'runners/2023LHEGS_SMP/chain_step_1_DRPreMix.sh', 'runners/2023LHEGS_SMP/chain_step_4_MiniAOD.sh', 'runners/2023LHEGS_SMP/chain_step_5_NanoAOD.sh', 'Run3/Summer23/cfg_Run3Summer23DRPremix.py', 'Run3/Summer23/cfg_Run3Summer23digiRAW.py', 'Run3/Summer23/cfg_Run3Summer23MiniAODv4.py', 'Run3/Summer23/cfg_Run3Summer23NanoAODv12.py', 'Run3/Summer23/cfg_Run3Summer23wmLHEGS.py']
config.JobType.eventsPerLumi = 20
config.JobType.numCores = 4
config.JobType.allowUndistributedCMSSW = True
config.JobType.psetName = 'do_nothing_cfg.py'
config.JobType.scriptExe = 'runners/2023LHEGS_SMP/run_chain_Run3.sh'
config.JobType.disableAutomaticOutputCollection = False
config.JobType.maxMemoryMB = 8000
config.JobType.pluginName = 'PrivateMC'
config.JobType.outputFiles = ['Run3Summer23NanoAODv12.root']
config.JobType.scriptArgs = ['inputGridpack=/eos/user/f/ffiore/VBS/Gridpacks/ZZ/VBS_ZZ_semilep_el8_amd64_gcc10_CMSSW_12_4_8_tarball.tar.xz', 'nEvents=20', 'nThreads=4']
config.section_('Data')
config.Data.outLFNDirBase = '/store/user/ffiore/'
config.Data.outputDatasetTag = 'VBS_semilep_ZZ_EWK_2023LHEGS_v12'
config.Data.outputPrimaryDataset = 'VBS_semilep_ZZ_EWK_2023LHEGS_v12'
config.Data.publication = False
config.Data.totalUnits = 40
config.Data.splitting = 'EventBased'
config.Data.unitsPerJob = 20
config.section_('User')
config.section_('Site')
config.Site.storageSite = 'T2_IT_Legnaro'

DEBUG 2026-08-12 12:44:32.202 UTC: 	 submit() - self.configreq {'dryrun': 0, 'workflow': 'crab_VBS_semilep_ZZ_EWK_2023LHEGS_v12', 'saveoutput': 1, 'savelogsflag': 0, 'primarydataset': 'VBS_semilep_ZZ_EWK_2023LHEGS_v12', 'nonvaliddata': 0, 'userfiles': [], 'dbsurl': 'https://cmsweb.cern.ch/dbs/prod/global/DBSReader', 'useparent': 0, 'ignorelocality': 0, 'splitalgo': 'EventBased', 'algoargs': 20, 'totalunits': 40, 'lfn': '/store/user/ffiore/', 'publication': 0, 'publishdbsurl': 'https://cmsweb.cern.ch/dbs/prod/phys03/DBSWriter', 'publishname2': 'VBS_semilep_ZZ_EWK_2023LHEGS_v12', 'jobtype': 'PrivateMC', 'generator': 'pythia', 'addoutputfiles': ['Run3Summer23NanoAODv12.root'], 'maxjobruntime': 1250, 'numcores': 4, 'maxmemory': 8000, 'priority': 10, 'nonprodsw': 1, 'scriptexe': 'run_chain_Run3.sh', 'scriptargs': ['inputGridpack=/eos/user/f/ffiore/VBS/Gridpacks/ZZ/VBS_ZZ_semilep_el8_amd64_gcc10_CMSSW_12_4_8_tarball.tar.xz', 'nEvents=20', 'nThreads=4'], 'asyncdest': 'T2_IT_Legnaro', 'requireaccelerator': 0, 'oneEventMode': 0, 'extrajdl': [], 'ignoreglobalblacklist': 0, 'partialdataset': 0, 'inputblocks': [], 'eventsperlumi': 20}
DEBUG 2026-08-12 12:44:32.202 UTC: 	 submit() - jobconfig {'addoutputfiles': ['Run3Summer23NanoAODv12.root'], 'tfileoutfiles': [], 'edmoutfiles': [], 'jobarch': 'el8_amd64_gcc11', 'jobminuarch': 'any', 'jobsw': 'CMSSW_13_0_14', 'cachefilename': '7ed6e5b44598f438a161715ec666cd4e5d0997f41b38fe7901a5bd3a27e8da73.tar.gz', 'debugfilename': '39b51909eb0ce8ea1ba61e6aadd877fb0392e61f45ea9784e405ce621ace9784.tar.gz', 'jobtype': 'PrivateMC', 'primarydataset': 'VBS_semilep_ZZ_EWK_2023LHEGS_v12'}
INFO 2026-08-12 12:44:32.202 UTC: 	 Sending the request to the server at cmsweb.cern.ch
DEBUG 2026-08-12 12:44:32.202 UTC: 	 Submitting {'dryrun': 0, 'workflow': 'crab_VBS_semilep_ZZ_EWK_2023LHEGS_v12', 'saveoutput': 1, 'savelogsflag': 0, 'primarydataset': 'VBS_semilep_ZZ_EWK_2023LHEGS_v12', 'nonvaliddata': 0, 'userfiles': [], 'dbsurl': 'https://cmsweb.cern.ch/dbs/prod/global/DBSReader', 'useparent': 0, 'ignorelocality': 0, 'splitalgo': 'EventBased', 'algoargs': 20, 'totalunits': 40, 'lfn': '/store/user/ffiore/', 'publication': 0, 'publishdbsurl': 'https://cmsweb.cern.ch/dbs/prod/phys03/DBSWriter', 'publishname2': 'VBS_semilep_ZZ_EWK_2023LHEGS_v12', 'jobtype': 'PrivateMC', 'generator': 'pythia', 'addoutputfiles': ['Run3Summer23NanoAODv12.root'], 'maxjobruntime': 1250, 'numcores': 4, 'maxmemory': 8000, 'priority': 10, 'nonprodsw': 1, 'scriptexe': 'run_chain_Run3.sh', 'scriptargs': ['inputGridpack=/eos/user/f/ffiore/VBS/Gridpacks/ZZ/VBS_ZZ_semilep_el8_amd64_gcc10_CMSSW_12_4_8_tarball.tar.xz', 'nEvents=20', 'nThreads=4'], 'asyncdest': 'T2_IT_Legnaro', 'requireaccelerator': 0, 'oneEventMode': 0, 'extrajdl': [], 'ignoreglobalblacklist': 0, 'partialdataset': 0, 'inputblocks': [], 'eventsperlumi': 20, 'tfileoutfiles': [], 'edmoutfiles': [], 'jobarch': 'el8_amd64_gcc11', 'jobminuarch': 'any', 'jobsw': 'CMSSW_13_0_14', 'cachefilename': '7ed6e5b44598f438a161715ec666cd4e5d0997f41b38fe7901a5bd3a27e8da73.tar.gz', 'debugfilename': '39b51909eb0ce8ea1ba61e6aadd877fb0392e61f45ea9784e405ce621ace9784.tar.gz'} 
DEBUG 2026-08-12 12:44:32.202 UTC: 	 Encoded data for curl request: dryrun=0&workflow=crab_VBS_semilep_ZZ_EWK_2023LHEGS_v12&saveoutput=1&savelogsflag=0&primarydataset=VBS_semilep_ZZ_EWK_2023LHEGS_v12&nonvaliddata=0&dbsurl=https%3A%2F%2Fcmsweb.cern.ch%2Fdbs%2Fprod%2Fglobal%2FDBSReader&useparent=0&ignorelocality=0&splitalgo=EventBased&algoargs=20&totalunits=40&lfn=%2Fstore%2Fuser%2Fffiore%2F&publication=0&publishdbsurl=https%3A%2F%2Fcmsweb.cern.ch%2Fdbs%2Fprod%2Fphys03%2FDBSWriter&publishname2=VBS_semilep_ZZ_EWK_2023LHEGS_v12&jobtype=PrivateMC&generator=pythia&maxjobruntime=1250&numcores=4&maxmemory=8000&priority=10&nonprodsw=1&scriptexe=run_chain_Run3.sh&asyncdest=T2_IT_Legnaro&requireaccelerator=0&oneEventMode=0&ignoreglobalblacklist=0&partialdataset=0&eventsperlumi=20&jobarch=el8_amd64_gcc11&jobminuarch=any&jobsw=CMSSW_13_0_14&cachefilename=7ed6e5b44598f438a161715ec666cd4e5d0997f41b38fe7901a5bd3a27e8da73.tar.gz&debugfilename=39b51909eb0ce8ea1ba61e6aadd877fb0392e61f45ea9784e405ce621ace9784.tar.gz&addoutputfiles=Run3Summer23NanoAODv12.root&scriptargs=inputGridpack%3D/eos/user/f/ffiore/VBS/Gridpacks/ZZ/VBS_ZZ_semilep_el8_amd64_gcc10_CMSSW_12_4_8_tarball.tar.xz&scriptargs=nEvents%3D20&scriptargs=nThreads%3D4
DEBUG 2026-08-12 12:44:32.270 UTC: 	 Result: {'result': [{'RequestName': '260812_124432:ffiore_crab_VBS_semilep_ZZ_EWK_2023LHEGS_v12'}]}
INFO 2026-08-12 12:44:32.274 UTC: 	 Success: Your task has been delivered to the prod CRAB3 server.
INFO 2026-08-12 12:44:32.274 UTC: 	 Task name: 260812_124432:ffiore_crab_VBS_semilep_ZZ_EWK_2023LHEGS_v12
INFO 2026-08-12 12:44:32.275 UTC: 	 Project dir: VBS_semilep_ZZ_EWK_2023LHEGS_v12/crab_VBS_semilep_ZZ_EWK_2023LHEGS_v12
INFO 2026-08-12 12:44:32.275 UTC: 	 Please use ' crab status -d VBS_semilep_ZZ_EWK_2023LHEGS_v12/crab_VBS_semilep_ZZ_EWK_2023LHEGS_v12 ' to check how the submission process proceeds.
DEBUG 2026-08-12 12:44:32.275 UTC: 	 About to return
INFO 2026-08-12 12:44:32.279 UTC: 	 Log file is /afs/cern.ch/user/f/ffiore/work/produzione/crab_MC_private/VBS_semilep_ZZ_EWK_2023LHEGS_v12/crab_VBS_semilep_ZZ_EWK_2023LHEGS_v12/crab.log
DEBUG 2026-08-12 12:44:57.765 UTC: 	 CRAB Client version: v3.260630
DEBUG 2026-08-12 12:44:57.766 UTC: 	 Running on: Linux lxplus808.cern.ch 4.18.0-553.144.1.el8_10.x86_64 #1 SMP Mon Jul 13 11:33:25 EDT 2026 x86_64 x86_64 x86_64 GNU/Linux
DEBUG 2026-08-12 12:44:57.766 UTC: 	 Not using Singularity
DEBUG 2026-08-12 12:44:57.766 UTC: 	 Operating System: Red Hat Enterprise Linux 8.10 (Ootpa)
DEBUG 2026-08-12 12:44:57.766 UTC: 	 Executing command: 'status'
DEBUG 2026-08-12 12:44:57.766 UTC: 	 Found CRAB cache file /afs/cern.ch/user/f/ffiore/.crab3
DEBUG 2026-08-12 12:44:57.775 UTC: 	 Checking credentials
DEBUG 2026-08-12 12:44:57.775 UTC: 	 Found proxy file /tmp/x509up_u178888
DEBUG 2026-08-12 12:44:57.775 UTC: 	 Making sure it has proper VOMS extension
DEBUG 2026-08-12 12:44:57.775 UTC: 	 Executing command :
 voms-proxy-info --vo --file /tmp/x509up_u178888
DEBUG 2026-08-12 12:44:57.803 UTC: 	 output : cms

 error: 
 retcode : 0
DEBUG 2026-08-12 12:44:57.804 UTC: 	 Getting proxy life time left
DEBUG 2026-08-12 12:44:57.804 UTC: 	 Executing command :
 voms-proxy-info --actimeleft --timeleft --file /tmp/x509up_u178888
DEBUG 2026-08-12 12:44:57.838 UTC: 	 output : 604728
604728

 error: 
 retcode : 0
DEBUG 2026-08-12 12:44:57.838 UTC: 	 Proxy valid for 167:58:48 hours
DEBUG 2026-08-12 12:44:57.838 UTC: 	 Encoded data for curl request: subresource=delegatedn
DEBUG 2026-08-12 12:44:57.898 UTC: 	 Registering user credentials on myproxy for /DC=ch/DC=cern/OU=Organic Units/OU=Users/CN=cmscrab/CN=(817881|373708)/CN=Robot: cms crab|/DC=ch/DC=cern/OU=Organic Units/OU=Users/CN=crabint1/CN=373708/CN=Robot: CMS CRAB Integration 1
DEBUG 2026-08-12 12:44:57.899 UTC: 	 Executing command :
 voms-proxy-info --identity --file /tmp/x509up_u178888
DEBUG 2026-08-12 12:44:58.020 UTC: 	 output : /DC=ch/DC=cern/OU=Organic Units/OU=Users/CN=ffiore/CN=883264/CN=Francesca Fiore

 error: 
 retcode : 0
DEBUG 2026-08-12 12:44:58.020 UTC: 	 Getting myproxy life time left for 1108dd7240a979e136768c977b197b9a1dace71c
DEBUG 2026-08-12 12:44:58.020 UTC: 	 Executing command :
 myproxy-info -s myproxy.cern.ch -l 1108dd7240a979e136768c977b197b9a1dace71c
DEBUG 2026-08-12 12:44:58.366 UTC: 	 output : username: 1108dd7240a979e136768c977b197b9a1dace71c
owner: /DC=ch/DC=cern/OU=Organic Units/OU=Users/CN=ffiore/CN=883264/CN=Francesca Fiore
  renewal policy: /DC=ch/DC=cern/OU=Organic Units/OU=Users/CN=cmscrab/CN=(817881|373708)/CN=Robot: cms crab|/DC=ch/DC=cern/OU=Organic Units/OU=Users/CN=crabint1/CN=373708/CN=Robot: CMS CRAB Integration 1
  trusted retrieval policy: /DC=ch/DC=cern/OU=Organic Units/OU=Users/CN=cmscrab/CN=(817881|373708)/CN=Robot: cms crab|/DC=ch/DC=cern/OU=Organic Units/OU=Users/CN=crabint1/CN=373708/CN=Robot: CMS CRAB Integration 1
  timeleft: 719:59:22  (30.0 days)

 error: 
 retcode : 0
DEBUG 2026-08-12 12:44:58.367 UTC: 	 Myproxy is valid: 2591940
DEBUG 2026-08-12 12:44:58.367 UTC: 	 Result of myproxy credential check:
  Credential exists on myproxy: username: 1108dd7240a979e136768c977b197b9a1dace71c  - validity: 29 days, 23:59:00
DEBUG 2026-08-12 12:44:58.367 UTC: 	 Retrieving username ...
DEBUG 2026-08-12 12:44:58.367 UTC: 	 Retrieving username from CRIC...
DEBUG 2026-08-12 12:44:59.454 UTC: 	 username is ffiore
INFO 2026-08-12 12:45:14.172 UTC: 	 Rucio client intialized for account ffiore
DEBUG 2026-08-12 12:45:14.172 UTC: 	 Command use: status
DEBUG 2026-08-12 12:45:14.172 UTC: 	 Options use: ['-d', 'VBS_semilep_ZZ_EWK_2023LHEGS_v12/crab_VBS_semilep_ZZ_EWK_2023LHEGS_v12']
DEBUG 2026-08-12 12:45:14.172 UTC: 	 Encoded data for curl request: subresource=version
DEBUG 2026-08-12 12:45:14.524 UTC: 	 CRABClient version: v3.260630
DEBUG 2026-08-12 12:45:14.524 UTC: 	 Instance is prod
DEBUG 2026-08-12 12:45:14.524 UTC: 	 Server base url is cmsweb.cern.ch
DEBUG 2026-08-12 12:45:14.524 UTC: 	 Command api workflow
DEBUG 2026-08-12 12:45:14.524 UTC: 	 Encoded data for curl request: subresource=search&workflow=260812_124432%3Affiore_crab_VBS_semilep_ZZ_EWK_2023LHEGS_v12
DEBUG 2026-08-12 12:45:14.823 UTC: 	 Got information from server oracle database: {'desc': {'columns': ['tm_taskname', 'tm_activity', 'tm_task_status', 'tm_task_command', 'tm_start_time', 'tm_start_injection', 'tm_end_injection', 'tm_task_failure', 'tm_job_sw', 'tm_job_arch', 'tm_input_dataset', 'tm_nonvalid_input_dataset', 'tm_use_parent', 'tm_site_whitelist', 'tm_site_blacklist', 'tm_split_algo', 'tm_split_args', 'tm_user_sandbox', 'tm_cache_url', 'tm_username', 'tm_user_dn', 'tm_user_vo', 'tm_user_role', 'tm_user_group', 'tm_publish_name', 'tm_publish_groupname', 'tm_asyncdest', 'tm_dbs_url', 'tm_publish_dbs_url', 'tm_publication', 'tm_outfiles', 'tm_tfile_outfiles', 'tm_edm_outfiles', 'tm_job_type', 'tm_generator', 'tm_events_per_lumi', 'tm_arguments', 'tm_save_logs', 'tw_name', 'tm_user_infiles', 'tm_maxjobruntime', 'tm_numcores', 'tm_maxmemory', 'tm_priority', 'tm_output_dataset', 'tm_task_warnings', 'tm_user_webdir', 'tm_scriptexe', 'tm_scriptargs', 'tm_extrajdl', 'tm_collector', 'tm_schedd', 'tm_dry_run', 'tm_user_files', 'tm_transfer_outputs', 'tm_output_lfn', 'tm_ignore_locality', 'tm_fail_limit', 'tm_one_event_mode', 'tm_secondary_input_dataset', 'tm_primary_dataset', 'tm_last_publication', 'tm_debug_files', 'clusterid', 'tm_ignore_global_blacklist', 'tm_submitter_ip_addr', 'tm_totalunits', 'tm_ddm_reqid', 'tm_user_config', 'tm_transfer_container', 'tm_transfer_rule', 'tm_publish_rule', 'tm_multipub_rule', 'tm_job_min_microarch', 'tm_dagman_status', 'tm_num_jobs', 'tm_uploaded']}, 'result': ['260812_124432:ffiore_crab_VBS_semilep_ZZ_EWK_2023LHEGS_v12', 'None', 'SUBMITTED', 'SUBMIT', '2026-08-12 12:44:32.262474', 'None', '2026-08-12 12:44:55.472039', 'None', 'CMSSW_13_0_14', 'el8_amd64_gcc11', 'None', 'F', '0', '[]', '[]', 'EventBased', "{'halt_job_on_file_boundaries': False, 'splitOnRun': False, 'events_per_job': 20, 'runs': [], 'lumis': []}", '7ed6e5b44598f438a161715ec666cd4e5d0997f41b38fe7901a5bd3a27e8da73.tar.gz', 'S3/crabcache_prod', 'ffiore', '/DC=ch/DC=cern/OU=Organic Units/OU=Users/CN=ffiore/CN=883264/CN=Francesca Fiore', 'cms', 'None', 'None', 'VBS_semilep_ZZ_EWK_2023LHEGS_v12-00000000000000000000000000000000', 'F', 'T2_IT_Legnaro', 'https://cmsweb.cern.ch/dbs/prod/global/DBSReader', 'https://cmsweb.cern.ch/dbs/prod/phys03/DBSWriter', 'F', "['Run3Summer23NanoAODv12.root']", '[]', '[]', 'PrivateMC', 'pythia', '20', '{}', 'F', 'crab-prod-tw01', '[]', '1250', '4', '8000', '10', 'None', '[]', 'None', 'run_chain_Run3.sh', "['inputGridpack=/eos/user/f/ffiore/VBS/Gridpacks/ZZ/VBS_ZZ_semilep_el8_amd64_gcc10_CMSSW_12_4_8_tarball.tar.xz', 'nEvents=20', 'nThreads=4']", '[]', 'None', 'crab3@vocms0144.cern.ch', 'F', '[]', 'T', '/store/user/ffiore/', 'F', 'None', 'F', 'None', 'VBS_semilep_ZZ_EWK_2023LHEGS_v12', 'None', '39b51909eb0ce8ea1ba61e6aadd877fb0392e61f45ea9784e405ce621ace9784.tar.gz', '159143620', 'F', '188.185.101.116', '40.0', 'None', '{"partialdataset": false, "requireaccelerator": false, "acceleratorparams": null, "inputblocks": null}', 'None', 'None', 'None', 'None', 'any', 'NOT_READY', '2', 'T']}
INFO 2026-08-12 12:45:14.823 UTC: 	 CRAB project directory:		/afs/cern.ch/user/f/ffiore/work/produzione/crab_MC_private/VBS_semilep_ZZ_EWK_2023LHEGS_v12/crab_VBS_semilep_ZZ_EWK_2023LHEGS_v12
INFO 2026-08-12 12:45:14.823 UTC: 	 Task name:			260812_124432:ffiore_crab_VBS_semilep_ZZ_EWK_2023LHEGS_v12
INFO 2026-08-12 12:45:14.823 UTC: 	 Grid scheduler - Task Worker:	crab3@vocms0144.cern.ch - crab-prod-tw01
INFO 2026-08-12 12:45:14.823 UTC: 	 Status on the CRAB server:	SUBMITTED
INFO 2026-08-12 12:45:14.823 UTC: 	 Task URL to use for HELP:	https://cmsweb.cern.ch/crabserver/ui/task/260812_124432%3Affiore_crab_VBS_semilep_ZZ_EWK_2023LHEGS_v12
INFO 2026-08-12 12:45:14.843 UTC: 	 Dashboard monitoring URL:	https://monit-grafana.cern.ch/d/cmsTMDetail/cms-task-monitoring-task-view?orgId=11&var-user=ffiore&var-task=260812_124432%3Affiore_crab_VBS_semilep_ZZ_EWK_2023LHEGS_v12&from=1786535072000&to=now
DEBUG 2026-08-12 12:45:14.843 UTC: 	 The CRAB server submitted your task to the Grid scheduler (cluster ID: 159143620)
INFO 2026-08-12 12:45:14.843 UTC: 	 Waiting for the Grid scheduler to bootstrap your task
DEBUG 2026-08-12 12:45:14.843 UTC: 	 Schedd has not reported back the webdir (yet)
INFO 2026-08-12 12:45:14.844 UTC: 	 Log file is /afs/cern.ch/user/f/ffiore/work/produzione/crab_MC_private/VBS_semilep_ZZ_EWK_2023LHEGS_v12/crab_VBS_semilep_ZZ_EWK_2023LHEGS_v12/crab.log
DEBUG 2026-08-12 12:45:34.754 UTC: 	 CRAB Client version: v3.260630
DEBUG 2026-08-12 12:45:34.754 UTC: 	 Running on: Linux lxplus808.cern.ch 4.18.0-553.144.1.el8_10.x86_64 #1 SMP Mon Jul 13 11:33:25 EDT 2026 x86_64 x86_64 x86_64 GNU/Linux
DEBUG 2026-08-12 12:45:34.754 UTC: 	 Not using Singularity
DEBUG 2026-08-12 12:45:34.754 UTC: 	 Operating System: Red Hat Enterprise Linux 8.10 (Ootpa)
DEBUG 2026-08-12 12:45:34.754 UTC: 	 Executing command: 'status'
DEBUG 2026-08-12 12:45:34.754 UTC: 	 Found CRAB cache file /afs/cern.ch/user/f/ffiore/.crab3
DEBUG 2026-08-12 12:45:34.766 UTC: 	 Checking credentials
DEBUG 2026-08-12 12:45:34.767 UTC: 	 Found proxy file /tmp/x509up_u178888
DEBUG 2026-08-12 12:45:34.767 UTC: 	 Making sure it has proper VOMS extension
DEBUG 2026-08-12 12:45:34.767 UTC: 	 Executing command :
 voms-proxy-info --vo --file /tmp/x509up_u178888
DEBUG 2026-08-12 12:45:34.824 UTC: 	 output : cms

 error: 
 retcode : 0
DEBUG 2026-08-12 12:45:34.824 UTC: 	 Getting proxy life time left
DEBUG 2026-08-12 12:45:34.824 UTC: 	 Executing command :
 voms-proxy-info --actimeleft --timeleft --file /tmp/x509up_u178888
DEBUG 2026-08-12 12:45:34.882 UTC: 	 output : 604691
604691

 error: 
 retcode : 0
DEBUG 2026-08-12 12:45:34.882 UTC: 	 Proxy valid for 167:58:11 hours
DEBUG 2026-08-12 12:45:34.883 UTC: 	 Encoded data for curl request: subresource=delegatedn
DEBUG 2026-08-12 12:45:34.944 UTC: 	 Registering user credentials on myproxy for /DC=ch/DC=cern/OU=Organic Units/OU=Users/CN=cmscrab/CN=(817881|373708)/CN=Robot: cms crab|/DC=ch/DC=cern/OU=Organic Units/OU=Users/CN=crabint1/CN=373708/CN=Robot: CMS CRAB Integration 1
DEBUG 2026-08-12 12:45:34.944 UTC: 	 Executing command :
 voms-proxy-info --identity --file /tmp/x509up_u178888
DEBUG 2026-08-12 12:45:34.973 UTC: 	 output : /DC=ch/DC=cern/OU=Organic Units/OU=Users/CN=ffiore/CN=883264/CN=Francesca Fiore

 error: 
 retcode : 0
DEBUG 2026-08-12 12:45:34.973 UTC: 	 Getting myproxy life time left for 1108dd7240a979e136768c977b197b9a1dace71c
DEBUG 2026-08-12 12:45:34.973 UTC: 	 Executing command :
 myproxy-info -s myproxy.cern.ch -l 1108dd7240a979e136768c977b197b9a1dace71c
DEBUG 2026-08-12 12:45:35.323 UTC: 	 output : username: 1108dd7240a979e136768c977b197b9a1dace71c
owner: /DC=ch/DC=cern/OU=Organic Units/OU=Users/CN=ffiore/CN=883264/CN=Francesca Fiore
  renewal policy: /DC=ch/DC=cern/OU=Organic Units/OU=Users/CN=cmscrab/CN=(817881|373708)/CN=Robot: cms crab|/DC=ch/DC=cern/OU=Organic Units/OU=Users/CN=crabint1/CN=373708/CN=Robot: CMS CRAB Integration 1
  trusted retrieval policy: /DC=ch/DC=cern/OU=Organic Units/OU=Users/CN=cmscrab/CN=(817881|373708)/CN=Robot: cms crab|/DC=ch/DC=cern/OU=Organic Units/OU=Users/CN=crabint1/CN=373708/CN=Robot: CMS CRAB Integration 1
  timeleft: 719:58:45  (30.0 days)

 error: 
 retcode : 0
DEBUG 2026-08-12 12:45:35.323 UTC: 	 Myproxy is valid: 2591880
DEBUG 2026-08-12 12:45:35.323 UTC: 	 Result of myproxy credential check:
  Credential exists on myproxy: username: 1108dd7240a979e136768c977b197b9a1dace71c  - validity: 29 days, 23:58:00
DEBUG 2026-08-12 12:45:35.323 UTC: 	 Retrieving username ...
DEBUG 2026-08-12 12:45:35.323 UTC: 	 Retrieving username from CRIC...
DEBUG 2026-08-12 12:45:36.286 UTC: 	 username is ffiore
INFO 2026-08-12 12:45:43.054 UTC: 	 Rucio client intialized for account ffiore
DEBUG 2026-08-12 12:45:43.055 UTC: 	 Command use: status
DEBUG 2026-08-12 12:45:43.055 UTC: 	 Options use: ['-d', 'VBS_semilep_ZZ_EWK_2023LHEGS_v12/crab_VBS_semilep_ZZ_EWK_2023LHEGS_v12']
DEBUG 2026-08-12 12:45:43.055 UTC: 	 Encoded data for curl request: subresource=version
DEBUG 2026-08-12 12:45:43.132 UTC: 	 CRABClient version: v3.260630
DEBUG 2026-08-12 12:45:43.132 UTC: 	 Instance is prod
DEBUG 2026-08-12 12:45:43.132 UTC: 	 Server base url is cmsweb.cern.ch
DEBUG 2026-08-12 12:45:43.132 UTC: 	 Command api workflow
DEBUG 2026-08-12 12:45:43.132 UTC: 	 Encoded data for curl request: subresource=search&workflow=260812_124432%3Affiore_crab_VBS_semilep_ZZ_EWK_2023LHEGS_v12
DEBUG 2026-08-12 12:45:43.194 UTC: 	 Got information from server oracle database: {'desc': {'columns': ['tm_taskname', 'tm_activity', 'tm_task_status', 'tm_task_command', 'tm_start_time', 'tm_start_injection', 'tm_end_injection', 'tm_task_failure', 'tm_job_sw', 'tm_job_arch', 'tm_input_dataset', 'tm_nonvalid_input_dataset', 'tm_use_parent', 'tm_site_whitelist', 'tm_site_blacklist', 'tm_split_algo', 'tm_split_args', 'tm_user_sandbox', 'tm_cache_url', 'tm_username', 'tm_user_dn', 'tm_user_vo', 'tm_user_role', 'tm_user_group', 'tm_publish_name', 'tm_publish_groupname', 'tm_asyncdest', 'tm_dbs_url', 'tm_publish_dbs_url', 'tm_publication', 'tm_outfiles', 'tm_tfile_outfiles', 'tm_edm_outfiles', 'tm_job_type', 'tm_generator', 'tm_events_per_lumi', 'tm_arguments', 'tm_save_logs', 'tw_name', 'tm_user_infiles', 'tm_maxjobruntime', 'tm_numcores', 'tm_maxmemory', 'tm_priority', 'tm_output_dataset', 'tm_task_warnings', 'tm_user_webdir', 'tm_scriptexe', 'tm_scriptargs', 'tm_extrajdl', 'tm_collector', 'tm_schedd', 'tm_dry_run', 'tm_user_files', 'tm_transfer_outputs', 'tm_output_lfn', 'tm_ignore_locality', 'tm_fail_limit', 'tm_one_event_mode', 'tm_secondary_input_dataset', 'tm_primary_dataset', 'tm_last_publication', 'tm_debug_files', 'clusterid', 'tm_ignore_global_blacklist', 'tm_submitter_ip_addr', 'tm_totalunits', 'tm_ddm_reqid', 'tm_user_config', 'tm_transfer_container', 'tm_transfer_rule', 'tm_publish_rule', 'tm_multipub_rule', 'tm_job_min_microarch', 'tm_dagman_status', 'tm_num_jobs', 'tm_uploaded']}, 'result': ['260812_124432:ffiore_crab_VBS_semilep_ZZ_EWK_2023LHEGS_v12', 'None', 'SUBMITTED', 'SUBMIT', '2026-08-12 12:44:32.262474', 'None', '2026-08-12 12:44:55.472039', 'None', 'CMSSW_13_0_14', 'el8_amd64_gcc11', 'None', 'F', '0', '[]', '[]', 'EventBased', "{'halt_job_on_file_boundaries': False, 'splitOnRun': False, 'events_per_job': 20, 'runs': [], 'lumis': []}", '7ed6e5b44598f438a161715ec666cd4e5d0997f41b38fe7901a5bd3a27e8da73.tar.gz', 'S3/crabcache_prod', 'ffiore', '/DC=ch/DC=cern/OU=Organic Units/OU=Users/CN=ffiore/CN=883264/CN=Francesca Fiore', 'cms', 'None', 'None', 'VBS_semilep_ZZ_EWK_2023LHEGS_v12-00000000000000000000000000000000', 'F', 'T2_IT_Legnaro', 'https://cmsweb.cern.ch/dbs/prod/global/DBSReader', 'https://cmsweb.cern.ch/dbs/prod/phys03/DBSWriter', 'F', "['Run3Summer23NanoAODv12.root']", '[]', '[]', 'PrivateMC', 'pythia', '20', '{}', 'F', 'crab-prod-tw01', '[]', '1250', '4', '8000', '10', 'None', '[]', 'None', 'run_chain_Run3.sh', "['inputGridpack=/eos/user/f/ffiore/VBS/Gridpacks/ZZ/VBS_ZZ_semilep_el8_amd64_gcc10_CMSSW_12_4_8_tarball.tar.xz', 'nEvents=20', 'nThreads=4']", '[]', 'None', 'crab3@vocms0144.cern.ch', 'F', '[]', 'T', '/store/user/ffiore/', 'F', 'None', 'F', 'None', 'VBS_semilep_ZZ_EWK_2023LHEGS_v12', 'None', '39b51909eb0ce8ea1ba61e6aadd877fb0392e61f45ea9784e405ce621ace9784.tar.gz', '159143620', 'F', '188.185.101.116', '40.0', 'None', '{"partialdataset": false, "requireaccelerator": false, "acceleratorparams": null, "inputblocks": null}', 'None', 'None', 'None', 'None', 'any', 'NOT_READY', '2', 'T']}
INFO 2026-08-12 12:45:43.194 UTC: 	 CRAB project directory:		/afs/cern.ch/user/f/ffiore/work/produzione/crab_MC_private/VBS_semilep_ZZ_EWK_2023LHEGS_v12/crab_VBS_semilep_ZZ_EWK_2023LHEGS_v12
INFO 2026-08-12 12:45:43.195 UTC: 	 Task name:			260812_124432:ffiore_crab_VBS_semilep_ZZ_EWK_2023LHEGS_v12
INFO 2026-08-12 12:45:43.195 UTC: 	 Grid scheduler - Task Worker:	crab3@vocms0144.cern.ch - crab-prod-tw01
INFO 2026-08-12 12:45:43.195 UTC: 	 Status on the CRAB server:	SUBMITTED
INFO 2026-08-12 12:45:43.195 UTC: 	 Task URL to use for HELP:	https://cmsweb.cern.ch/crabserver/ui/task/260812_124432%3Affiore_crab_VBS_semilep_ZZ_EWK_2023LHEGS_v12
INFO 2026-08-12 12:45:43.209 UTC: 	 Dashboard monitoring URL:	https://monit-grafana.cern.ch/d/cmsTMDetail/cms-task-monitoring-task-view?orgId=11&var-user=ffiore&var-task=260812_124432%3Affiore_crab_VBS_semilep_ZZ_EWK_2023LHEGS_v12&from=1786535072000&to=now
DEBUG 2026-08-12 12:45:43.209 UTC: 	 The CRAB server submitted your task to the Grid scheduler (cluster ID: 159143620)
INFO 2026-08-12 12:45:43.209 UTC: 	 Waiting for the Grid scheduler to bootstrap your task
DEBUG 2026-08-12 12:45:43.209 UTC: 	 Schedd has not reported back the webdir (yet)
INFO 2026-08-12 12:45:43.211 UTC: 	 Log file is /afs/cern.ch/user/f/ffiore/work/produzione/crab_MC_private/VBS_semilep_ZZ_EWK_2023LHEGS_v12/crab_VBS_semilep_ZZ_EWK_2023LHEGS_v12/crab.log
DEBUG 2026-08-12 12:45:55.334 UTC: 	 CRAB Client version: v3.260630
DEBUG 2026-08-12 12:45:55.334 UTC: 	 Running on: Linux lxplus808.cern.ch 4.18.0-553.144.1.el8_10.x86_64 #1 SMP Mon Jul 13 11:33:25 EDT 2026 x86_64 x86_64 x86_64 GNU/Linux
DEBUG 2026-08-12 12:45:55.334 UTC: 	 Not using Singularity
DEBUG 2026-08-12 12:45:55.334 UTC: 	 Operating System: Red Hat Enterprise Linux 8.10 (Ootpa)
DEBUG 2026-08-12 12:45:55.334 UTC: 	 Executing command: 'status'
DEBUG 2026-08-12 12:45:55.335 UTC: 	 Found CRAB cache file /afs/cern.ch/user/f/ffiore/.crab3
DEBUG 2026-08-12 12:45:55.347 UTC: 	 Checking credentials
DEBUG 2026-08-12 12:45:55.347 UTC: 	 Found proxy file /tmp/x509up_u178888
DEBUG 2026-08-12 12:45:55.347 UTC: 	 Making sure it has proper VOMS extension
DEBUG 2026-08-12 12:45:55.347 UTC: 	 Executing command :
 voms-proxy-info --vo --file /tmp/x509up_u178888
DEBUG 2026-08-12 12:45:55.412 UTC: 	 output : cms

 error: 
 retcode : 0
DEBUG 2026-08-12 12:45:55.412 UTC: 	 Getting proxy life time left
DEBUG 2026-08-12 12:45:55.412 UTC: 	 Executing command :
 voms-proxy-info --actimeleft --timeleft --file /tmp/x509up_u178888
DEBUG 2026-08-12 12:45:55.460 UTC: 	 output : 604670
604670

 error: 
 retcode : 0
DEBUG 2026-08-12 12:45:55.461 UTC: 	 Proxy valid for 167:57:50 hours
DEBUG 2026-08-12 12:45:55.461 UTC: 	 Encoded data for curl request: subresource=delegatedn
DEBUG 2026-08-12 12:45:55.543 UTC: 	 Registering user credentials on myproxy for /DC=ch/DC=cern/OU=Organic Units/OU=Users/CN=cmscrab/CN=(817881|373708)/CN=Robot: cms crab|/DC=ch/DC=cern/OU=Organic Units/OU=Users/CN=crabint1/CN=373708/CN=Robot: CMS CRAB Integration 1
DEBUG 2026-08-12 12:45:55.543 UTC: 	 Executing command :
 voms-proxy-info --identity --file /tmp/x509up_u178888
DEBUG 2026-08-12 12:45:55.591 UTC: 	 output : /DC=ch/DC=cern/OU=Organic Units/OU=Users/CN=ffiore/CN=883264/CN=Francesca Fiore

 error: 
 retcode : 0
DEBUG 2026-08-12 12:45:55.591 UTC: 	 Getting myproxy life time left for 1108dd7240a979e136768c977b197b9a1dace71c
DEBUG 2026-08-12 12:45:55.591 UTC: 	 Executing command :
 myproxy-info -s myproxy.cern.ch -l 1108dd7240a979e136768c977b197b9a1dace71c
DEBUG 2026-08-12 12:45:56.123 UTC: 	 output : username: 1108dd7240a979e136768c977b197b9a1dace71c
owner: /DC=ch/DC=cern/OU=Organic Units/OU=Users/CN=ffiore/CN=883264/CN=Francesca Fiore
  renewal policy: /DC=ch/DC=cern/OU=Organic Units/OU=Users/CN=cmscrab/CN=(817881|373708)/CN=Robot: cms crab|/DC=ch/DC=cern/OU=Organic Units/OU=Users/CN=crabint1/CN=373708/CN=Robot: CMS CRAB Integration 1
  trusted retrieval policy: /DC=ch/DC=cern/OU=Organic Units/OU=Users/CN=cmscrab/CN=(817881|373708)/CN=Robot: cms crab|/DC=ch/DC=cern/OU=Organic Units/OU=Users/CN=crabint1/CN=373708/CN=Robot: CMS CRAB Integration 1
  timeleft: 719:58:24  (30.0 days)

 error: 
 retcode : 0
DEBUG 2026-08-12 12:45:56.123 UTC: 	 Myproxy is valid: 2591880
DEBUG 2026-08-12 12:45:56.124 UTC: 	 Result of myproxy credential check:
  Credential exists on myproxy: username: 1108dd7240a979e136768c977b197b9a1dace71c  - validity: 29 days, 23:58:00
DEBUG 2026-08-12 12:45:56.124 UTC: 	 Retrieving username ...
DEBUG 2026-08-12 12:45:56.124 UTC: 	 Retrieving username from CRIC...
DEBUG 2026-08-12 12:45:57.298 UTC: 	 username is ffiore
INFO 2026-08-12 12:46:06.564 UTC: 	 Rucio client intialized for account ffiore
DEBUG 2026-08-12 12:46:06.565 UTC: 	 Command use: status
DEBUG 2026-08-12 12:46:06.565 UTC: 	 Options use: ['-d', 'VBS_semilep_ZZ_EWK_2023LHEGS_v12/crab_VBS_semilep_ZZ_EWK_2023LHEGS_v12']
DEBUG 2026-08-12 12:46:06.565 UTC: 	 Encoded data for curl request: subresource=version
DEBUG 2026-08-12 12:46:07.061 UTC: 	 CRABClient version: v3.260630
DEBUG 2026-08-12 12:46:07.061 UTC: 	 Instance is prod
DEBUG 2026-08-12 12:46:07.061 UTC: 	 Server base url is cmsweb.cern.ch
DEBUG 2026-08-12 12:46:07.061 UTC: 	 Command api workflow
DEBUG 2026-08-12 12:46:07.062 UTC: 	 Encoded data for curl request: subresource=search&workflow=260812_124432%3Affiore_crab_VBS_semilep_ZZ_EWK_2023LHEGS_v12
DEBUG 2026-08-12 12:46:07.712 UTC: 	 Got information from server oracle database: {'desc': {'columns': ['tm_taskname', 'tm_activity', 'tm_task_status', 'tm_task_command', 'tm_start_time', 'tm_start_injection', 'tm_end_injection', 'tm_task_failure', 'tm_job_sw', 'tm_job_arch', 'tm_input_dataset', 'tm_nonvalid_input_dataset', 'tm_use_parent', 'tm_site_whitelist', 'tm_site_blacklist', 'tm_split_algo', 'tm_split_args', 'tm_user_sandbox', 'tm_cache_url', 'tm_username', 'tm_user_dn', 'tm_user_vo', 'tm_user_role', 'tm_user_group', 'tm_publish_name', 'tm_publish_groupname', 'tm_asyncdest', 'tm_dbs_url', 'tm_publish_dbs_url', 'tm_publication', 'tm_outfiles', 'tm_tfile_outfiles', 'tm_edm_outfiles', 'tm_job_type', 'tm_generator', 'tm_events_per_lumi', 'tm_arguments', 'tm_save_logs', 'tw_name', 'tm_user_infiles', 'tm_maxjobruntime', 'tm_numcores', 'tm_maxmemory', 'tm_priority', 'tm_output_dataset', 'tm_task_warnings', 'tm_user_webdir', 'tm_scriptexe', 'tm_scriptargs', 'tm_extrajdl', 'tm_collector', 'tm_schedd', 'tm_dry_run', 'tm_user_files', 'tm_transfer_outputs', 'tm_output_lfn', 'tm_ignore_locality', 'tm_fail_limit', 'tm_one_event_mode', 'tm_secondary_input_dataset', 'tm_primary_dataset', 'tm_last_publication', 'tm_debug_files', 'clusterid', 'tm_ignore_global_blacklist', 'tm_submitter_ip_addr', 'tm_totalunits', 'tm_ddm_reqid', 'tm_user_config', 'tm_transfer_container', 'tm_transfer_rule', 'tm_publish_rule', 'tm_multipub_rule', 'tm_job_min_microarch', 'tm_dagman_status', 'tm_num_jobs', 'tm_uploaded']}, 'result': ['260812_124432:ffiore_crab_VBS_semilep_ZZ_EWK_2023LHEGS_v12', 'None', 'SUBMITTED', 'SUBMIT', '2026-08-12 12:44:32.262474', 'None', '2026-08-12 12:44:55.472039', 'None', 'CMSSW_13_0_14', 'el8_amd64_gcc11', 'None', 'F', '0', '[]', '[]', 'EventBased', "{'halt_job_on_file_boundaries': False, 'splitOnRun': False, 'events_per_job': 20, 'runs': [], 'lumis': []}", '7ed6e5b44598f438a161715ec666cd4e5d0997f41b38fe7901a5bd3a27e8da73.tar.gz', 'S3/crabcache_prod', 'ffiore', '/DC=ch/DC=cern/OU=Organic Units/OU=Users/CN=ffiore/CN=883264/CN=Francesca Fiore', 'cms', 'None', 'None', 'VBS_semilep_ZZ_EWK_2023LHEGS_v12-00000000000000000000000000000000', 'F', 'T2_IT_Legnaro', 'https://cmsweb.cern.ch/dbs/prod/global/DBSReader', 'https://cmsweb.cern.ch/dbs/prod/phys03/DBSWriter', 'F', "['Run3Summer23NanoAODv12.root']", '[]', '[]', 'PrivateMC', 'pythia', '20', '{}', 'F', 'crab-prod-tw01', '[]', '1250', '4', '8000', '10', 'None', '[]', 'http://vocms0144.cern.ch/mon/ffiore/260812_124432:ffiore_crab_VBS_semilep_ZZ_EWK_2023LHEGS_v12', 'run_chain_Run3.sh', "['inputGridpack=/eos/user/f/ffiore/VBS/Gridpacks/ZZ/VBS_ZZ_semilep_el8_amd64_gcc10_CMSSW_12_4_8_tarball.tar.xz', 'nEvents=20', 'nThreads=4']", '[]', 'None', 'crab3@vocms0144.cern.ch', 'F', '[]', 'T', '/store/user/ffiore/', 'F', 'None', 'F', 'None', 'VBS_semilep_ZZ_EWK_2023LHEGS_v12', 'None', '39b51909eb0ce8ea1ba61e6aadd877fb0392e61f45ea9784e405ce621ace9784.tar.gz', '159143620', 'F', '188.185.101.116', '40.0', 'None', '{"partialdataset": false, "requireaccelerator": false, "acceleratorparams": null, "inputblocks": null}', 'None', 'None', 'None', 'None', 'any', 'NOT_READY', '2', 'T']}
INFO 2026-08-12 12:46:07.712 UTC: 	 CRAB project directory:		/afs/cern.ch/user/f/ffiore/work/produzione/crab_MC_private/VBS_semilep_ZZ_EWK_2023LHEGS_v12/crab_VBS_semilep_ZZ_EWK_2023LHEGS_v12
INFO 2026-08-12 12:46:07.712 UTC: 	 Task name:			260812_124432:ffiore_crab_VBS_semilep_ZZ_EWK_2023LHEGS_v12
INFO 2026-08-12 12:46:07.712 UTC: 	 Grid scheduler - Task Worker:	crab3@vocms0144.cern.ch - crab-prod-tw01
INFO 2026-08-12 12:46:07.712 UTC: 	 Status on the CRAB server:	SUBMITTED
INFO 2026-08-12 12:46:07.713 UTC: 	 Task URL to use for HELP:	https://cmsweb.cern.ch/crabserver/ui/task/260812_124432%3Affiore_crab_VBS_semilep_ZZ_EWK_2023LHEGS_v12
INFO 2026-08-12 12:46:07.725 UTC: 	 Dashboard monitoring URL:	https://monit-grafana.cern.ch/d/cmsTMDetail/cms-task-monitoring-task-view?orgId=11&var-user=ffiore&var-task=260812_124432%3Affiore_crab_VBS_semilep_ZZ_EWK_2023LHEGS_v12&from=1786535072000&to=now
DEBUG 2026-08-12 12:46:07.725 UTC: 	 The CRAB server submitted your task to the Grid scheduler (cluster ID: 159143620)
DEBUG 2026-08-12 12:46:07.725 UTC: 	 Webdir is located at http://vocms0144.cern.ch/mon/ffiore/260812_124432:ffiore_crab_VBS_semilep_ZZ_EWK_2023LHEGS_v12
DEBUG 2026-08-12 12:46:07.725 UTC: 	 Encoded data for curl request: subresource=webdirprx&workflow=260812_124432%3Affiore_crab_VBS_semilep_ZZ_EWK_2023LHEGS_v12
DEBUG 2026-08-12 12:46:08.005 UTC: 	 Proxied webdir is located at https://cmsweb.cern.ch/scheddmon/0144/ffiore/260812_124432:ffiore_crab_VBS_semilep_ZZ_EWK_2023LHEGS_v12
DEBUG 2026-08-12 12:46:08.006 UTC: 	 Retrieving 'status_cache' file from https://cmsweb.cern.ch/scheddmon/0144/ffiore/260812_124432:ffiore_crab_VBS_semilep_ZZ_EWK_2023LHEGS_v12/status_cache.pkl
DEBUG 2026-08-12 12:46:08.006 UTC: 	 Will execute:
curl -sS --capath /etc/grid-security/certificates --cert /tmp/x509up_u178888 --key /tmp/x509up_u178888 -o /tmp/crab_status-cache-st0jhqwq.pkl -w %"{http_code}" "https://cmsweb.cern.ch/scheddmon/0144/ffiore/260812_124432:ffiore_crab_VBS_semilep_ZZ_EWK_2023LHEGS_v12/status_cache.pkl"
DEBUG 2026-08-12 12:46:08.006 UTC: 	 Executing command :
 curl -sS --capath /etc/grid-security/certificates --cert /tmp/x509up_u178888 --key /tmp/x509up_u178888 -o /tmp/crab_status-cache-st0jhqwq.pkl -w %"{http_code}" "https://cmsweb.cern.ch/scheddmon/0144/ffiore/260812_124432:ffiore_crab_VBS_semilep_ZZ_EWK_2023LHEGS_v12/status_cache.pkl"
DEBUG 2026-08-12 12:46:08.560 UTC: 	 output : 200
 error: 
 retcode : 0
DEBUG 2026-08-12 12:46:08.560 UTC: 	 exitcode: 0
stdout: 200
stderr: 
error details: 
INFO 2026-08-12 12:46:08.561 UTC: 	 Task bootstrapped at 2026-08-12 12:45:57 UTC. 11 seconds ago
INFO 2026-08-12 12:46:08.561 UTC: 	 Status information will be available within a few minutes
INFO 2026-08-12 12:46:08.607 UTC: 	 Log file is /afs/cern.ch/user/f/ffiore/work/produzione/crab_MC_private/VBS_semilep_ZZ_EWK_2023LHEGS_v12/crab_VBS_semilep_ZZ_EWK_2023LHEGS_v12/crab.log
DEBUG 2026-08-12 12:46:22.096 UTC: 	 CRAB Client version: v3.260630
DEBUG 2026-08-12 12:46:22.096 UTC: 	 Running on: Linux lxplus808.cern.ch 4.18.0-553.144.1.el8_10.x86_64 #1 SMP Mon Jul 13 11:33:25 EDT 2026 x86_64 x86_64 x86_64 GNU/Linux
DEBUG 2026-08-12 12:46:22.096 UTC: 	 Not using Singularity
DEBUG 2026-08-12 12:46:22.096 UTC: 	 Operating System: Red Hat Enterprise Linux 8.10 (Ootpa)
DEBUG 2026-08-12 12:46:22.096 UTC: 	 Executing command: 'status'
DEBUG 2026-08-12 12:46:22.100 UTC: 	 Found CRAB cache file /afs/cern.ch/user/f/ffiore/.crab3
DEBUG 2026-08-12 12:46:22.115 UTC: 	 Checking credentials
DEBUG 2026-08-12 12:46:22.115 UTC: 	 Found proxy file /tmp/x509up_u178888
DEBUG 2026-08-12 12:46:22.115 UTC: 	 Making sure it has proper VOMS extension
DEBUG 2026-08-12 12:46:22.115 UTC: 	 Executing command :
 voms-proxy-info --vo --file /tmp/x509up_u178888
DEBUG 2026-08-12 12:46:22.154 UTC: 	 output : cms

 error: 
 retcode : 0
DEBUG 2026-08-12 12:46:22.154 UTC: 	 Getting proxy life time left
DEBUG 2026-08-12 12:46:22.154 UTC: 	 Executing command :
 voms-proxy-info --actimeleft --timeleft --file /tmp/x509up_u178888
DEBUG 2026-08-12 12:46:22.183 UTC: 	 output : 604643
604643

 error: 
 retcode : 0
DEBUG 2026-08-12 12:46:22.183 UTC: 	 Proxy valid for 167:57:23 hours
DEBUG 2026-08-12 12:46:22.183 UTC: 	 Encoded data for curl request: subresource=delegatedn
DEBUG 2026-08-12 12:46:22.261 UTC: 	 Registering user credentials on myproxy for /DC=ch/DC=cern/OU=Organic Units/OU=Users/CN=cmscrab/CN=(817881|373708)/CN=Robot: cms crab|/DC=ch/DC=cern/OU=Organic Units/OU=Users/CN=crabint1/CN=373708/CN=Robot: CMS CRAB Integration 1
DEBUG 2026-08-12 12:46:22.261 UTC: 	 Executing command :
 voms-proxy-info --identity --file /tmp/x509up_u178888
DEBUG 2026-08-12 12:46:22.469 UTC: 	 output : /DC=ch/DC=cern/OU=Organic Units/OU=Users/CN=ffiore/CN=883264/CN=Francesca Fiore

 error: 
 retcode : 0
DEBUG 2026-08-12 12:46:22.469 UTC: 	 Getting myproxy life time left for 1108dd7240a979e136768c977b197b9a1dace71c
DEBUG 2026-08-12 12:46:22.469 UTC: 	 Executing command :
 myproxy-info -s myproxy.cern.ch -l 1108dd7240a979e136768c977b197b9a1dace71c
DEBUG 2026-08-12 12:46:22.807 UTC: 	 output : username: 1108dd7240a979e136768c977b197b9a1dace71c
owner: /DC=ch/DC=cern/OU=Organic Units/OU=Users/CN=ffiore/CN=883264/CN=Francesca Fiore
  renewal policy: /DC=ch/DC=cern/OU=Organic Units/OU=Users/CN=cmscrab/CN=(817881|373708)/CN=Robot: cms crab|/DC=ch/DC=cern/OU=Organic Units/OU=Users/CN=crabint1/CN=373708/CN=Robot: CMS CRAB Integration 1
  trusted retrieval policy: /DC=ch/DC=cern/OU=Organic Units/OU=Users/CN=cmscrab/CN=(817881|373708)/CN=Robot: cms crab|/DC=ch/DC=cern/OU=Organic Units/OU=Users/CN=crabint1/CN=373708/CN=Robot: CMS CRAB Integration 1
  timeleft: 719:57:58  (30.0 days)

 error: 
 retcode : 0
DEBUG 2026-08-12 12:46:22.807 UTC: 	 Myproxy is valid: 2591820
DEBUG 2026-08-12 12:46:22.807 UTC: 	 Result of myproxy credential check:
  Credential exists on myproxy: username: 1108dd7240a979e136768c977b197b9a1dace71c  - validity: 29 days, 23:57:00
DEBUG 2026-08-12 12:46:22.807 UTC: 	 Retrieving username ...
DEBUG 2026-08-12 12:46:22.807 UTC: 	 Retrieving username from CRIC...
DEBUG 2026-08-12 12:46:24.083 UTC: 	 username is ffiore
INFO 2026-08-12 12:46:29.647 UTC: 	 Rucio client intialized for account ffiore
DEBUG 2026-08-12 12:46:29.648 UTC: 	 Command use: status
DEBUG 2026-08-12 12:46:29.648 UTC: 	 Options use: ['-d', 'VBS_semilep_ZZ_EWK_2023LHEGS_v12/crab_VBS_semilep_ZZ_EWK_2023LHEGS_v12']
DEBUG 2026-08-12 12:46:29.648 UTC: 	 Encoded data for curl request: subresource=version
DEBUG 2026-08-12 12:46:29.734 UTC: 	 CRABClient version: v3.260630
DEBUG 2026-08-12 12:46:29.735 UTC: 	 Instance is prod
DEBUG 2026-08-12 12:46:29.735 UTC: 	 Server base url is cmsweb.cern.ch
DEBUG 2026-08-12 12:46:29.735 UTC: 	 Command api workflow
DEBUG 2026-08-12 12:46:29.735 UTC: 	 Encoded data for curl request: subresource=search&workflow=260812_124432%3Affiore_crab_VBS_semilep_ZZ_EWK_2023LHEGS_v12
DEBUG 2026-08-12 12:46:29.812 UTC: 	 Got information from server oracle database: {'desc': {'columns': ['tm_taskname', 'tm_activity', 'tm_task_status', 'tm_task_command', 'tm_start_time', 'tm_start_injection', 'tm_end_injection', 'tm_task_failure', 'tm_job_sw', 'tm_job_arch', 'tm_input_dataset', 'tm_nonvalid_input_dataset', 'tm_use_parent', 'tm_site_whitelist', 'tm_site_blacklist', 'tm_split_algo', 'tm_split_args', 'tm_user_sandbox', 'tm_cache_url', 'tm_username', 'tm_user_dn', 'tm_user_vo', 'tm_user_role', 'tm_user_group', 'tm_publish_name', 'tm_publish_groupname', 'tm_asyncdest', 'tm_dbs_url', 'tm_publish_dbs_url', 'tm_publication', 'tm_outfiles', 'tm_tfile_outfiles', 'tm_edm_outfiles', 'tm_job_type', 'tm_generator', 'tm_events_per_lumi', 'tm_arguments', 'tm_save_logs', 'tw_name', 'tm_user_infiles', 'tm_maxjobruntime', 'tm_numcores', 'tm_maxmemory', 'tm_priority', 'tm_output_dataset', 'tm_task_warnings', 'tm_user_webdir', 'tm_scriptexe', 'tm_scriptargs', 'tm_extrajdl', 'tm_collector', 'tm_schedd', 'tm_dry_run', 'tm_user_files', 'tm_transfer_outputs', 'tm_output_lfn', 'tm_ignore_locality', 'tm_fail_limit', 'tm_one_event_mode', 'tm_secondary_input_dataset', 'tm_primary_dataset', 'tm_last_publication', 'tm_debug_files', 'clusterid', 'tm_ignore_global_blacklist', 'tm_submitter_ip_addr', 'tm_totalunits', 'tm_ddm_reqid', 'tm_user_config', 'tm_transfer_container', 'tm_transfer_rule', 'tm_publish_rule', 'tm_multipub_rule', 'tm_job_min_microarch', 'tm_dagman_status', 'tm_num_jobs', 'tm_uploaded']}, 'result': ['260812_124432:ffiore_crab_VBS_semilep_ZZ_EWK_2023LHEGS_v12', 'None', 'SUBMITTED', 'SUBMIT', '2026-08-12 12:44:32.262474', 'None', '2026-08-12 12:44:55.472039', 'None', 'CMSSW_13_0_14', 'el8_amd64_gcc11', 'None', 'F', '0', '[]', '[]', 'EventBased', "{'halt_job_on_file_boundaries': False, 'splitOnRun': False, 'events_per_job': 20, 'runs': [], 'lumis': []}", '7ed6e5b44598f438a161715ec666cd4e5d0997f41b38fe7901a5bd3a27e8da73.tar.gz', 'S3/crabcache_prod', 'ffiore', '/DC=ch/DC=cern/OU=Organic Units/OU=Users/CN=ffiore/CN=883264/CN=Francesca Fiore', 'cms', 'None', 'None', 'VBS_semilep_ZZ_EWK_2023LHEGS_v12-00000000000000000000000000000000', 'F', 'T2_IT_Legnaro', 'https://cmsweb.cern.ch/dbs/prod/global/DBSReader', 'https://cmsweb.cern.ch/dbs/prod/phys03/DBSWriter', 'F', "['Run3Summer23NanoAODv12.root']", '[]', '[]', 'PrivateMC', 'pythia', '20', '{}', 'F', 'crab-prod-tw01', '[]', '1250', '4', '8000', '10', 'None', '[]', 'http://vocms0144.cern.ch/mon/ffiore/260812_124432:ffiore_crab_VBS_semilep_ZZ_EWK_2023LHEGS_v12', 'run_chain_Run3.sh', "['inputGridpack=/eos/user/f/ffiore/VBS/Gridpacks/ZZ/VBS_ZZ_semilep_el8_amd64_gcc10_CMSSW_12_4_8_tarball.tar.xz', 'nEvents=20', 'nThreads=4']", '[]', 'None', 'crab3@vocms0144.cern.ch', 'F', '[]', 'T', '/store/user/ffiore/', 'F', 'None', 'F', 'None', 'VBS_semilep_ZZ_EWK_2023LHEGS_v12', 'None', '39b51909eb0ce8ea1ba61e6aadd877fb0392e61f45ea9784e405ce621ace9784.tar.gz', '159143620', 'F', '188.185.101.116', '40.0', 'None', '{"partialdataset": false, "requireaccelerator": false, "acceleratorparams": null, "inputblocks": null}', 'None', 'None', 'None', 'None', 'any', 'NOT_READY', '2', 'T']}
INFO 2026-08-12 12:46:29.813 UTC: 	 CRAB project directory:		/afs/cern.ch/user/f/ffiore/work/produzione/crab_MC_private/VBS_semilep_ZZ_EWK_2023LHEGS_v12/crab_VBS_semilep_ZZ_EWK_2023LHEGS_v12
INFO 2026-08-12 12:46:29.813 UTC: 	 Task name:			260812_124432:ffiore_crab_VBS_semilep_ZZ_EWK_2023LHEGS_v12
INFO 2026-08-12 12:46:29.813 UTC: 	 Grid scheduler - Task Worker:	crab3@vocms0144.cern.ch - crab-prod-tw01
INFO 2026-08-12 12:46:29.813 UTC: 	 Status on the CRAB server:	SUBMITTED
INFO 2026-08-12 12:46:29.813 UTC: 	 Task URL to use for HELP:	https://cmsweb.cern.ch/crabserver/ui/task/260812_124432%3Affiore_crab_VBS_semilep_ZZ_EWK_2023LHEGS_v12
INFO 2026-08-12 12:46:29.826 UTC: 	 Dashboard monitoring URL:	https://monit-grafana.cern.ch/d/cmsTMDetail/cms-task-monitoring-task-view?orgId=11&var-user=ffiore&var-task=260812_124432%3Affiore_crab_VBS_semilep_ZZ_EWK_2023LHEGS_v12&from=1786535072000&to=now
DEBUG 2026-08-12 12:46:29.826 UTC: 	 The CRAB server submitted your task to the Grid scheduler (cluster ID: 159143620)
DEBUG 2026-08-12 12:46:29.826 UTC: 	 Webdir is located at http://vocms0144.cern.ch/mon/ffiore/260812_124432:ffiore_crab_VBS_semilep_ZZ_EWK_2023LHEGS_v12
DEBUG 2026-08-12 12:46:29.826 UTC: 	 Encoded data for curl request: subresource=webdirprx&workflow=260812_124432%3Affiore_crab_VBS_semilep_ZZ_EWK_2023LHEGS_v12
DEBUG 2026-08-12 12:46:29.896 UTC: 	 Proxied webdir is located at https://cmsweb.cern.ch/scheddmon/0144/ffiore/260812_124432:ffiore_crab_VBS_semilep_ZZ_EWK_2023LHEGS_v12
DEBUG 2026-08-12 12:46:29.897 UTC: 	 Retrieving 'status_cache' file from https://cmsweb.cern.ch/scheddmon/0144/ffiore/260812_124432:ffiore_crab_VBS_semilep_ZZ_EWK_2023LHEGS_v12/status_cache.pkl
DEBUG 2026-08-12 12:46:29.897 UTC: 	 Will execute:
curl -sS --capath /etc/grid-security/certificates --cert /tmp/x509up_u178888 --key /tmp/x509up_u178888 -o /tmp/crab_status-cache-6hpbz677.pkl -w %"{http_code}" "https://cmsweb.cern.ch/scheddmon/0144/ffiore/260812_124432:ffiore_crab_VBS_semilep_ZZ_EWK_2023LHEGS_v12/status_cache.pkl"
DEBUG 2026-08-12 12:46:29.897 UTC: 	 Executing command :
 curl -sS --capath /etc/grid-security/certificates --cert /tmp/x509up_u178888 --key /tmp/x509up_u178888 -o /tmp/crab_status-cache-6hpbz677.pkl -w %"{http_code}" "https://cmsweb.cern.ch/scheddmon/0144/ffiore/260812_124432:ffiore_crab_VBS_semilep_ZZ_EWK_2023LHEGS_v12/status_cache.pkl"
DEBUG 2026-08-12 12:46:29.957 UTC: 	 output : 200
 error: 
 retcode : 0
DEBUG 2026-08-12 12:46:29.958 UTC: 	 exitcode: 0
stdout: 200
stderr: 
error details: 
INFO 2026-08-12 12:46:29.958 UTC: 	 Task bootstrapped at 2026-08-12 12:45:57 UTC. 32 seconds ago
INFO 2026-08-12 12:46:29.958 UTC: 	 Status information will be available within a few minutes
INFO 2026-08-12 12:46:29.967 UTC: 	 Log file is /afs/cern.ch/user/f/ffiore/work/produzione/crab_MC_private/VBS_semilep_ZZ_EWK_2023LHEGS_v12/crab_VBS_semilep_ZZ_EWK_2023LHEGS_v12/crab.log
DEBUG 2026-08-12 12:46:37.570 UTC: 	 CRAB Client version: v3.260630
DEBUG 2026-08-12 12:46:37.570 UTC: 	 Running on: Linux lxplus808.cern.ch 4.18.0-553.144.1.el8_10.x86_64 #1 SMP Mon Jul 13 11:33:25 EDT 2026 x86_64 x86_64 x86_64 GNU/Linux
DEBUG 2026-08-12 12:46:37.570 UTC: 	 Not using Singularity
DEBUG 2026-08-12 12:46:37.570 UTC: 	 Operating System: Red Hat Enterprise Linux 8.10 (Ootpa)
DEBUG 2026-08-12 12:46:37.570 UTC: 	 Executing command: 'status'
DEBUG 2026-08-12 12:46:37.570 UTC: 	 Found CRAB cache file /afs/cern.ch/user/f/ffiore/.crab3
DEBUG 2026-08-12 12:46:37.587 UTC: 	 Checking credentials
DEBUG 2026-08-12 12:46:37.587 UTC: 	 Found proxy file /tmp/x509up_u178888
DEBUG 2026-08-12 12:46:37.587 UTC: 	 Making sure it has proper VOMS extension
DEBUG 2026-08-12 12:46:37.587 UTC: 	 Executing command :
 voms-proxy-info --vo --file /tmp/x509up_u178888
DEBUG 2026-08-12 12:46:37.913 UTC: 	 output : cms

 error: 
 retcode : 0
DEBUG 2026-08-12 12:46:37.913 UTC: 	 Getting proxy life time left
DEBUG 2026-08-12 12:46:37.913 UTC: 	 Executing command :
 voms-proxy-info --actimeleft --timeleft --file /tmp/x509up_u178888
DEBUG 2026-08-12 12:46:38.120 UTC: 	 output : 604627
604627

 error: 
 retcode : 0
DEBUG 2026-08-12 12:46:38.120 UTC: 	 Proxy valid for 167:57:07 hours
DEBUG 2026-08-12 12:46:38.120 UTC: 	 Encoded data for curl request: subresource=delegatedn
DEBUG 2026-08-12 12:46:38.176 UTC: 	 Registering user credentials on myproxy for /DC=ch/DC=cern/OU=Organic Units/OU=Users/CN=cmscrab/CN=(817881|373708)/CN=Robot: cms crab|/DC=ch/DC=cern/OU=Organic Units/OU=Users/CN=crabint1/CN=373708/CN=Robot: CMS CRAB Integration 1
DEBUG 2026-08-12 12:46:38.176 UTC: 	 Executing command :
 voms-proxy-info --identity --file /tmp/x509up_u178888
DEBUG 2026-08-12 12:46:38.225 UTC: 	 output : /DC=ch/DC=cern/OU=Organic Units/OU=Users/CN=ffiore/CN=883264/CN=Francesca Fiore

 error: 
 retcode : 0
DEBUG 2026-08-12 12:46:38.226 UTC: 	 Getting myproxy life time left for 1108dd7240a979e136768c977b197b9a1dace71c
DEBUG 2026-08-12 12:46:38.226 UTC: 	 Executing command :
 myproxy-info -s myproxy.cern.ch -l 1108dd7240a979e136768c977b197b9a1dace71c
DEBUG 2026-08-12 12:46:38.614 UTC: 	 output : username: 1108dd7240a979e136768c977b197b9a1dace71c
owner: /DC=ch/DC=cern/OU=Organic Units/OU=Users/CN=ffiore/CN=883264/CN=Francesca Fiore
  renewal policy: /DC=ch/DC=cern/OU=Organic Units/OU=Users/CN=cmscrab/CN=(817881|373708)/CN=Robot: cms crab|/DC=ch/DC=cern/OU=Organic Units/OU=Users/CN=crabint1/CN=373708/CN=Robot: CMS CRAB Integration 1
  trusted retrieval policy: /DC=ch/DC=cern/OU=Organic Units/OU=Users/CN=cmscrab/CN=(817881|373708)/CN=Robot: cms crab|/DC=ch/DC=cern/OU=Organic Units/OU=Users/CN=crabint1/CN=373708/CN=Robot: CMS CRAB Integration 1
  timeleft: 719:57:42  (30.0 days)

 error: 
 retcode : 0
DEBUG 2026-08-12 12:46:38.614 UTC: 	 Myproxy is valid: 2591820
DEBUG 2026-08-12 12:46:38.614 UTC: 	 Result of myproxy credential check:
  Credential exists on myproxy: username: 1108dd7240a979e136768c977b197b9a1dace71c  - validity: 29 days, 23:57:00
DEBUG 2026-08-12 12:46:38.614 UTC: 	 Retrieving username ...
DEBUG 2026-08-12 12:46:38.614 UTC: 	 Retrieving username from CRIC...
DEBUG 2026-08-12 12:46:39.987 UTC: 	 username is ffiore
INFO 2026-08-12 12:46:44.279 UTC: 	 Rucio client intialized for account ffiore
DEBUG 2026-08-12 12:46:44.280 UTC: 	 Command use: status
DEBUG 2026-08-12 12:46:44.280 UTC: 	 Options use: ['-d', 'VBS_semilep_ZZ_EWK_2023LHEGS_v12/crab_VBS_semilep_ZZ_EWK_2023LHEGS_v12']
DEBUG 2026-08-12 12:46:44.280 UTC: 	 Encoded data for curl request: subresource=version
DEBUG 2026-08-12 12:46:44.571 UTC: 	 CRABClient version: v3.260630
DEBUG 2026-08-12 12:46:44.571 UTC: 	 Instance is prod
DEBUG 2026-08-12 12:46:44.571 UTC: 	 Server base url is cmsweb.cern.ch
DEBUG 2026-08-12 12:46:44.572 UTC: 	 Command api workflow
DEBUG 2026-08-12 12:46:44.572 UTC: 	 Encoded data for curl request: subresource=search&workflow=260812_124432%3Affiore_crab_VBS_semilep_ZZ_EWK_2023LHEGS_v12
DEBUG 2026-08-12 12:46:44.671 UTC: 	 Got information from server oracle database: {'desc': {'columns': ['tm_taskname', 'tm_activity', 'tm_task_status', 'tm_task_command', 'tm_start_time', 'tm_start_injection', 'tm_end_injection', 'tm_task_failure', 'tm_job_sw', 'tm_job_arch', 'tm_input_dataset', 'tm_nonvalid_input_dataset', 'tm_use_parent', 'tm_site_whitelist', 'tm_site_blacklist', 'tm_split_algo', 'tm_split_args', 'tm_user_sandbox', 'tm_cache_url', 'tm_username', 'tm_user_dn', 'tm_user_vo', 'tm_user_role', 'tm_user_group', 'tm_publish_name', 'tm_publish_groupname', 'tm_asyncdest', 'tm_dbs_url', 'tm_publish_dbs_url', 'tm_publication', 'tm_outfiles', 'tm_tfile_outfiles', 'tm_edm_outfiles', 'tm_job_type', 'tm_generator', 'tm_events_per_lumi', 'tm_arguments', 'tm_save_logs', 'tw_name', 'tm_user_infiles', 'tm_maxjobruntime', 'tm_numcores', 'tm_maxmemory', 'tm_priority', 'tm_output_dataset', 'tm_task_warnings', 'tm_user_webdir', 'tm_scriptexe', 'tm_scriptargs', 'tm_extrajdl', 'tm_collector', 'tm_schedd', 'tm_dry_run', 'tm_user_files', 'tm_transfer_outputs', 'tm_output_lfn', 'tm_ignore_locality', 'tm_fail_limit', 'tm_one_event_mode', 'tm_secondary_input_dataset', 'tm_primary_dataset', 'tm_last_publication', 'tm_debug_files', 'clusterid', 'tm_ignore_global_blacklist', 'tm_submitter_ip_addr', 'tm_totalunits', 'tm_ddm_reqid', 'tm_user_config', 'tm_transfer_container', 'tm_transfer_rule', 'tm_publish_rule', 'tm_multipub_rule', 'tm_job_min_microarch', 'tm_dagman_status', 'tm_num_jobs', 'tm_uploaded']}, 'result': ['260812_124432:ffiore_crab_VBS_semilep_ZZ_EWK_2023LHEGS_v12', 'None', 'SUBMITTED', 'SUBMIT', '2026-08-12 12:44:32.262474', 'None', '2026-08-12 12:44:55.472039', 'None', 'CMSSW_13_0_14', 'el8_amd64_gcc11', 'None', 'F', '0', '[]', '[]', 'EventBased', "{'halt_job_on_file_boundaries': False, 'splitOnRun': False, 'events_per_job': 20, 'runs': [], 'lumis': []}", '7ed6e5b44598f438a161715ec666cd4e5d0997f41b38fe7901a5bd3a27e8da73.tar.gz', 'S3/crabcache_prod', 'ffiore', '/DC=ch/DC=cern/OU=Organic Units/OU=Users/CN=ffiore/CN=883264/CN=Francesca Fiore', 'cms', 'None', 'None', 'VBS_semilep_ZZ_EWK_2023LHEGS_v12-00000000000000000000000000000000', 'F', 'T2_IT_Legnaro', 'https://cmsweb.cern.ch/dbs/prod/global/DBSReader', 'https://cmsweb.cern.ch/dbs/prod/phys03/DBSWriter', 'F', "['Run3Summer23NanoAODv12.root']", '[]', '[]', 'PrivateMC', 'pythia', '20', '{}', 'F', 'crab-prod-tw01', '[]', '1250', '4', '8000', '10', 'None', '[]', 'http://vocms0144.cern.ch/mon/ffiore/260812_124432:ffiore_crab_VBS_semilep_ZZ_EWK_2023LHEGS_v12', 'run_chain_Run3.sh', "['inputGridpack=/eos/user/f/ffiore/VBS/Gridpacks/ZZ/VBS_ZZ_semilep_el8_amd64_gcc10_CMSSW_12_4_8_tarball.tar.xz', 'nEvents=20', 'nThreads=4']", '[]', 'None', 'crab3@vocms0144.cern.ch', 'F', '[]', 'T', '/store/user/ffiore/', 'F', 'None', 'F', 'None', 'VBS_semilep_ZZ_EWK_2023LHEGS_v12', 'None', '39b51909eb0ce8ea1ba61e6aadd877fb0392e61f45ea9784e405ce621ace9784.tar.gz', '159143620', 'F', '188.185.101.116', '40.0', 'None', '{"partialdataset": false, "requireaccelerator": false, "acceleratorparams": null, "inputblocks": null}', 'None', 'None', 'None', 'None', 'any', 'NOT_READY', '2', 'T']}
INFO 2026-08-12 12:46:44.672 UTC: 	 CRAB project directory:		/afs/cern.ch/user/f/ffiore/work/produzione/crab_MC_private/VBS_semilep_ZZ_EWK_2023LHEGS_v12/crab_VBS_semilep_ZZ_EWK_2023LHEGS_v12
INFO 2026-08-12 12:46:44.672 UTC: 	 Task name:			260812_124432:ffiore_crab_VBS_semilep_ZZ_EWK_2023LHEGS_v12
INFO 2026-08-12 12:46:44.672 UTC: 	 Grid scheduler - Task Worker:	crab3@vocms0144.cern.ch - crab-prod-tw01
INFO 2026-08-12 12:46:44.672 UTC: 	 Status on the CRAB server:	SUBMITTED
INFO 2026-08-12 12:46:44.672 UTC: 	 Task URL to use for HELP:	https://cmsweb.cern.ch/crabserver/ui/task/260812_124432%3Affiore_crab_VBS_semilep_ZZ_EWK_2023LHEGS_v12
INFO 2026-08-12 12:46:44.761 UTC: 	 Dashboard monitoring URL:	https://monit-grafana.cern.ch/d/cmsTMDetail/cms-task-monitoring-task-view?orgId=11&var-user=ffiore&var-task=260812_124432%3Affiore_crab_VBS_semilep_ZZ_EWK_2023LHEGS_v12&from=1786535072000&to=now
DEBUG 2026-08-12 12:46:44.761 UTC: 	 The CRAB server submitted your task to the Grid scheduler (cluster ID: 159143620)
DEBUG 2026-08-12 12:46:44.761 UTC: 	 Webdir is located at http://vocms0144.cern.ch/mon/ffiore/260812_124432:ffiore_crab_VBS_semilep_ZZ_EWK_2023LHEGS_v12
DEBUG 2026-08-12 12:46:44.761 UTC: 	 Encoded data for curl request: subresource=webdirprx&workflow=260812_124432%3Affiore_crab_VBS_semilep_ZZ_EWK_2023LHEGS_v12
DEBUG 2026-08-12 12:46:44.841 UTC: 	 Proxied webdir is located at https://cmsweb.cern.ch/scheddmon/0144/ffiore/260812_124432:ffiore_crab_VBS_semilep_ZZ_EWK_2023LHEGS_v12
DEBUG 2026-08-12 12:46:44.842 UTC: 	 Retrieving 'status_cache' file from https://cmsweb.cern.ch/scheddmon/0144/ffiore/260812_124432:ffiore_crab_VBS_semilep_ZZ_EWK_2023LHEGS_v12/status_cache.pkl
DEBUG 2026-08-12 12:46:44.842 UTC: 	 Will execute:
curl -sS --capath /etc/grid-security/certificates --cert /tmp/x509up_u178888 --key /tmp/x509up_u178888 -o /tmp/crab_status-cache-1t26j4df.pkl -w %"{http_code}" "https://cmsweb.cern.ch/scheddmon/0144/ffiore/260812_124432:ffiore_crab_VBS_semilep_ZZ_EWK_2023LHEGS_v12/status_cache.pkl"
DEBUG 2026-08-12 12:46:44.842 UTC: 	 Executing command :
 curl -sS --capath /etc/grid-security/certificates --cert /tmp/x509up_u178888 --key /tmp/x509up_u178888 -o /tmp/crab_status-cache-1t26j4df.pkl -w %"{http_code}" "https://cmsweb.cern.ch/scheddmon/0144/ffiore/260812_124432:ffiore_crab_VBS_semilep_ZZ_EWK_2023LHEGS_v12/status_cache.pkl"
DEBUG 2026-08-12 12:46:44.903 UTC: 	 output : 200
 error: 
 retcode : 0
DEBUG 2026-08-12 12:46:44.904 UTC: 	 exitcode: 0
stdout: 200
stderr: 
error details: 
INFO 2026-08-12 12:46:44.904 UTC: 	 Task bootstrapped at 2026-08-12 12:45:57 UTC. 47 seconds ago
INFO 2026-08-12 12:46:44.904 UTC: 	 Status information will be available within a few minutes
INFO 2026-08-12 12:46:44.907 UTC: 	 Log file is /afs/cern.ch/user/f/ffiore/work/produzione/crab_MC_private/VBS_semilep_ZZ_EWK_2023LHEGS_v12/crab_VBS_semilep_ZZ_EWK_2023LHEGS_v12/crab.log
DEBUG 2026-08-12 12:46:58.522 UTC: 	 CRAB Client version: v3.260630
DEBUG 2026-08-12 12:46:58.523 UTC: 	 Running on: Linux lxplus808.cern.ch 4.18.0-553.144.1.el8_10.x86_64 #1 SMP Mon Jul 13 11:33:25 EDT 2026 x86_64 x86_64 x86_64 GNU/Linux
DEBUG 2026-08-12 12:46:58.523 UTC: 	 Not using Singularity
DEBUG 2026-08-12 12:46:58.523 UTC: 	 Operating System: Red Hat Enterprise Linux 8.10 (Ootpa)
DEBUG 2026-08-12 12:46:58.523 UTC: 	 Executing command: 'status'
DEBUG 2026-08-12 12:46:58.523 UTC: 	 Found CRAB cache file /afs/cern.ch/user/f/ffiore/.crab3
DEBUG 2026-08-12 12:46:58.534 UTC: 	 Checking credentials
DEBUG 2026-08-12 12:46:58.535 UTC: 	 Found proxy file /tmp/x509up_u178888
DEBUG 2026-08-12 12:46:58.535 UTC: 	 Making sure it has proper VOMS extension
DEBUG 2026-08-12 12:46:58.535 UTC: 	 Executing command :
 voms-proxy-info --vo --file /tmp/x509up_u178888
DEBUG 2026-08-12 12:46:58.567 UTC: 	 output : cms

 error: 
 retcode : 0
DEBUG 2026-08-12 12:46:58.567 UTC: 	 Getting proxy life time left
DEBUG 2026-08-12 12:46:58.567 UTC: 	 Executing command :
 voms-proxy-info --actimeleft --timeleft --file /tmp/x509up_u178888
DEBUG 2026-08-12 12:46:58.622 UTC: 	 output : 604607
604607

 error: 
 retcode : 0
DEBUG 2026-08-12 12:46:58.622 UTC: 	 Proxy valid for 167:56:47 hours
DEBUG 2026-08-12 12:46:58.622 UTC: 	 Encoded data for curl request: subresource=delegatedn
DEBUG 2026-08-12 12:46:58.699 UTC: 	 Registering user credentials on myproxy for /DC=ch/DC=cern/OU=Organic Units/OU=Users/CN=cmscrab/CN=(817881|373708)/CN=Robot: cms crab|/DC=ch/DC=cern/OU=Organic Units/OU=Users/CN=crabint1/CN=373708/CN=Robot: CMS CRAB Integration 1
DEBUG 2026-08-12 12:46:58.700 UTC: 	 Executing command :
 voms-proxy-info --identity --file /tmp/x509up_u178888
DEBUG 2026-08-12 12:46:58.732 UTC: 	 output : /DC=ch/DC=cern/OU=Organic Units/OU=Users/CN=ffiore/CN=883264/CN=Francesca Fiore

 error: 
 retcode : 0
DEBUG 2026-08-12 12:46:58.733 UTC: 	 Getting myproxy life time left for 1108dd7240a979e136768c977b197b9a1dace71c
DEBUG 2026-08-12 12:46:58.733 UTC: 	 Executing command :
 myproxy-info -s myproxy.cern.ch -l 1108dd7240a979e136768c977b197b9a1dace71c
DEBUG 2026-08-12 12:46:59.029 UTC: 	 output : username: 1108dd7240a979e136768c977b197b9a1dace71c
owner: /DC=ch/DC=cern/OU=Organic Units/OU=Users/CN=ffiore/CN=883264/CN=Francesca Fiore
  renewal policy: /DC=ch/DC=cern/OU=Organic Units/OU=Users/CN=cmscrab/CN=(817881|373708)/CN=Robot: cms crab|/DC=ch/DC=cern/OU=Organic Units/OU=Users/CN=crabint1/CN=373708/CN=Robot: CMS CRAB Integration 1
  trusted retrieval policy: /DC=ch/DC=cern/OU=Organic Units/OU=Users/CN=cmscrab/CN=(817881|373708)/CN=Robot: cms crab|/DC=ch/DC=cern/OU=Organic Units/OU=Users/CN=crabint1/CN=373708/CN=Robot: CMS CRAB Integration 1
  timeleft: 719:57:21  (30.0 days)

 error: 
 retcode : 0
DEBUG 2026-08-12 12:46:59.029 UTC: 	 Myproxy is valid: 2591820
DEBUG 2026-08-12 12:46:59.030 UTC: 	 Result of myproxy credential check:
  Credential exists on myproxy: username: 1108dd7240a979e136768c977b197b9a1dace71c  - validity: 29 days, 23:57:00
DEBUG 2026-08-12 12:46:59.030 UTC: 	 Retrieving username ...
DEBUG 2026-08-12 12:46:59.030 UTC: 	 Retrieving username from CRIC...
DEBUG 2026-08-12 12:47:00.401 UTC: 	 username is ffiore
INFO 2026-08-12 12:47:06.998 UTC: 	 Rucio client intialized for account ffiore
DEBUG 2026-08-12 12:47:06.998 UTC: 	 Command use: status
DEBUG 2026-08-12 12:47:06.998 UTC: 	 Options use: ['-d', 'VBS_semilep_ZZ_EWK_2023LHEGS_v12/crab_VBS_semilep_ZZ_EWK_2023LHEGS_v12']
DEBUG 2026-08-12 12:47:06.998 UTC: 	 Encoded data for curl request: subresource=version
DEBUG 2026-08-12 12:47:07.100 UTC: 	 CRABClient version: v3.260630
DEBUG 2026-08-12 12:47:07.101 UTC: 	 Instance is prod
DEBUG 2026-08-12 12:47:07.101 UTC: 	 Server base url is cmsweb.cern.ch
DEBUG 2026-08-12 12:47:07.101 UTC: 	 Command api workflow
DEBUG 2026-08-12 12:47:07.101 UTC: 	 Encoded data for curl request: subresource=search&workflow=260812_124432%3Affiore_crab_VBS_semilep_ZZ_EWK_2023LHEGS_v12
DEBUG 2026-08-12 12:47:07.189 UTC: 	 Got information from server oracle database: {'desc': {'columns': ['tm_taskname', 'tm_activity', 'tm_task_status', 'tm_task_command', 'tm_start_time', 'tm_start_injection', 'tm_end_injection', 'tm_task_failure', 'tm_job_sw', 'tm_job_arch', 'tm_input_dataset', 'tm_nonvalid_input_dataset', 'tm_use_parent', 'tm_site_whitelist', 'tm_site_blacklist', 'tm_split_algo', 'tm_split_args', 'tm_user_sandbox', 'tm_cache_url', 'tm_username', 'tm_user_dn', 'tm_user_vo', 'tm_user_role', 'tm_user_group', 'tm_publish_name', 'tm_publish_groupname', 'tm_asyncdest', 'tm_dbs_url', 'tm_publish_dbs_url', 'tm_publication', 'tm_outfiles', 'tm_tfile_outfiles', 'tm_edm_outfiles', 'tm_job_type', 'tm_generator', 'tm_events_per_lumi', 'tm_arguments', 'tm_save_logs', 'tw_name', 'tm_user_infiles', 'tm_maxjobruntime', 'tm_numcores', 'tm_maxmemory', 'tm_priority', 'tm_output_dataset', 'tm_task_warnings', 'tm_user_webdir', 'tm_scriptexe', 'tm_scriptargs', 'tm_extrajdl', 'tm_collector', 'tm_schedd', 'tm_dry_run', 'tm_user_files', 'tm_transfer_outputs', 'tm_output_lfn', 'tm_ignore_locality', 'tm_fail_limit', 'tm_one_event_mode', 'tm_secondary_input_dataset', 'tm_primary_dataset', 'tm_last_publication', 'tm_debug_files', 'clusterid', 'tm_ignore_global_blacklist', 'tm_submitter_ip_addr', 'tm_totalunits', 'tm_ddm_reqid', 'tm_user_config', 'tm_transfer_container', 'tm_transfer_rule', 'tm_publish_rule', 'tm_multipub_rule', 'tm_job_min_microarch', 'tm_dagman_status', 'tm_num_jobs', 'tm_uploaded']}, 'result': ['260812_124432:ffiore_crab_VBS_semilep_ZZ_EWK_2023LHEGS_v12', 'None', 'SUBMITTED', 'SUBMIT', '2026-08-12 12:44:32.262474', 'None', '2026-08-12 12:44:55.472039', 'None', 'CMSSW_13_0_14', 'el8_amd64_gcc11', 'None', 'F', '0', '[]', '[]', 'EventBased', "{'halt_job_on_file_boundaries': False, 'splitOnRun': False, 'events_per_job': 20, 'runs': [], 'lumis': []}", '7ed6e5b44598f438a161715ec666cd4e5d0997f41b38fe7901a5bd3a27e8da73.tar.gz', 'S3/crabcache_prod', 'ffiore', '/DC=ch/DC=cern/OU=Organic Units/OU=Users/CN=ffiore/CN=883264/CN=Francesca Fiore', 'cms', 'None', 'None', 'VBS_semilep_ZZ_EWK_2023LHEGS_v12-00000000000000000000000000000000', 'F', 'T2_IT_Legnaro', 'https://cmsweb.cern.ch/dbs/prod/global/DBSReader', 'https://cmsweb.cern.ch/dbs/prod/phys03/DBSWriter', 'F', "['Run3Summer23NanoAODv12.root']", '[]', '[]', 'PrivateMC', 'pythia', '20', '{}', 'F', 'crab-prod-tw01', '[]', '1250', '4', '8000', '10', 'None', '[]', 'http://vocms0144.cern.ch/mon/ffiore/260812_124432:ffiore_crab_VBS_semilep_ZZ_EWK_2023LHEGS_v12', 'run_chain_Run3.sh', "['inputGridpack=/eos/user/f/ffiore/VBS/Gridpacks/ZZ/VBS_ZZ_semilep_el8_amd64_gcc10_CMSSW_12_4_8_tarball.tar.xz', 'nEvents=20', 'nThreads=4']", '[]', 'None', 'crab3@vocms0144.cern.ch', 'F', '[]', 'T', '/store/user/ffiore/', 'F', 'None', 'F', 'None', 'VBS_semilep_ZZ_EWK_2023LHEGS_v12', 'None', '39b51909eb0ce8ea1ba61e6aadd877fb0392e61f45ea9784e405ce621ace9784.tar.gz', '159143620', 'F', '188.185.101.116', '40.0', 'None', '{"partialdataset": false, "requireaccelerator": false, "acceleratorparams": null, "inputblocks": null}', 'None', 'None', 'None', 'None', 'any', 'RUNNING', '2', 'T']}
INFO 2026-08-12 12:47:07.189 UTC: 	 CRAB project directory:		/afs/cern.ch/user/f/ffiore/work/produzione/crab_MC_private/VBS_semilep_ZZ_EWK_2023LHEGS_v12/crab_VBS_semilep_ZZ_EWK_2023LHEGS_v12
INFO 2026-08-12 12:47:07.189 UTC: 	 Task name:			260812_124432:ffiore_crab_VBS_semilep_ZZ_EWK_2023LHEGS_v12
INFO 2026-08-12 12:47:07.189 UTC: 	 Grid scheduler - Task Worker:	crab3@vocms0144.cern.ch - crab-prod-tw01
INFO 2026-08-12 12:47:07.190 UTC: 	 Status on the CRAB server:	SUBMITTED
INFO 2026-08-12 12:47:07.190 UTC: 	 Task URL to use for HELP:	https://cmsweb.cern.ch/crabserver/ui/task/260812_124432%3Affiore_crab_VBS_semilep_ZZ_EWK_2023LHEGS_v12
INFO 2026-08-12 12:47:07.199 UTC: 	 Dashboard monitoring URL:	https://monit-grafana.cern.ch/d/cmsTMDetail/cms-task-monitoring-task-view?orgId=11&var-user=ffiore&var-task=260812_124432%3Affiore_crab_VBS_semilep_ZZ_EWK_2023LHEGS_v12&from=1786535072000&to=now
DEBUG 2026-08-12 12:47:07.199 UTC: 	 The CRAB server submitted your task to the Grid scheduler (cluster ID: 159143620)
DEBUG 2026-08-12 12:47:07.199 UTC: 	 Webdir is located at http://vocms0144.cern.ch/mon/ffiore/260812_124432:ffiore_crab_VBS_semilep_ZZ_EWK_2023LHEGS_v12
DEBUG 2026-08-12 12:47:07.199 UTC: 	 Encoded data for curl request: subresource=webdirprx&workflow=260812_124432%3Affiore_crab_VBS_semilep_ZZ_EWK_2023LHEGS_v12
DEBUG 2026-08-12 12:47:07.271 UTC: 	 Proxied webdir is located at https://cmsweb.cern.ch/scheddmon/0144/ffiore/260812_124432:ffiore_crab_VBS_semilep_ZZ_EWK_2023LHEGS_v12
DEBUG 2026-08-12 12:47:07.271 UTC: 	 Retrieving 'status_cache' file from https://cmsweb.cern.ch/scheddmon/0144/ffiore/260812_124432:ffiore_crab_VBS_semilep_ZZ_EWK_2023LHEGS_v12/status_cache.pkl
DEBUG 2026-08-12 12:47:07.271 UTC: 	 Will execute:
curl -sS --capath /etc/grid-security/certificates --cert /tmp/x509up_u178888 --key /tmp/x509up_u178888 -o /tmp/crab_status-cache-0y5j4eyw.pkl -w %"{http_code}" "https://cmsweb.cern.ch/scheddmon/0144/ffiore/260812_124432:ffiore_crab_VBS_semilep_ZZ_EWK_2023LHEGS_v12/status_cache.pkl"
DEBUG 2026-08-12 12:47:07.271 UTC: 	 Executing command :
 curl -sS --capath /etc/grid-security/certificates --cert /tmp/x509up_u178888 --key /tmp/x509up_u178888 -o /tmp/crab_status-cache-0y5j4eyw.pkl -w %"{http_code}" "https://cmsweb.cern.ch/scheddmon/0144/ffiore/260812_124432:ffiore_crab_VBS_semilep_ZZ_EWK_2023LHEGS_v12/status_cache.pkl"
DEBUG 2026-08-12 12:47:07.338 UTC: 	 output : 200
 error: 
 retcode : 0
DEBUG 2026-08-12 12:47:07.339 UTC: 	 exitcode: 0
stdout: 200
stderr: 
error details: 
DEBUG 2026-08-12 12:47:07.339 UTC: 	 Got information from status cache file: {'1': {'Retries': 0, 'Restarts': 0, 'SiteHistory': ['T2_CH_CERN', 'T2_CH_CERN'], 'ResidentSetSize': [0], 'SubmitTimes': [1786538764.0], 'StartTimes': [1786538817.0], 'EndTimes': [], 'TotalUserCpuTimeHistory': [0.0], 'TotalSysCpuTimeHistory': [0.0], 'WallDurations': [0, 7.268025875091553], 'JobIds': ['159143625.0'], 'State': 'unsubmitted', 'RecordedSite': True}, '2': {'Retries': 0, 'Restarts': 0, 'SiteHistory': ['T2_CH_CERN', 'T2_CH_CERN'], 'ResidentSetSize': [0], 'SubmitTimes': [1786538764.0], 'StartTimes': [1786538818.0], 'EndTimes': [], 'TotalUserCpuTimeHistory': [0.0], 'TotalSysCpuTimeHistory': [0.0], 'WallDurations': [0, 6.268025875091553], 'JobIds': ['159143626.0'], 'State': 'unsubmitted', 'RecordedSite': True}}
INFO 2026-08-12 12:47:07.339 UTC: 	 Status on the scheduler:	RUNNING
INFO 2026-08-12 12:47:07.339 UTC: 	 
Jobs status:                    unsubmitted  		100.0% (2/2)
INFO 2026-08-12 12:47:07.339 UTC: 	 
No publication information (publication has been disabled in the CRAB configuration file)
INFO 2026-08-12 12:47:07.341 UTC: 	 Log file is /afs/cern.ch/user/f/ffiore/work/produzione/crab_MC_private/VBS_semilep_ZZ_EWK_2023LHEGS_v12/crab_VBS_semilep_ZZ_EWK_2023LHEGS_v12/crab.log
DEBUG 2026-08-12 12:47:19.165 UTC: 	 CRAB Client version: v3.260630
DEBUG 2026-08-12 12:47:19.165 UTC: 	 Running on: Linux lxplus808.cern.ch 4.18.0-553.144.1.el8_10.x86_64 #1 SMP Mon Jul 13 11:33:25 EDT 2026 x86_64 x86_64 x86_64 GNU/Linux
DEBUG 2026-08-12 12:47:19.165 UTC: 	 Not using Singularity
DEBUG 2026-08-12 12:47:19.165 UTC: 	 Operating System: Red Hat Enterprise Linux 8.10 (Ootpa)
DEBUG 2026-08-12 12:47:19.165 UTC: 	 Executing command: 'status'
DEBUG 2026-08-12 12:47:19.165 UTC: 	 Found CRAB cache file /afs/cern.ch/user/f/ffiore/.crab3
DEBUG 2026-08-12 12:47:19.175 UTC: 	 Checking credentials
DEBUG 2026-08-12 12:47:19.175 UTC: 	 Found proxy file /tmp/x509up_u178888
DEBUG 2026-08-12 12:47:19.175 UTC: 	 Making sure it has proper VOMS extension
DEBUG 2026-08-12 12:47:19.175 UTC: 	 Executing command :
 voms-proxy-info --vo --file /tmp/x509up_u178888
DEBUG 2026-08-12 12:47:19.223 UTC: 	 output : cms

 error: 
 retcode : 0
DEBUG 2026-08-12 12:47:19.223 UTC: 	 Getting proxy life time left
DEBUG 2026-08-12 12:47:19.223 UTC: 	 Executing command :
 voms-proxy-info --actimeleft --timeleft --file /tmp/x509up_u178888
DEBUG 2026-08-12 12:47:19.260 UTC: 	 output : 604586
604586

 error: 
 retcode : 0
DEBUG 2026-08-12 12:47:19.260 UTC: 	 Proxy valid for 167:56:26 hours
DEBUG 2026-08-12 12:47:19.261 UTC: 	 Encoded data for curl request: subresource=delegatedn
DEBUG 2026-08-12 12:47:19.325 UTC: 	 Registering user credentials on myproxy for /DC=ch/DC=cern/OU=Organic Units/OU=Users/CN=cmscrab/CN=(817881|373708)/CN=Robot: cms crab|/DC=ch/DC=cern/OU=Organic Units/OU=Users/CN=crabint1/CN=373708/CN=Robot: CMS CRAB Integration 1
DEBUG 2026-08-12 12:47:19.325 UTC: 	 Executing command :
 voms-proxy-info --identity --file /tmp/x509up_u178888
DEBUG 2026-08-12 12:47:19.490 UTC: 	 output : /DC=ch/DC=cern/OU=Organic Units/OU=Users/CN=ffiore/CN=883264/CN=Francesca Fiore

 error: 
 retcode : 0
DEBUG 2026-08-12 12:47:19.490 UTC: 	 Getting myproxy life time left for 1108dd7240a979e136768c977b197b9a1dace71c
DEBUG 2026-08-12 12:47:19.491 UTC: 	 Executing command :
 myproxy-info -s myproxy.cern.ch -l 1108dd7240a979e136768c977b197b9a1dace71c
DEBUG 2026-08-12 12:47:20.087 UTC: 	 output : username: 1108dd7240a979e136768c977b197b9a1dace71c
owner: /DC=ch/DC=cern/OU=Organic Units/OU=Users/CN=ffiore/CN=883264/CN=Francesca Fiore
  renewal policy: /DC=ch/DC=cern/OU=Organic Units/OU=Users/CN=cmscrab/CN=(817881|373708)/CN=Robot: cms crab|/DC=ch/DC=cern/OU=Organic Units/OU=Users/CN=crabint1/CN=373708/CN=Robot: CMS CRAB Integration 1
  trusted retrieval policy: /DC=ch/DC=cern/OU=Organic Units/OU=Users/CN=cmscrab/CN=(817881|373708)/CN=Robot: cms crab|/DC=ch/DC=cern/OU=Organic Units/OU=Users/CN=crabint1/CN=373708/CN=Robot: CMS CRAB Integration 1
  timeleft: 719:57:00  (30.0 days)

 error: 
 retcode : 0
DEBUG 2026-08-12 12:47:20.087 UTC: 	 Myproxy is valid: 2591820
DEBUG 2026-08-12 12:47:20.087 UTC: 	 Result of myproxy credential check:
  Credential exists on myproxy: username: 1108dd7240a979e136768c977b197b9a1dace71c  - validity: 29 days, 23:57:00
DEBUG 2026-08-12 12:47:20.087 UTC: 	 Retrieving username ...
DEBUG 2026-08-12 12:47:20.087 UTC: 	 Retrieving username from CRIC...
DEBUG 2026-08-12 12:47:21.268 UTC: 	 username is ffiore
INFO 2026-08-12 12:47:26.257 UTC: 	 Rucio client intialized for account ffiore
DEBUG 2026-08-12 12:47:26.257 UTC: 	 Command use: status
DEBUG 2026-08-12 12:47:26.257 UTC: 	 Options use: ['-d', 'VBS_semilep_ZZ_EWK_2023LHEGS_v12/crab_VBS_semilep_ZZ_EWK_2023LHEGS_v12']
DEBUG 2026-08-12 12:47:26.257 UTC: 	 Encoded data for curl request: subresource=version
DEBUG 2026-08-12 12:47:26.322 UTC: 	 CRABClient version: v3.260630
DEBUG 2026-08-12 12:47:26.322 UTC: 	 Instance is prod
DEBUG 2026-08-12 12:47:26.322 UTC: 	 Server base url is cmsweb.cern.ch
DEBUG 2026-08-12 12:47:26.322 UTC: 	 Command api workflow
DEBUG 2026-08-12 12:47:26.323 UTC: 	 Encoded data for curl request: subresource=search&workflow=260812_124432%3Affiore_crab_VBS_semilep_ZZ_EWK_2023LHEGS_v12
DEBUG 2026-08-12 12:47:26.389 UTC: 	 Got information from server oracle database: {'desc': {'columns': ['tm_taskname', 'tm_activity', 'tm_task_status', 'tm_task_command', 'tm_start_time', 'tm_start_injection', 'tm_end_injection', 'tm_task_failure', 'tm_job_sw', 'tm_job_arch', 'tm_input_dataset', 'tm_nonvalid_input_dataset', 'tm_use_parent', 'tm_site_whitelist', 'tm_site_blacklist', 'tm_split_algo', 'tm_split_args', 'tm_user_sandbox', 'tm_cache_url', 'tm_username', 'tm_user_dn', 'tm_user_vo', 'tm_user_role', 'tm_user_group', 'tm_publish_name', 'tm_publish_groupname', 'tm_asyncdest', 'tm_dbs_url', 'tm_publish_dbs_url', 'tm_publication', 'tm_outfiles', 'tm_tfile_outfiles', 'tm_edm_outfiles', 'tm_job_type', 'tm_generator', 'tm_events_per_lumi', 'tm_arguments', 'tm_save_logs', 'tw_name', 'tm_user_infiles', 'tm_maxjobruntime', 'tm_numcores', 'tm_maxmemory', 'tm_priority', 'tm_output_dataset', 'tm_task_warnings', 'tm_user_webdir', 'tm_scriptexe', 'tm_scriptargs', 'tm_extrajdl', 'tm_collector', 'tm_schedd', 'tm_dry_run', 'tm_user_files', 'tm_transfer_outputs', 'tm_output_lfn', 'tm_ignore_locality', 'tm_fail_limit', 'tm_one_event_mode', 'tm_secondary_input_dataset', 'tm_primary_dataset', 'tm_last_publication', 'tm_debug_files', 'clusterid', 'tm_ignore_global_blacklist', 'tm_submitter_ip_addr', 'tm_totalunits', 'tm_ddm_reqid', 'tm_user_config', 'tm_transfer_container', 'tm_transfer_rule', 'tm_publish_rule', 'tm_multipub_rule', 'tm_job_min_microarch', 'tm_dagman_status', 'tm_num_jobs', 'tm_uploaded']}, 'result': ['260812_124432:ffiore_crab_VBS_semilep_ZZ_EWK_2023LHEGS_v12', 'None', 'SUBMITTED', 'SUBMIT', '2026-08-12 12:44:32.262474', 'None', '2026-08-12 12:44:55.472039', 'None', 'CMSSW_13_0_14', 'el8_amd64_gcc11', 'None', 'F', '0', '[]', '[]', 'EventBased', "{'halt_job_on_file_boundaries': False, 'splitOnRun': False, 'events_per_job': 20, 'runs': [], 'lumis': []}", '7ed6e5b44598f438a161715ec666cd4e5d0997f41b38fe7901a5bd3a27e8da73.tar.gz', 'S3/crabcache_prod', 'ffiore', '/DC=ch/DC=cern/OU=Organic Units/OU=Users/CN=ffiore/CN=883264/CN=Francesca Fiore', 'cms', 'None', 'None', 'VBS_semilep_ZZ_EWK_2023LHEGS_v12-00000000000000000000000000000000', 'F', 'T2_IT_Legnaro', 'https://cmsweb.cern.ch/dbs/prod/global/DBSReader', 'https://cmsweb.cern.ch/dbs/prod/phys03/DBSWriter', 'F', "['Run3Summer23NanoAODv12.root']", '[]', '[]', 'PrivateMC', 'pythia', '20', '{}', 'F', 'crab-prod-tw01', '[]', '1250', '4', '8000', '10', 'None', '[]', 'http://vocms0144.cern.ch/mon/ffiore/260812_124432:ffiore_crab_VBS_semilep_ZZ_EWK_2023LHEGS_v12', 'run_chain_Run3.sh', "['inputGridpack=/eos/user/f/ffiore/VBS/Gridpacks/ZZ/VBS_ZZ_semilep_el8_amd64_gcc10_CMSSW_12_4_8_tarball.tar.xz', 'nEvents=20', 'nThreads=4']", '[]', 'None', 'crab3@vocms0144.cern.ch', 'F', '[]', 'T', '/store/user/ffiore/', 'F', 'None', 'F', 'None', 'VBS_semilep_ZZ_EWK_2023LHEGS_v12', 'None', '39b51909eb0ce8ea1ba61e6aadd877fb0392e61f45ea9784e405ce621ace9784.tar.gz', '159143620', 'F', '188.185.101.116', '40.0', 'None', '{"partialdataset": false, "requireaccelerator": false, "acceleratorparams": null, "inputblocks": null}', 'None', 'None', 'None', 'None', 'any', 'RUNNING', '2', 'T']}
INFO 2026-08-12 12:47:26.389 UTC: 	 CRAB project directory:		/afs/cern.ch/user/f/ffiore/work/produzione/crab_MC_private/VBS_semilep_ZZ_EWK_2023LHEGS_v12/crab_VBS_semilep_ZZ_EWK_2023LHEGS_v12
INFO 2026-08-12 12:47:26.389 UTC: 	 Task name:			260812_124432:ffiore_crab_VBS_semilep_ZZ_EWK_2023LHEGS_v12
INFO 2026-08-12 12:47:26.389 UTC: 	 Grid scheduler - Task Worker:	crab3@vocms0144.cern.ch - crab-prod-tw01
INFO 2026-08-12 12:47:26.389 UTC: 	 Status on the CRAB server:	SUBMITTED
INFO 2026-08-12 12:47:26.390 UTC: 	 Task URL to use for HELP:	https://cmsweb.cern.ch/crabserver/ui/task/260812_124432%3Affiore_crab_VBS_semilep_ZZ_EWK_2023LHEGS_v12
INFO 2026-08-12 12:47:26.557 UTC: 	 Dashboard monitoring URL:	https://monit-grafana.cern.ch/d/cmsTMDetail/cms-task-monitoring-task-view?orgId=11&var-user=ffiore&var-task=260812_124432%3Affiore_crab_VBS_semilep_ZZ_EWK_2023LHEGS_v12&from=1786535072000&to=now
DEBUG 2026-08-12 12:47:26.557 UTC: 	 The CRAB server submitted your task to the Grid scheduler (cluster ID: 159143620)
DEBUG 2026-08-12 12:47:26.557 UTC: 	 Webdir is located at http://vocms0144.cern.ch/mon/ffiore/260812_124432:ffiore_crab_VBS_semilep_ZZ_EWK_2023LHEGS_v12
DEBUG 2026-08-12 12:47:26.557 UTC: 	 Encoded data for curl request: subresource=webdirprx&workflow=260812_124432%3Affiore_crab_VBS_semilep_ZZ_EWK_2023LHEGS_v12
DEBUG 2026-08-12 12:47:26.623 UTC: 	 Proxied webdir is located at https://cmsweb.cern.ch/scheddmon/0144/ffiore/260812_124432:ffiore_crab_VBS_semilep_ZZ_EWK_2023LHEGS_v12
DEBUG 2026-08-12 12:47:26.623 UTC: 	 Retrieving 'status_cache' file from https://cmsweb.cern.ch/scheddmon/0144/ffiore/260812_124432:ffiore_crab_VBS_semilep_ZZ_EWK_2023LHEGS_v12/status_cache.pkl
DEBUG 2026-08-12 12:47:26.623 UTC: 	 Will execute:
curl -sS --capath /etc/grid-security/certificates --cert /tmp/x509up_u178888 --key /tmp/x509up_u178888 -o /tmp/crab_status-cache-32m17tas.pkl -w %"{http_code}" "https://cmsweb.cern.ch/scheddmon/0144/ffiore/260812_124432:ffiore_crab_VBS_semilep_ZZ_EWK_2023LHEGS_v12/status_cache.pkl"
DEBUG 2026-08-12 12:47:26.623 UTC: 	 Executing command :
 curl -sS --capath /etc/grid-security/certificates --cert /tmp/x509up_u178888 --key /tmp/x509up_u178888 -o /tmp/crab_status-cache-32m17tas.pkl -w %"{http_code}" "https://cmsweb.cern.ch/scheddmon/0144/ffiore/260812_124432:ffiore_crab_VBS_semilep_ZZ_EWK_2023LHEGS_v12/status_cache.pkl"
DEBUG 2026-08-12 12:47:26.789 UTC: 	 output : 200
 error: 
 retcode : 0
DEBUG 2026-08-12 12:47:26.789 UTC: 	 exitcode: 0
stdout: 200
stderr: 
error details: 
DEBUG 2026-08-12 12:47:26.790 UTC: 	 Got information from status cache file: {'1': {'Retries': 0, 'Restarts': 0, 'SiteHistory': ['T2_CH_CERN', 'T2_CH_CERN'], 'ResidentSetSize': [0], 'SubmitTimes': [1786538764.0], 'StartTimes': [1786538817.0], 'EndTimes': [], 'TotalUserCpuTimeHistory': [0.0], 'TotalSysCpuTimeHistory': [0.0], 'WallDurations': [0, 7.268025875091553], 'JobIds': ['159143625.0'], 'State': 'unsubmitted', 'RecordedSite': True}, '2': {'Retries': 0, 'Restarts': 0, 'SiteHistory': ['T2_CH_CERN', 'T2_CH_CERN'], 'ResidentSetSize': [0], 'SubmitTimes': [1786538764.0], 'StartTimes': [1786538818.0], 'EndTimes': [], 'TotalUserCpuTimeHistory': [0.0], 'TotalSysCpuTimeHistory': [0.0], 'WallDurations': [0, 6.268025875091553], 'JobIds': ['159143626.0'], 'State': 'unsubmitted', 'RecordedSite': True}}
INFO 2026-08-12 12:47:26.790 UTC: 	 Status on the scheduler:	RUNNING
INFO 2026-08-12 12:47:26.790 UTC: 	 
Jobs status:                    unsubmitted  		100.0% (2/2)
INFO 2026-08-12 12:47:26.790 UTC: 	 
No publication information (publication has been disabled in the CRAB configuration file)
INFO 2026-08-12 12:47:26.792 UTC: 	 Log file is /afs/cern.ch/user/f/ffiore/work/produzione/crab_MC_private/VBS_semilep_ZZ_EWK_2023LHEGS_v12/crab_VBS_semilep_ZZ_EWK_2023LHEGS_v12/crab.log
DEBUG 2026-08-12 12:47:36.522 UTC: 	 CRAB Client version: v3.260630
DEBUG 2026-08-12 12:47:36.522 UTC: 	 Running on: Linux lxplus808.cern.ch 4.18.0-553.144.1.el8_10.x86_64 #1 SMP Mon Jul 13 11:33:25 EDT 2026 x86_64 x86_64 x86_64 GNU/Linux
DEBUG 2026-08-12 12:47:36.522 UTC: 	 Not using Singularity
DEBUG 2026-08-12 12:47:36.522 UTC: 	 Operating System: Red Hat Enterprise Linux 8.10 (Ootpa)
DEBUG 2026-08-12 12:47:36.522 UTC: 	 Executing command: 'status'
DEBUG 2026-08-12 12:47:36.522 UTC: 	 Found CRAB cache file /afs/cern.ch/user/f/ffiore/.crab3
DEBUG 2026-08-12 12:47:36.541 UTC: 	 Checking credentials
DEBUG 2026-08-12 12:47:36.541 UTC: 	 Found proxy file /tmp/x509up_u178888
DEBUG 2026-08-12 12:47:36.541 UTC: 	 Making sure it has proper VOMS extension
DEBUG 2026-08-12 12:47:36.541 UTC: 	 Executing command :
 voms-proxy-info --vo --file /tmp/x509up_u178888
DEBUG 2026-08-12 12:47:36.592 UTC: 	 output : cms

 error: 
 retcode : 0
DEBUG 2026-08-12 12:47:36.592 UTC: 	 Getting proxy life time left
DEBUG 2026-08-12 12:47:36.592 UTC: 	 Executing command :
 voms-proxy-info --actimeleft --timeleft --file /tmp/x509up_u178888
DEBUG 2026-08-12 12:47:36.828 UTC: 	 output : 604569
604569

 error: 
 retcode : 0
DEBUG 2026-08-12 12:47:36.829 UTC: 	 Proxy valid for 167:56:09 hours
DEBUG 2026-08-12 12:47:36.829 UTC: 	 Encoded data for curl request: subresource=delegatedn
DEBUG 2026-08-12 12:47:37.111 UTC: 	 Registering user credentials on myproxy for /DC=ch/DC=cern/OU=Organic Units/OU=Users/CN=cmscrab/CN=(817881|373708)/CN=Robot: cms crab|/DC=ch/DC=cern/OU=Organic Units/OU=Users/CN=crabint1/CN=373708/CN=Robot: CMS CRAB Integration 1
DEBUG 2026-08-12 12:47:37.111 UTC: 	 Executing command :
 voms-proxy-info --identity --file /tmp/x509up_u178888
DEBUG 2026-08-12 12:47:37.197 UTC: 	 output : /DC=ch/DC=cern/OU=Organic Units/OU=Users/CN=ffiore/CN=883264/CN=Francesca Fiore

 error: 
 retcode : 0
DEBUG 2026-08-12 12:47:37.197 UTC: 	 Getting myproxy life time left for 1108dd7240a979e136768c977b197b9a1dace71c
DEBUG 2026-08-12 12:47:37.197 UTC: 	 Executing command :
 myproxy-info -s myproxy.cern.ch -l 1108dd7240a979e136768c977b197b9a1dace71c
DEBUG 2026-08-12 12:47:37.511 UTC: 	 output : username: 1108dd7240a979e136768c977b197b9a1dace71c
owner: /DC=ch/DC=cern/OU=Organic Units/OU=Users/CN=ffiore/CN=883264/CN=Francesca Fiore
  renewal policy: /DC=ch/DC=cern/OU=Organic Units/OU=Users/CN=cmscrab/CN=(817881|373708)/CN=Robot: cms crab|/DC=ch/DC=cern/OU=Organic Units/OU=Users/CN=crabint1/CN=373708/CN=Robot: CMS CRAB Integration 1
  trusted retrieval policy: /DC=ch/DC=cern/OU=Organic Units/OU=Users/CN=cmscrab/CN=(817881|373708)/CN=Robot: cms crab|/DC=ch/DC=cern/OU=Organic Units/OU=Users/CN=crabint1/CN=373708/CN=Robot: CMS CRAB Integration 1
  timeleft: 719:56:43  (30.0 days)

 error: 
 retcode : 0
DEBUG 2026-08-12 12:47:37.511 UTC: 	 Myproxy is valid: 2591760
DEBUG 2026-08-12 12:47:37.511 UTC: 	 Result of myproxy credential check:
  Credential exists on myproxy: username: 1108dd7240a979e136768c977b197b9a1dace71c  - validity: 29 days, 23:56:00
DEBUG 2026-08-12 12:47:37.511 UTC: 	 Retrieving username ...
DEBUG 2026-08-12 12:47:37.511 UTC: 	 Retrieving username from CRIC...
DEBUG 2026-08-12 12:47:38.694 UTC: 	 username is ffiore
INFO 2026-08-12 12:47:43.330 UTC: 	 Rucio client intialized for account ffiore
DEBUG 2026-08-12 12:47:43.330 UTC: 	 Command use: status
DEBUG 2026-08-12 12:47:43.330 UTC: 	 Options use: ['-d', 'VBS_semilep_ZZ_EWK_2023LHEGS_v12/crab_VBS_semilep_ZZ_EWK_2023LHEGS_v12']
DEBUG 2026-08-12 12:47:43.330 UTC: 	 Encoded data for curl request: subresource=version
DEBUG 2026-08-12 12:47:43.423 UTC: 	 CRABClient version: v3.260630
DEBUG 2026-08-12 12:47:43.424 UTC: 	 Instance is prod
DEBUG 2026-08-12 12:47:43.424 UTC: 	 Server base url is cmsweb.cern.ch
DEBUG 2026-08-12 12:47:43.424 UTC: 	 Command api workflow
DEBUG 2026-08-12 12:47:43.424 UTC: 	 Encoded data for curl request: subresource=search&workflow=260812_124432%3Affiore_crab_VBS_semilep_ZZ_EWK_2023LHEGS_v12
DEBUG 2026-08-12 12:47:43.506 UTC: 	 Got information from server oracle database: {'desc': {'columns': ['tm_taskname', 'tm_activity', 'tm_task_status', 'tm_task_command', 'tm_start_time', 'tm_start_injection', 'tm_end_injection', 'tm_task_failure', 'tm_job_sw', 'tm_job_arch', 'tm_input_dataset', 'tm_nonvalid_input_dataset', 'tm_use_parent', 'tm_site_whitelist', 'tm_site_blacklist', 'tm_split_algo', 'tm_split_args', 'tm_user_sandbox', 'tm_cache_url', 'tm_username', 'tm_user_dn', 'tm_user_vo', 'tm_user_role', 'tm_user_group', 'tm_publish_name', 'tm_publish_groupname', 'tm_asyncdest', 'tm_dbs_url', 'tm_publish_dbs_url', 'tm_publication', 'tm_outfiles', 'tm_tfile_outfiles', 'tm_edm_outfiles', 'tm_job_type', 'tm_generator', 'tm_events_per_lumi', 'tm_arguments', 'tm_save_logs', 'tw_name', 'tm_user_infiles', 'tm_maxjobruntime', 'tm_numcores', 'tm_maxmemory', 'tm_priority', 'tm_output_dataset', 'tm_task_warnings', 'tm_user_webdir', 'tm_scriptexe', 'tm_scriptargs', 'tm_extrajdl', 'tm_collector', 'tm_schedd', 'tm_dry_run', 'tm_user_files', 'tm_transfer_outputs', 'tm_output_lfn', 'tm_ignore_locality', 'tm_fail_limit', 'tm_one_event_mode', 'tm_secondary_input_dataset', 'tm_primary_dataset', 'tm_last_publication', 'tm_debug_files', 'clusterid', 'tm_ignore_global_blacklist', 'tm_submitter_ip_addr', 'tm_totalunits', 'tm_ddm_reqid', 'tm_user_config', 'tm_transfer_container', 'tm_transfer_rule', 'tm_publish_rule', 'tm_multipub_rule', 'tm_job_min_microarch', 'tm_dagman_status', 'tm_num_jobs', 'tm_uploaded']}, 'result': ['260812_124432:ffiore_crab_VBS_semilep_ZZ_EWK_2023LHEGS_v12', 'None', 'SUBMITTED', 'SUBMIT', '2026-08-12 12:44:32.262474', 'None', '2026-08-12 12:44:55.472039', 'None', 'CMSSW_13_0_14', 'el8_amd64_gcc11', 'None', 'F', '0', '[]', '[]', 'EventBased', "{'halt_job_on_file_boundaries': False, 'splitOnRun': False, 'events_per_job': 20, 'runs': [], 'lumis': []}", '7ed6e5b44598f438a161715ec666cd4e5d0997f41b38fe7901a5bd3a27e8da73.tar.gz', 'S3/crabcache_prod', 'ffiore', '/DC=ch/DC=cern/OU=Organic Units/OU=Users/CN=ffiore/CN=883264/CN=Francesca Fiore', 'cms', 'None', 'None', 'VBS_semilep_ZZ_EWK_2023LHEGS_v12-00000000000000000000000000000000', 'F', 'T2_IT_Legnaro', 'https://cmsweb.cern.ch/dbs/prod/global/DBSReader', 'https://cmsweb.cern.ch/dbs/prod/phys03/DBSWriter', 'F', "['Run3Summer23NanoAODv12.root']", '[]', '[]', 'PrivateMC', 'pythia', '20', '{}', 'F', 'crab-prod-tw01', '[]', '1250', '4', '8000', '10', 'None', '[]', 'http://vocms0144.cern.ch/mon/ffiore/260812_124432:ffiore_crab_VBS_semilep_ZZ_EWK_2023LHEGS_v12', 'run_chain_Run3.sh', "['inputGridpack=/eos/user/f/ffiore/VBS/Gridpacks/ZZ/VBS_ZZ_semilep_el8_amd64_gcc10_CMSSW_12_4_8_tarball.tar.xz', 'nEvents=20', 'nThreads=4']", '[]', 'None', 'crab3@vocms0144.cern.ch', 'F', '[]', 'T', '/store/user/ffiore/', 'F', 'None', 'F', 'None', 'VBS_semilep_ZZ_EWK_2023LHEGS_v12', 'None', '39b51909eb0ce8ea1ba61e6aadd877fb0392e61f45ea9784e405ce621ace9784.tar.gz', '159143620', 'F', '188.185.101.116', '40.0', 'None', '{"partialdataset": false, "requireaccelerator": false, "acceleratorparams": null, "inputblocks": null}', 'None', 'None', 'None', 'None', 'any', 'RUNNING', '2', 'T']}
INFO 2026-08-12 12:47:43.507 UTC: 	 CRAB project directory:		/afs/cern.ch/user/f/ffiore/work/produzione/crab_MC_private/VBS_semilep_ZZ_EWK_2023LHEGS_v12/crab_VBS_semilep_ZZ_EWK_2023LHEGS_v12
INFO 2026-08-12 12:47:43.507 UTC: 	 Task name:			260812_124432:ffiore_crab_VBS_semilep_ZZ_EWK_2023LHEGS_v12
INFO 2026-08-12 12:47:43.507 UTC: 	 Grid scheduler - Task Worker:	crab3@vocms0144.cern.ch - crab-prod-tw01
INFO 2026-08-12 12:47:43.507 UTC: 	 Status on the CRAB server:	SUBMITTED
INFO 2026-08-12 12:47:43.507 UTC: 	 Task URL to use for HELP:	https://cmsweb.cern.ch/crabserver/ui/task/260812_124432%3Affiore_crab_VBS_semilep_ZZ_EWK_2023LHEGS_v12
INFO 2026-08-12 12:47:43.569 UTC: 	 Dashboard monitoring URL:	https://monit-grafana.cern.ch/d/cmsTMDetail/cms-task-monitoring-task-view?orgId=11&var-user=ffiore&var-task=260812_124432%3Affiore_crab_VBS_semilep_ZZ_EWK_2023LHEGS_v12&from=1786535072000&to=now
DEBUG 2026-08-12 12:47:43.569 UTC: 	 The CRAB server submitted your task to the Grid scheduler (cluster ID: 159143620)
DEBUG 2026-08-12 12:47:43.569 UTC: 	 Webdir is located at http://vocms0144.cern.ch/mon/ffiore/260812_124432:ffiore_crab_VBS_semilep_ZZ_EWK_2023LHEGS_v12
DEBUG 2026-08-12 12:47:43.569 UTC: 	 Encoded data for curl request: subresource=webdirprx&workflow=260812_124432%3Affiore_crab_VBS_semilep_ZZ_EWK_2023LHEGS_v12
DEBUG 2026-08-12 12:47:43.648 UTC: 	 Proxied webdir is located at https://cmsweb.cern.ch/scheddmon/0144/ffiore/260812_124432:ffiore_crab_VBS_semilep_ZZ_EWK_2023LHEGS_v12
DEBUG 2026-08-12 12:47:43.649 UTC: 	 Retrieving 'status_cache' file from https://cmsweb.cern.ch/scheddmon/0144/ffiore/260812_124432:ffiore_crab_VBS_semilep_ZZ_EWK_2023LHEGS_v12/status_cache.pkl
DEBUG 2026-08-12 12:47:43.649 UTC: 	 Will execute:
curl -sS --capath /etc/grid-security/certificates --cert /tmp/x509up_u178888 --key /tmp/x509up_u178888 -o /tmp/crab_status-cache-to57f2td.pkl -w %"{http_code}" "https://cmsweb.cern.ch/scheddmon/0144/ffiore/260812_124432:ffiore_crab_VBS_semilep_ZZ_EWK_2023LHEGS_v12/status_cache.pkl"
DEBUG 2026-08-12 12:47:43.649 UTC: 	 Executing command :
 curl -sS --capath /etc/grid-security/certificates --cert /tmp/x509up_u178888 --key /tmp/x509up_u178888 -o /tmp/crab_status-cache-to57f2td.pkl -w %"{http_code}" "https://cmsweb.cern.ch/scheddmon/0144/ffiore/260812_124432:ffiore_crab_VBS_semilep_ZZ_EWK_2023LHEGS_v12/status_cache.pkl"
DEBUG 2026-08-12 12:47:43.720 UTC: 	 output : 200
 error: 
 retcode : 0
DEBUG 2026-08-12 12:47:43.721 UTC: 	 exitcode: 0
stdout: 200
stderr: 
error details: 
DEBUG 2026-08-12 12:47:43.721 UTC: 	 Got information from status cache file: {'1': {'Retries': 0, 'Restarts': 0, 'SiteHistory': ['T2_CH_CERN', 'T2_CH_CERN'], 'ResidentSetSize': [0], 'SubmitTimes': [1786538764.0], 'StartTimes': [1786538817.0], 'EndTimes': [], 'TotalUserCpuTimeHistory': [0.0], 'TotalSysCpuTimeHistory': [0.0], 'WallDurations': [0, 7.268025875091553], 'JobIds': ['159143625.0'], 'State': 'unsubmitted', 'RecordedSite': True}, '2': {'Retries': 0, 'Restarts': 0, 'SiteHistory': ['T2_CH_CERN', 'T2_CH_CERN'], 'ResidentSetSize': [0], 'SubmitTimes': [1786538764.0], 'StartTimes': [1786538818.0], 'EndTimes': [], 'TotalUserCpuTimeHistory': [0.0], 'TotalSysCpuTimeHistory': [0.0], 'WallDurations': [0, 6.268025875091553], 'JobIds': ['159143626.0'], 'State': 'unsubmitted', 'RecordedSite': True}}
INFO 2026-08-12 12:47:43.721 UTC: 	 Status on the scheduler:	RUNNING
INFO 2026-08-12 12:47:43.721 UTC: 	 
Jobs status:                    unsubmitted  		100.0% (2/2)
INFO 2026-08-12 12:47:43.721 UTC: 	 
No publication information (publication has been disabled in the CRAB configuration file)
INFO 2026-08-12 12:47:43.723 UTC: 	 Log file is /afs/cern.ch/user/f/ffiore/work/produzione/crab_MC_private/VBS_semilep_ZZ_EWK_2023LHEGS_v12/crab_VBS_semilep_ZZ_EWK_2023LHEGS_v12/crab.log
DEBUG 2026-08-12 12:47:53.462 UTC: 	 CRAB Client version: v3.260630
DEBUG 2026-08-12 12:47:53.462 UTC: 	 Running on: Linux lxplus808.cern.ch 4.18.0-553.144.1.el8_10.x86_64 #1 SMP Mon Jul 13 11:33:25 EDT 2026 x86_64 x86_64 x86_64 GNU/Linux
DEBUG 2026-08-12 12:47:53.462 UTC: 	 Not using Singularity
DEBUG 2026-08-12 12:47:53.462 UTC: 	 Operating System: Red Hat Enterprise Linux 8.10 (Ootpa)
DEBUG 2026-08-12 12:47:53.462 UTC: 	 Executing command: 'status'
DEBUG 2026-08-12 12:47:53.462 UTC: 	 Found CRAB cache file /afs/cern.ch/user/f/ffiore/.crab3
DEBUG 2026-08-12 12:47:53.471 UTC: 	 Checking credentials
DEBUG 2026-08-12 12:47:53.471 UTC: 	 Found proxy file /tmp/x509up_u178888
DEBUG 2026-08-12 12:47:53.471 UTC: 	 Making sure it has proper VOMS extension
DEBUG 2026-08-12 12:47:53.471 UTC: 	 Executing command :
 voms-proxy-info --vo --file /tmp/x509up_u178888
DEBUG 2026-08-12 12:47:53.501 UTC: 	 output : cms

 error: 
 retcode : 0
DEBUG 2026-08-12 12:47:53.501 UTC: 	 Getting proxy life time left
DEBUG 2026-08-12 12:47:53.501 UTC: 	 Executing command :
 voms-proxy-info --actimeleft --timeleft --file /tmp/x509up_u178888
DEBUG 2026-08-12 12:47:53.532 UTC: 	 output : 604552
604552

 error: 
 retcode : 0
DEBUG 2026-08-12 12:47:53.532 UTC: 	 Proxy valid for 167:55:52 hours
DEBUG 2026-08-12 12:47:53.532 UTC: 	 Encoded data for curl request: subresource=delegatedn
DEBUG 2026-08-12 12:47:53.581 UTC: 	 Registering user credentials on myproxy for /DC=ch/DC=cern/OU=Organic Units/OU=Users/CN=cmscrab/CN=(817881|373708)/CN=Robot: cms crab|/DC=ch/DC=cern/OU=Organic Units/OU=Users/CN=crabint1/CN=373708/CN=Robot: CMS CRAB Integration 1
DEBUG 2026-08-12 12:47:53.582 UTC: 	 Executing command :
 voms-proxy-info --identity --file /tmp/x509up_u178888
DEBUG 2026-08-12 12:47:53.627 UTC: 	 output : /DC=ch/DC=cern/OU=Organic Units/OU=Users/CN=ffiore/CN=883264/CN=Francesca Fiore

 error: 
 retcode : 0
DEBUG 2026-08-12 12:47:53.627 UTC: 	 Getting myproxy life time left for 1108dd7240a979e136768c977b197b9a1dace71c
DEBUG 2026-08-12 12:47:53.628 UTC: 	 Executing command :
 myproxy-info -s myproxy.cern.ch -l 1108dd7240a979e136768c977b197b9a1dace71c
DEBUG 2026-08-12 12:47:54.066 UTC: 	 output : username: 1108dd7240a979e136768c977b197b9a1dace71c
owner: /DC=ch/DC=cern/OU=Organic Units/OU=Users/CN=ffiore/CN=883264/CN=Francesca Fiore
  renewal policy: /DC=ch/DC=cern/OU=Organic Units/OU=Users/CN=cmscrab/CN=(817881|373708)/CN=Robot: cms crab|/DC=ch/DC=cern/OU=Organic Units/OU=Users/CN=crabint1/CN=373708/CN=Robot: CMS CRAB Integration 1
  trusted retrieval policy: /DC=ch/DC=cern/OU=Organic Units/OU=Users/CN=cmscrab/CN=(817881|373708)/CN=Robot: cms crab|/DC=ch/DC=cern/OU=Organic Units/OU=Users/CN=crabint1/CN=373708/CN=Robot: CMS CRAB Integration 1
  timeleft: 719:56:26  (30.0 days)

 error: 
 retcode : 0
DEBUG 2026-08-12 12:47:54.067 UTC: 	 Myproxy is valid: 2591760
DEBUG 2026-08-12 12:47:54.067 UTC: 	 Result of myproxy credential check:
  Credential exists on myproxy: username: 1108dd7240a979e136768c977b197b9a1dace71c  - validity: 29 days, 23:56:00
DEBUG 2026-08-12 12:47:54.067 UTC: 	 Retrieving username ...
DEBUG 2026-08-12 12:47:54.067 UTC: 	 Retrieving username from CRIC...
DEBUG 2026-08-12 12:47:55.313 UTC: 	 username is ffiore
INFO 2026-08-12 12:47:58.115 UTC: 	 Rucio client intialized for account ffiore
DEBUG 2026-08-12 12:47:58.115 UTC: 	 Command use: status
DEBUG 2026-08-12 12:47:58.115 UTC: 	 Options use: ['-d', 'VBS_semilep_ZZ_EWK_2023LHEGS_v12/crab_VBS_semilep_ZZ_EWK_2023LHEGS_v12']
DEBUG 2026-08-12 12:47:58.116 UTC: 	 Encoded data for curl request: subresource=version
DEBUG 2026-08-12 12:47:58.198 UTC: 	 CRABClient version: v3.260630
DEBUG 2026-08-12 12:47:58.198 UTC: 	 Instance is prod
DEBUG 2026-08-12 12:47:58.198 UTC: 	 Server base url is cmsweb.cern.ch
DEBUG 2026-08-12 12:47:58.198 UTC: 	 Command api workflow
DEBUG 2026-08-12 12:47:58.198 UTC: 	 Encoded data for curl request: subresource=search&workflow=260812_124432%3Affiore_crab_VBS_semilep_ZZ_EWK_2023LHEGS_v12
DEBUG 2026-08-12 12:47:58.260 UTC: 	 Got information from server oracle database: {'desc': {'columns': ['tm_taskname', 'tm_activity', 'tm_task_status', 'tm_task_command', 'tm_start_time', 'tm_start_injection', 'tm_end_injection', 'tm_task_failure', 'tm_job_sw', 'tm_job_arch', 'tm_input_dataset', 'tm_nonvalid_input_dataset', 'tm_use_parent', 'tm_site_whitelist', 'tm_site_blacklist', 'tm_split_algo', 'tm_split_args', 'tm_user_sandbox', 'tm_cache_url', 'tm_username', 'tm_user_dn', 'tm_user_vo', 'tm_user_role', 'tm_user_group', 'tm_publish_name', 'tm_publish_groupname', 'tm_asyncdest', 'tm_dbs_url', 'tm_publish_dbs_url', 'tm_publication', 'tm_outfiles', 'tm_tfile_outfiles', 'tm_edm_outfiles', 'tm_job_type', 'tm_generator', 'tm_events_per_lumi', 'tm_arguments', 'tm_save_logs', 'tw_name', 'tm_user_infiles', 'tm_maxjobruntime', 'tm_numcores', 'tm_maxmemory', 'tm_priority', 'tm_output_dataset', 'tm_task_warnings', 'tm_user_webdir', 'tm_scriptexe', 'tm_scriptargs', 'tm_extrajdl', 'tm_collector', 'tm_schedd', 'tm_dry_run', 'tm_user_files', 'tm_transfer_outputs', 'tm_output_lfn', 'tm_ignore_locality', 'tm_fail_limit', 'tm_one_event_mode', 'tm_secondary_input_dataset', 'tm_primary_dataset', 'tm_last_publication', 'tm_debug_files', 'clusterid', 'tm_ignore_global_blacklist', 'tm_submitter_ip_addr', 'tm_totalunits', 'tm_ddm_reqid', 'tm_user_config', 'tm_transfer_container', 'tm_transfer_rule', 'tm_publish_rule', 'tm_multipub_rule', 'tm_job_min_microarch', 'tm_dagman_status', 'tm_num_jobs', 'tm_uploaded']}, 'result': ['260812_124432:ffiore_crab_VBS_semilep_ZZ_EWK_2023LHEGS_v12', 'None', 'SUBMITTED', 'SUBMIT', '2026-08-12 12:44:32.262474', 'None', '2026-08-12 12:44:55.472039', 'None', 'CMSSW_13_0_14', 'el8_amd64_gcc11', 'None', 'F', '0', '[]', '[]', 'EventBased', "{'halt_job_on_file_boundaries': False, 'splitOnRun': False, 'events_per_job': 20, 'runs': [], 'lumis': []}", '7ed6e5b44598f438a161715ec666cd4e5d0997f41b38fe7901a5bd3a27e8da73.tar.gz', 'S3/crabcache_prod', 'ffiore', '/DC=ch/DC=cern/OU=Organic Units/OU=Users/CN=ffiore/CN=883264/CN=Francesca Fiore', 'cms', 'None', 'None', 'VBS_semilep_ZZ_EWK_2023LHEGS_v12-00000000000000000000000000000000', 'F', 'T2_IT_Legnaro', 'https://cmsweb.cern.ch/dbs/prod/global/DBSReader', 'https://cmsweb.cern.ch/dbs/prod/phys03/DBSWriter', 'F', "['Run3Summer23NanoAODv12.root']", '[]', '[]', 'PrivateMC', 'pythia', '20', '{}', 'F', 'crab-prod-tw01', '[]', '1250', '4', '8000', '10', 'None', '[]', 'http://vocms0144.cern.ch/mon/ffiore/260812_124432:ffiore_crab_VBS_semilep_ZZ_EWK_2023LHEGS_v12', 'run_chain_Run3.sh', "['inputGridpack=/eos/user/f/ffiore/VBS/Gridpacks/ZZ/VBS_ZZ_semilep_el8_amd64_gcc10_CMSSW_12_4_8_tarball.tar.xz', 'nEvents=20', 'nThreads=4']", '[]', 'None', 'crab3@vocms0144.cern.ch', 'F', '[]', 'T', '/store/user/ffiore/', 'F', 'None', 'F', 'None', 'VBS_semilep_ZZ_EWK_2023LHEGS_v12', 'None', '39b51909eb0ce8ea1ba61e6aadd877fb0392e61f45ea9784e405ce621ace9784.tar.gz', '159143620', 'F', '188.185.101.116', '40.0', 'None', '{"partialdataset": false, "requireaccelerator": false, "acceleratorparams": null, "inputblocks": null}', 'None', 'None', 'None', 'None', 'any', 'RUNNING', '2', 'T']}
INFO 2026-08-12 12:47:58.260 UTC: 	 CRAB project directory:		/afs/cern.ch/user/f/ffiore/work/produzione/crab_MC_private/VBS_semilep_ZZ_EWK_2023LHEGS_v12/crab_VBS_semilep_ZZ_EWK_2023LHEGS_v12
INFO 2026-08-12 12:47:58.260 UTC: 	 Task name:			260812_124432:ffiore_crab_VBS_semilep_ZZ_EWK_2023LHEGS_v12
INFO 2026-08-12 12:47:58.260 UTC: 	 Grid scheduler - Task Worker:	crab3@vocms0144.cern.ch - crab-prod-tw01
INFO 2026-08-12 12:47:58.260 UTC: 	 Status on the CRAB server:	SUBMITTED
INFO 2026-08-12 12:47:58.260 UTC: 	 Task URL to use for HELP:	https://cmsweb.cern.ch/crabserver/ui/task/260812_124432%3Affiore_crab_VBS_semilep_ZZ_EWK_2023LHEGS_v12
INFO 2026-08-12 12:47:58.430 UTC: 	 Dashboard monitoring URL:	https://monit-grafana.cern.ch/d/cmsTMDetail/cms-task-monitoring-task-view?orgId=11&var-user=ffiore&var-task=260812_124432%3Affiore_crab_VBS_semilep_ZZ_EWK_2023LHEGS_v12&from=1786535072000&to=now
DEBUG 2026-08-12 12:47:58.431 UTC: 	 The CRAB server submitted your task to the Grid scheduler (cluster ID: 159143620)
DEBUG 2026-08-12 12:47:58.431 UTC: 	 Webdir is located at http://vocms0144.cern.ch/mon/ffiore/260812_124432:ffiore_crab_VBS_semilep_ZZ_EWK_2023LHEGS_v12
DEBUG 2026-08-12 12:47:58.431 UTC: 	 Encoded data for curl request: subresource=webdirprx&workflow=260812_124432%3Affiore_crab_VBS_semilep_ZZ_EWK_2023LHEGS_v12
DEBUG 2026-08-12 12:47:58.487 UTC: 	 Proxied webdir is located at https://cmsweb.cern.ch/scheddmon/0144/ffiore/260812_124432:ffiore_crab_VBS_semilep_ZZ_EWK_2023LHEGS_v12
DEBUG 2026-08-12 12:47:58.487 UTC: 	 Retrieving 'status_cache' file from https://cmsweb.cern.ch/scheddmon/0144/ffiore/260812_124432:ffiore_crab_VBS_semilep_ZZ_EWK_2023LHEGS_v12/status_cache.pkl
DEBUG 2026-08-12 12:47:58.487 UTC: 	 Will execute:
curl -sS --capath /etc/grid-security/certificates --cert /tmp/x509up_u178888 --key /tmp/x509up_u178888 -o /tmp/crab_status-cache-eby4x373.pkl -w %"{http_code}" "https://cmsweb.cern.ch/scheddmon/0144/ffiore/260812_124432:ffiore_crab_VBS_semilep_ZZ_EWK_2023LHEGS_v12/status_cache.pkl"
DEBUG 2026-08-12 12:47:58.487 UTC: 	 Executing command :
 curl -sS --capath /etc/grid-security/certificates --cert /tmp/x509up_u178888 --key /tmp/x509up_u178888 -o /tmp/crab_status-cache-eby4x373.pkl -w %"{http_code}" "https://cmsweb.cern.ch/scheddmon/0144/ffiore/260812_124432:ffiore_crab_VBS_semilep_ZZ_EWK_2023LHEGS_v12/status_cache.pkl"
DEBUG 2026-08-12 12:47:58.539 UTC: 	 output : 200
 error: 
 retcode : 0
DEBUG 2026-08-12 12:47:58.539 UTC: 	 exitcode: 0
stdout: 200
stderr: 
error details: 
DEBUG 2026-08-12 12:47:58.539 UTC: 	 Got information from status cache file: {'1': {'Retries': 0, 'Restarts': 0, 'SiteHistory': ['T2_CH_CERN', 'T2_CH_CERN'], 'ResidentSetSize': [0], 'SubmitTimes': [1786538764.0], 'StartTimes': [1786538817.0], 'EndTimes': [], 'TotalUserCpuTimeHistory': [0.0], 'TotalSysCpuTimeHistory': [0.0], 'WallDurations': [0, 7.268025875091553], 'JobIds': ['159143625.0'], 'State': 'unsubmitted', 'RecordedSite': True}, '2': {'Retries': 0, 'Restarts': 0, 'SiteHistory': ['T2_CH_CERN', 'T2_CH_CERN'], 'ResidentSetSize': [0], 'SubmitTimes': [1786538764.0], 'StartTimes': [1786538818.0], 'EndTimes': [], 'TotalUserCpuTimeHistory': [0.0], 'TotalSysCpuTimeHistory': [0.0], 'WallDurations': [0, 6.268025875091553], 'JobIds': ['159143626.0'], 'State': 'unsubmitted', 'RecordedSite': True}}
INFO 2026-08-12 12:47:58.540 UTC: 	 Status on the scheduler:	RUNNING
INFO 2026-08-12 12:47:58.540 UTC: 	 
Jobs status:                    unsubmitted  		100.0% (2/2)
INFO 2026-08-12 12:47:58.540 UTC: 	 
No publication information (publication has been disabled in the CRAB configuration file)
INFO 2026-08-12 12:47:58.542 UTC: 	 Log file is /afs/cern.ch/user/f/ffiore/work/produzione/crab_MC_private/VBS_semilep_ZZ_EWK_2023LHEGS_v12/crab_VBS_semilep_ZZ_EWK_2023LHEGS_v12/crab.log
DEBUG 2026-08-12 12:48:08.778 UTC: 	 CRAB Client version: v3.260630
DEBUG 2026-08-12 12:48:08.778 UTC: 	 Running on: Linux lxplus808.cern.ch 4.18.0-553.144.1.el8_10.x86_64 #1 SMP Mon Jul 13 11:33:25 EDT 2026 x86_64 x86_64 x86_64 GNU/Linux
DEBUG 2026-08-12 12:48:08.778 UTC: 	 Not using Singularity
DEBUG 2026-08-12 12:48:08.778 UTC: 	 Operating System: Red Hat Enterprise Linux 8.10 (Ootpa)
DEBUG 2026-08-12 12:48:08.778 UTC: 	 Executing command: 'status'
DEBUG 2026-08-12 12:48:08.779 UTC: 	 Found CRAB cache file /afs/cern.ch/user/f/ffiore/.crab3
DEBUG 2026-08-12 12:48:08.790 UTC: 	 Checking credentials
DEBUG 2026-08-12 12:48:08.790 UTC: 	 Found proxy file /tmp/x509up_u178888
DEBUG 2026-08-12 12:48:08.790 UTC: 	 Making sure it has proper VOMS extension
DEBUG 2026-08-12 12:48:08.790 UTC: 	 Executing command :
 voms-proxy-info --vo --file /tmp/x509up_u178888
DEBUG 2026-08-12 12:48:08.835 UTC: 	 output : cms

 error: 
 retcode : 0
DEBUG 2026-08-12 12:48:08.835 UTC: 	 Getting proxy life time left
DEBUG 2026-08-12 12:48:08.835 UTC: 	 Executing command :
 voms-proxy-info --actimeleft --timeleft --file /tmp/x509up_u178888
DEBUG 2026-08-12 12:48:08.961 UTC: 	 output : 604537
604537

 error: 
 retcode : 0
DEBUG 2026-08-12 12:48:08.962 UTC: 	 Proxy valid for 167:55:37 hours
DEBUG 2026-08-12 12:48:08.962 UTC: 	 Encoded data for curl request: subresource=delegatedn
DEBUG 2026-08-12 12:48:09.188 UTC: 	 Registering user credentials on myproxy for /DC=ch/DC=cern/OU=Organic Units/OU=Users/CN=cmscrab/CN=(817881|373708)/CN=Robot: cms crab|/DC=ch/DC=cern/OU=Organic Units/OU=Users/CN=crabint1/CN=373708/CN=Robot: CMS CRAB Integration 1
DEBUG 2026-08-12 12:48:09.188 UTC: 	 Executing command :
 voms-proxy-info --identity --file /tmp/x509up_u178888
DEBUG 2026-08-12 12:48:09.255 UTC: 	 output : /DC=ch/DC=cern/OU=Organic Units/OU=Users/CN=ffiore/CN=883264/CN=Francesca Fiore

 error: 
 retcode : 0
DEBUG 2026-08-12 12:48:09.255 UTC: 	 Getting myproxy life time left for 1108dd7240a979e136768c977b197b9a1dace71c
DEBUG 2026-08-12 12:48:09.255 UTC: 	 Executing command :
 myproxy-info -s myproxy.cern.ch -l 1108dd7240a979e136768c977b197b9a1dace71c
DEBUG 2026-08-12 12:48:09.710 UTC: 	 output : username: 1108dd7240a979e136768c977b197b9a1dace71c
owner: /DC=ch/DC=cern/OU=Organic Units/OU=Users/CN=ffiore/CN=883264/CN=Francesca Fiore
  renewal policy: /DC=ch/DC=cern/OU=Organic Units/OU=Users/CN=cmscrab/CN=(817881|373708)/CN=Robot: cms crab|/DC=ch/DC=cern/OU=Organic Units/OU=Users/CN=crabint1/CN=373708/CN=Robot: CMS CRAB Integration 1
  trusted retrieval policy: /DC=ch/DC=cern/OU=Organic Units/OU=Users/CN=cmscrab/CN=(817881|373708)/CN=Robot: cms crab|/DC=ch/DC=cern/OU=Organic Units/OU=Users/CN=crabint1/CN=373708/CN=Robot: CMS CRAB Integration 1
  timeleft: 719:56:11  (30.0 days)

 error: 
 retcode : 0
DEBUG 2026-08-12 12:48:09.710 UTC: 	 Myproxy is valid: 2591760
DEBUG 2026-08-12 12:48:09.710 UTC: 	 Result of myproxy credential check:
  Credential exists on myproxy: username: 1108dd7240a979e136768c977b197b9a1dace71c  - validity: 29 days, 23:56:00
DEBUG 2026-08-12 12:48:09.710 UTC: 	 Retrieving username ...
DEBUG 2026-08-12 12:48:09.710 UTC: 	 Retrieving username from CRIC...
DEBUG 2026-08-12 12:48:10.607 UTC: 	 username is ffiore
INFO 2026-08-12 12:48:16.237 UTC: 	 Rucio client intialized for account ffiore
DEBUG 2026-08-12 12:48:16.238 UTC: 	 Command use: status
DEBUG 2026-08-12 12:48:16.238 UTC: 	 Options use: ['-d', 'VBS_semilep_ZZ_EWK_2023LHEGS_v12/crab_VBS_semilep_ZZ_EWK_2023LHEGS_v12']
DEBUG 2026-08-12 12:48:16.238 UTC: 	 Encoded data for curl request: subresource=version
DEBUG 2026-08-12 12:48:16.312 UTC: 	 CRABClient version: v3.260630
DEBUG 2026-08-12 12:48:16.312 UTC: 	 Instance is prod
DEBUG 2026-08-12 12:48:16.312 UTC: 	 Server base url is cmsweb.cern.ch
DEBUG 2026-08-12 12:48:16.312 UTC: 	 Command api workflow
DEBUG 2026-08-12 12:48:16.313 UTC: 	 Encoded data for curl request: subresource=search&workflow=260812_124432%3Affiore_crab_VBS_semilep_ZZ_EWK_2023LHEGS_v12
DEBUG 2026-08-12 12:48:16.377 UTC: 	 Got information from server oracle database: {'desc': {'columns': ['tm_taskname', 'tm_activity', 'tm_task_status', 'tm_task_command', 'tm_start_time', 'tm_start_injection', 'tm_end_injection', 'tm_task_failure', 'tm_job_sw', 'tm_job_arch', 'tm_input_dataset', 'tm_nonvalid_input_dataset', 'tm_use_parent', 'tm_site_whitelist', 'tm_site_blacklist', 'tm_split_algo', 'tm_split_args', 'tm_user_sandbox', 'tm_cache_url', 'tm_username', 'tm_user_dn', 'tm_user_vo', 'tm_user_role', 'tm_user_group', 'tm_publish_name', 'tm_publish_groupname', 'tm_asyncdest', 'tm_dbs_url', 'tm_publish_dbs_url', 'tm_publication', 'tm_outfiles', 'tm_tfile_outfiles', 'tm_edm_outfiles', 'tm_job_type', 'tm_generator', 'tm_events_per_lumi', 'tm_arguments', 'tm_save_logs', 'tw_name', 'tm_user_infiles', 'tm_maxjobruntime', 'tm_numcores', 'tm_maxmemory', 'tm_priority', 'tm_output_dataset', 'tm_task_warnings', 'tm_user_webdir', 'tm_scriptexe', 'tm_scriptargs', 'tm_extrajdl', 'tm_collector', 'tm_schedd', 'tm_dry_run', 'tm_user_files', 'tm_transfer_outputs', 'tm_output_lfn', 'tm_ignore_locality', 'tm_fail_limit', 'tm_one_event_mode', 'tm_secondary_input_dataset', 'tm_primary_dataset', 'tm_last_publication', 'tm_debug_files', 'clusterid', 'tm_ignore_global_blacklist', 'tm_submitter_ip_addr', 'tm_totalunits', 'tm_ddm_reqid', 'tm_user_config', 'tm_transfer_container', 'tm_transfer_rule', 'tm_publish_rule', 'tm_multipub_rule', 'tm_job_min_microarch', 'tm_dagman_status', 'tm_num_jobs', 'tm_uploaded']}, 'result': ['260812_124432:ffiore_crab_VBS_semilep_ZZ_EWK_2023LHEGS_v12', 'None', 'SUBMITTED', 'SUBMIT', '2026-08-12 12:44:32.262474', 'None', '2026-08-12 12:44:55.472039', 'None', 'CMSSW_13_0_14', 'el8_amd64_gcc11', 'None', 'F', '0', '[]', '[]', 'EventBased', "{'halt_job_on_file_boundaries': False, 'splitOnRun': False, 'events_per_job': 20, 'runs': [], 'lumis': []}", '7ed6e5b44598f438a161715ec666cd4e5d0997f41b38fe7901a5bd3a27e8da73.tar.gz', 'S3/crabcache_prod', 'ffiore', '/DC=ch/DC=cern/OU=Organic Units/OU=Users/CN=ffiore/CN=883264/CN=Francesca Fiore', 'cms', 'None', 'None', 'VBS_semilep_ZZ_EWK_2023LHEGS_v12-00000000000000000000000000000000', 'F', 'T2_IT_Legnaro', 'https://cmsweb.cern.ch/dbs/prod/global/DBSReader', 'https://cmsweb.cern.ch/dbs/prod/phys03/DBSWriter', 'F', "['Run3Summer23NanoAODv12.root']", '[]', '[]', 'PrivateMC', 'pythia', '20', '{}', 'F', 'crab-prod-tw01', '[]', '1250', '4', '8000', '10', 'None', '[]', 'http://vocms0144.cern.ch/mon/ffiore/260812_124432:ffiore_crab_VBS_semilep_ZZ_EWK_2023LHEGS_v12', 'run_chain_Run3.sh', "['inputGridpack=/eos/user/f/ffiore/VBS/Gridpacks/ZZ/VBS_ZZ_semilep_el8_amd64_gcc10_CMSSW_12_4_8_tarball.tar.xz', 'nEvents=20', 'nThreads=4']", '[]', 'None', 'crab3@vocms0144.cern.ch', 'F', '[]', 'T', '/store/user/ffiore/', 'F', 'None', 'F', 'None', 'VBS_semilep_ZZ_EWK_2023LHEGS_v12', 'None', '39b51909eb0ce8ea1ba61e6aadd877fb0392e61f45ea9784e405ce621ace9784.tar.gz', '159143620', 'F', '188.185.101.116', '40.0', 'None', '{"partialdataset": false, "requireaccelerator": false, "acceleratorparams": null, "inputblocks": null}', 'None', 'None', 'None', 'None', 'any', 'RUNNING', '2', 'T']}
INFO 2026-08-12 12:48:16.377 UTC: 	 CRAB project directory:		/afs/cern.ch/user/f/ffiore/work/produzione/crab_MC_private/VBS_semilep_ZZ_EWK_2023LHEGS_v12/crab_VBS_semilep_ZZ_EWK_2023LHEGS_v12
INFO 2026-08-12 12:48:16.378 UTC: 	 Task name:			260812_124432:ffiore_crab_VBS_semilep_ZZ_EWK_2023LHEGS_v12
INFO 2026-08-12 12:48:16.378 UTC: 	 Grid scheduler - Task Worker:	crab3@vocms0144.cern.ch - crab-prod-tw01
INFO 2026-08-12 12:48:16.378 UTC: 	 Status on the CRAB server:	SUBMITTED
INFO 2026-08-12 12:48:16.378 UTC: 	 Task URL to use for HELP:	https://cmsweb.cern.ch/crabserver/ui/task/260812_124432%3Affiore_crab_VBS_semilep_ZZ_EWK_2023LHEGS_v12
INFO 2026-08-12 12:48:16.388 UTC: 	 Dashboard monitoring URL:	https://monit-grafana.cern.ch/d/cmsTMDetail/cms-task-monitoring-task-view?orgId=11&var-user=ffiore&var-task=260812_124432%3Affiore_crab_VBS_semilep_ZZ_EWK_2023LHEGS_v12&from=1786535072000&to=now
DEBUG 2026-08-12 12:48:16.388 UTC: 	 The CRAB server submitted your task to the Grid scheduler (cluster ID: 159143620)
DEBUG 2026-08-12 12:48:16.388 UTC: 	 Webdir is located at http://vocms0144.cern.ch/mon/ffiore/260812_124432:ffiore_crab_VBS_semilep_ZZ_EWK_2023LHEGS_v12
DEBUG 2026-08-12 12:48:16.389 UTC: 	 Encoded data for curl request: subresource=webdirprx&workflow=260812_124432%3Affiore_crab_VBS_semilep_ZZ_EWK_2023LHEGS_v12
DEBUG 2026-08-12 12:48:16.650 UTC: 	 Proxied webdir is located at https://cmsweb.cern.ch/scheddmon/0144/ffiore/260812_124432:ffiore_crab_VBS_semilep_ZZ_EWK_2023LHEGS_v12
DEBUG 2026-08-12 12:48:16.651 UTC: 	 Retrieving 'status_cache' file from https://cmsweb.cern.ch/scheddmon/0144/ffiore/260812_124432:ffiore_crab_VBS_semilep_ZZ_EWK_2023LHEGS_v12/status_cache.pkl
DEBUG 2026-08-12 12:48:16.651 UTC: 	 Will execute:
curl -sS --capath /etc/grid-security/certificates --cert /tmp/x509up_u178888 --key /tmp/x509up_u178888 -o /tmp/crab_status-cache-ekdpbtwi.pkl -w %"{http_code}" "https://cmsweb.cern.ch/scheddmon/0144/ffiore/260812_124432:ffiore_crab_VBS_semilep_ZZ_EWK_2023LHEGS_v12/status_cache.pkl"
DEBUG 2026-08-12 12:48:16.651 UTC: 	 Executing command :
 curl -sS --capath /etc/grid-security/certificates --cert /tmp/x509up_u178888 --key /tmp/x509up_u178888 -o /tmp/crab_status-cache-ekdpbtwi.pkl -w %"{http_code}" "https://cmsweb.cern.ch/scheddmon/0144/ffiore/260812_124432:ffiore_crab_VBS_semilep_ZZ_EWK_2023LHEGS_v12/status_cache.pkl"
DEBUG 2026-08-12 12:48:16.724 UTC: 	 output : 200
 error: 
 retcode : 0
DEBUG 2026-08-12 12:48:16.724 UTC: 	 exitcode: 0
stdout: 200
stderr: 
error details: 
DEBUG 2026-08-12 12:48:16.725 UTC: 	 Got information from status cache file: {'1': {'Retries': 0, 'Restarts': 0, 'SiteHistory': ['T2_CH_CERN', 'T2_CH_CERN'], 'ResidentSetSize': [0], 'SubmitTimes': [1786538764.0], 'StartTimes': [1786538817.0], 'EndTimes': [], 'TotalUserCpuTimeHistory': [0.0], 'TotalSysCpuTimeHistory': [0.0], 'WallDurations': [0, 7.268025875091553], 'JobIds': ['159143625.0'], 'State': 'unsubmitted', 'RecordedSite': True}, '2': {'Retries': 0, 'Restarts': 0, 'SiteHistory': ['T2_CH_CERN', 'T2_CH_CERN'], 'ResidentSetSize': [0], 'SubmitTimes': [1786538764.0], 'StartTimes': [1786538818.0], 'EndTimes': [], 'TotalUserCpuTimeHistory': [0.0], 'TotalSysCpuTimeHistory': [0.0], 'WallDurations': [0, 6.268025875091553], 'JobIds': ['159143626.0'], 'State': 'unsubmitted', 'RecordedSite': True}}
INFO 2026-08-12 12:48:16.725 UTC: 	 Status on the scheduler:	RUNNING
INFO 2026-08-12 12:48:16.725 UTC: 	 
Jobs status:                    unsubmitted  		100.0% (2/2)
INFO 2026-08-12 12:48:16.725 UTC: 	 
No publication information (publication has been disabled in the CRAB configuration file)
INFO 2026-08-12 12:48:16.727 UTC: 	 Log file is /afs/cern.ch/user/f/ffiore/work/produzione/crab_MC_private/VBS_semilep_ZZ_EWK_2023LHEGS_v12/crab_VBS_semilep_ZZ_EWK_2023LHEGS_v12/crab.log
DEBUG 2026-08-12 12:48:26.414 UTC: 	 CRAB Client version: v3.260630
DEBUG 2026-08-12 12:48:26.414 UTC: 	 Running on: Linux lxplus808.cern.ch 4.18.0-553.144.1.el8_10.x86_64 #1 SMP Mon Jul 13 11:33:25 EDT 2026 x86_64 x86_64 x86_64 GNU/Linux
DEBUG 2026-08-12 12:48:26.414 UTC: 	 Not using Singularity
DEBUG 2026-08-12 12:48:26.414 UTC: 	 Operating System: Red Hat Enterprise Linux 8.10 (Ootpa)
DEBUG 2026-08-12 12:48:26.414 UTC: 	 Executing command: 'status'
DEBUG 2026-08-12 12:48:26.414 UTC: 	 Found CRAB cache file /afs/cern.ch/user/f/ffiore/.crab3
DEBUG 2026-08-12 12:48:26.465 UTC: 	 Checking credentials
DEBUG 2026-08-12 12:48:26.465 UTC: 	 Found proxy file /tmp/x509up_u178888
DEBUG 2026-08-12 12:48:26.466 UTC: 	 Making sure it has proper VOMS extension
DEBUG 2026-08-12 12:48:26.466 UTC: 	 Executing command :
 voms-proxy-info --vo --file /tmp/x509up_u178888
DEBUG 2026-08-12 12:48:26.570 UTC: 	 output : cms

 error: 
 retcode : 0
DEBUG 2026-08-12 12:48:26.570 UTC: 	 Getting proxy life time left
DEBUG 2026-08-12 12:48:26.570 UTC: 	 Executing command :
 voms-proxy-info --actimeleft --timeleft --file /tmp/x509up_u178888
DEBUG 2026-08-12 12:48:26.621 UTC: 	 output : 604519
604519

 error: 
 retcode : 0
DEBUG 2026-08-12 12:48:26.621 UTC: 	 Proxy valid for 167:55:19 hours
DEBUG 2026-08-12 12:48:26.621 UTC: 	 Encoded data for curl request: subresource=delegatedn
DEBUG 2026-08-12 12:48:26.692 UTC: 	 Registering user credentials on myproxy for /DC=ch/DC=cern/OU=Organic Units/OU=Users/CN=cmscrab/CN=(817881|373708)/CN=Robot: cms crab|/DC=ch/DC=cern/OU=Organic Units/OU=Users/CN=crabint1/CN=373708/CN=Robot: CMS CRAB Integration 1
DEBUG 2026-08-12 12:48:26.692 UTC: 	 Executing command :
 voms-proxy-info --identity --file /tmp/x509up_u178888
DEBUG 2026-08-12 12:48:26.739 UTC: 	 output : /DC=ch/DC=cern/OU=Organic Units/OU=Users/CN=ffiore/CN=883264/CN=Francesca Fiore

 error: 
 retcode : 0
DEBUG 2026-08-12 12:48:26.740 UTC: 	 Getting myproxy life time left for 1108dd7240a979e136768c977b197b9a1dace71c
DEBUG 2026-08-12 12:48:26.740 UTC: 	 Executing command :
 myproxy-info -s myproxy.cern.ch -l 1108dd7240a979e136768c977b197b9a1dace71c
DEBUG 2026-08-12 12:48:27.283 UTC: 	 output : username: 1108dd7240a979e136768c977b197b9a1dace71c
owner: /DC=ch/DC=cern/OU=Organic Units/OU=Users/CN=ffiore/CN=883264/CN=Francesca Fiore
  renewal policy: /DC=ch/DC=cern/OU=Organic Units/OU=Users/CN=cmscrab/CN=(817881|373708)/CN=Robot: cms crab|/DC=ch/DC=cern/OU=Organic Units/OU=Users/CN=crabint1/CN=373708/CN=Robot: CMS CRAB Integration 1
  trusted retrieval policy: /DC=ch/DC=cern/OU=Organic Units/OU=Users/CN=cmscrab/CN=(817881|373708)/CN=Robot: cms crab|/DC=ch/DC=cern/OU=Organic Units/OU=Users/CN=crabint1/CN=373708/CN=Robot: CMS CRAB Integration 1
  timeleft: 719:55:53  (30.0 days)

 error: 
 retcode : 0
DEBUG 2026-08-12 12:48:27.283 UTC: 	 Myproxy is valid: 2591700
DEBUG 2026-08-12 12:48:27.283 UTC: 	 Result of myproxy credential check:
  Credential exists on myproxy: username: 1108dd7240a979e136768c977b197b9a1dace71c  - validity: 29 days, 23:55:00
DEBUG 2026-08-12 12:48:27.283 UTC: 	 Retrieving username ...
DEBUG 2026-08-12 12:48:27.283 UTC: 	 Retrieving username from CRIC...
DEBUG 2026-08-12 12:48:28.548 UTC: 	 username is ffiore
INFO 2026-08-12 12:48:34.439 UTC: 	 Rucio client intialized for account ffiore
DEBUG 2026-08-12 12:48:34.439 UTC: 	 Command use: status
DEBUG 2026-08-12 12:48:34.439 UTC: 	 Options use: ['-d', 'VBS_semilep_ZZ_EWK_2023LHEGS_v12/crab_VBS_semilep_ZZ_EWK_2023LHEGS_v12']
DEBUG 2026-08-12 12:48:34.439 UTC: 	 Encoded data for curl request: subresource=version
DEBUG 2026-08-12 12:48:34.662 UTC: 	 CRABClient version: v3.260630
DEBUG 2026-08-12 12:48:34.662 UTC: 	 Instance is prod
DEBUG 2026-08-12 12:48:34.662 UTC: 	 Server base url is cmsweb.cern.ch
DEBUG 2026-08-12 12:48:34.662 UTC: 	 Command api workflow
DEBUG 2026-08-12 12:48:34.662 UTC: 	 Encoded data for curl request: subresource=search&workflow=260812_124432%3Affiore_crab_VBS_semilep_ZZ_EWK_2023LHEGS_v12
DEBUG 2026-08-12 12:48:34.732 UTC: 	 Got information from server oracle database: {'desc': {'columns': ['tm_taskname', 'tm_activity', 'tm_task_status', 'tm_task_command', 'tm_start_time', 'tm_start_injection', 'tm_end_injection', 'tm_task_failure', 'tm_job_sw', 'tm_job_arch', 'tm_input_dataset', 'tm_nonvalid_input_dataset', 'tm_use_parent', 'tm_site_whitelist', 'tm_site_blacklist', 'tm_split_algo', 'tm_split_args', 'tm_user_sandbox', 'tm_cache_url', 'tm_username', 'tm_user_dn', 'tm_user_vo', 'tm_user_role', 'tm_user_group', 'tm_publish_name', 'tm_publish_groupname', 'tm_asyncdest', 'tm_dbs_url', 'tm_publish_dbs_url', 'tm_publication', 'tm_outfiles', 'tm_tfile_outfiles', 'tm_edm_outfiles', 'tm_job_type', 'tm_generator', 'tm_events_per_lumi', 'tm_arguments', 'tm_save_logs', 'tw_name', 'tm_user_infiles', 'tm_maxjobruntime', 'tm_numcores', 'tm_maxmemory', 'tm_priority', 'tm_output_dataset', 'tm_task_warnings', 'tm_user_webdir', 'tm_scriptexe', 'tm_scriptargs', 'tm_extrajdl', 'tm_collector', 'tm_schedd', 'tm_dry_run', 'tm_user_files', 'tm_transfer_outputs', 'tm_output_lfn', 'tm_ignore_locality', 'tm_fail_limit', 'tm_one_event_mode', 'tm_secondary_input_dataset', 'tm_primary_dataset', 'tm_last_publication', 'tm_debug_files', 'clusterid', 'tm_ignore_global_blacklist', 'tm_submitter_ip_addr', 'tm_totalunits', 'tm_ddm_reqid', 'tm_user_config', 'tm_transfer_container', 'tm_transfer_rule', 'tm_publish_rule', 'tm_multipub_rule', 'tm_job_min_microarch', 'tm_dagman_status', 'tm_num_jobs', 'tm_uploaded']}, 'result': ['260812_124432:ffiore_crab_VBS_semilep_ZZ_EWK_2023LHEGS_v12', 'None', 'SUBMITTED', 'SUBMIT', '2026-08-12 12:44:32.262474', 'None', '2026-08-12 12:44:55.472039', 'None', 'CMSSW_13_0_14', 'el8_amd64_gcc11', 'None', 'F', '0', '[]', '[]', 'EventBased', "{'halt_job_on_file_boundaries': False, 'splitOnRun': False, 'events_per_job': 20, 'runs': [], 'lumis': []}", '7ed6e5b44598f438a161715ec666cd4e5d0997f41b38fe7901a5bd3a27e8da73.tar.gz', 'S3/crabcache_prod', 'ffiore', '/DC=ch/DC=cern/OU=Organic Units/OU=Users/CN=ffiore/CN=883264/CN=Francesca Fiore', 'cms', 'None', 'None', 'VBS_semilep_ZZ_EWK_2023LHEGS_v12-00000000000000000000000000000000', 'F', 'T2_IT_Legnaro', 'https://cmsweb.cern.ch/dbs/prod/global/DBSReader', 'https://cmsweb.cern.ch/dbs/prod/phys03/DBSWriter', 'F', "['Run3Summer23NanoAODv12.root']", '[]', '[]', 'PrivateMC', 'pythia', '20', '{}', 'F', 'crab-prod-tw01', '[]', '1250', '4', '8000', '10', 'None', '[]', 'http://vocms0144.cern.ch/mon/ffiore/260812_124432:ffiore_crab_VBS_semilep_ZZ_EWK_2023LHEGS_v12', 'run_chain_Run3.sh', "['inputGridpack=/eos/user/f/ffiore/VBS/Gridpacks/ZZ/VBS_ZZ_semilep_el8_amd64_gcc10_CMSSW_12_4_8_tarball.tar.xz', 'nEvents=20', 'nThreads=4']", '[]', 'None', 'crab3@vocms0144.cern.ch', 'F', '[]', 'T', '/store/user/ffiore/', 'F', 'None', 'F', 'None', 'VBS_semilep_ZZ_EWK_2023LHEGS_v12', 'None', '39b51909eb0ce8ea1ba61e6aadd877fb0392e61f45ea9784e405ce621ace9784.tar.gz', '159143620', 'F', '188.185.101.116', '40.0', 'None', '{"partialdataset": false, "requireaccelerator": false, "acceleratorparams": null, "inputblocks": null}', 'None', 'None', 'None', 'None', 'any', 'RUNNING', '2', 'T']}
INFO 2026-08-12 12:48:34.733 UTC: 	 CRAB project directory:		/afs/cern.ch/user/f/ffiore/work/produzione/crab_MC_private/VBS_semilep_ZZ_EWK_2023LHEGS_v12/crab_VBS_semilep_ZZ_EWK_2023LHEGS_v12
INFO 2026-08-12 12:48:34.733 UTC: 	 Task name:			260812_124432:ffiore_crab_VBS_semilep_ZZ_EWK_2023LHEGS_v12
INFO 2026-08-12 12:48:34.733 UTC: 	 Grid scheduler - Task Worker:	crab3@vocms0144.cern.ch - crab-prod-tw01
INFO 2026-08-12 12:48:34.733 UTC: 	 Status on the CRAB server:	SUBMITTED
INFO 2026-08-12 12:48:34.733 UTC: 	 Task URL to use for HELP:	https://cmsweb.cern.ch/crabserver/ui/task/260812_124432%3Affiore_crab_VBS_semilep_ZZ_EWK_2023LHEGS_v12
INFO 2026-08-12 12:48:34.752 UTC: 	 Dashboard monitoring URL:	https://monit-grafana.cern.ch/d/cmsTMDetail/cms-task-monitoring-task-view?orgId=11&var-user=ffiore&var-task=260812_124432%3Affiore_crab_VBS_semilep_ZZ_EWK_2023LHEGS_v12&from=1786535072000&to=now
DEBUG 2026-08-12 12:48:34.752 UTC: 	 The CRAB server submitted your task to the Grid scheduler (cluster ID: 159143620)
DEBUG 2026-08-12 12:48:34.752 UTC: 	 Webdir is located at http://vocms0144.cern.ch/mon/ffiore/260812_124432:ffiore_crab_VBS_semilep_ZZ_EWK_2023LHEGS_v12
DEBUG 2026-08-12 12:48:34.752 UTC: 	 Encoded data for curl request: subresource=webdirprx&workflow=260812_124432%3Affiore_crab_VBS_semilep_ZZ_EWK_2023LHEGS_v12
DEBUG 2026-08-12 12:48:35.205 UTC: 	 Proxied webdir is located at https://cmsweb.cern.ch/scheddmon/0144/ffiore/260812_124432:ffiore_crab_VBS_semilep_ZZ_EWK_2023LHEGS_v12
DEBUG 2026-08-12 12:48:35.205 UTC: 	 Retrieving 'status_cache' file from https://cmsweb.cern.ch/scheddmon/0144/ffiore/260812_124432:ffiore_crab_VBS_semilep_ZZ_EWK_2023LHEGS_v12/status_cache.pkl
DEBUG 2026-08-12 12:48:35.205 UTC: 	 Will execute:
curl -sS --capath /etc/grid-security/certificates --cert /tmp/x509up_u178888 --key /tmp/x509up_u178888 -o /tmp/crab_status-cache-p1k4t1gm.pkl -w %"{http_code}" "https://cmsweb.cern.ch/scheddmon/0144/ffiore/260812_124432:ffiore_crab_VBS_semilep_ZZ_EWK_2023LHEGS_v12/status_cache.pkl"
DEBUG 2026-08-12 12:48:35.205 UTC: 	 Executing command :
 curl -sS --capath /etc/grid-security/certificates --cert /tmp/x509up_u178888 --key /tmp/x509up_u178888 -o /tmp/crab_status-cache-p1k4t1gm.pkl -w %"{http_code}" "https://cmsweb.cern.ch/scheddmon/0144/ffiore/260812_124432:ffiore_crab_VBS_semilep_ZZ_EWK_2023LHEGS_v12/status_cache.pkl"
DEBUG 2026-08-12 12:48:35.458 UTC: 	 output : 200
 error: 
 retcode : 0
DEBUG 2026-08-12 12:48:35.458 UTC: 	 exitcode: 0
stdout: 200
stderr: 
error details: 
DEBUG 2026-08-12 12:48:35.458 UTC: 	 Got information from status cache file: {'1': {'Retries': 0, 'Restarts': 0, 'SiteHistory': ['T2_CH_CERN', 'T2_CH_CERN'], 'ResidentSetSize': [0], 'SubmitTimes': [1786538764.0], 'StartTimes': [1786538817.0], 'EndTimes': [], 'TotalUserCpuTimeHistory': [0.0], 'TotalSysCpuTimeHistory': [0.0], 'WallDurations': [0, 7.268025875091553], 'JobIds': ['159143625.0'], 'State': 'unsubmitted', 'RecordedSite': True}, '2': {'Retries': 0, 'Restarts': 0, 'SiteHistory': ['T2_CH_CERN', 'T2_CH_CERN'], 'ResidentSetSize': [0], 'SubmitTimes': [1786538764.0], 'StartTimes': [1786538818.0], 'EndTimes': [], 'TotalUserCpuTimeHistory': [0.0], 'TotalSysCpuTimeHistory': [0.0], 'WallDurations': [0, 6.268025875091553], 'JobIds': ['159143626.0'], 'State': 'unsubmitted', 'RecordedSite': True}}
INFO 2026-08-12 12:48:35.458 UTC: 	 Status on the scheduler:	RUNNING
INFO 2026-08-12 12:48:35.458 UTC: 	 
Jobs status:                    unsubmitted  		100.0% (2/2)
INFO 2026-08-12 12:48:35.459 UTC: 	 
No publication information (publication has been disabled in the CRAB configuration file)
INFO 2026-08-12 12:48:35.461 UTC: 	 Log file is /afs/cern.ch/user/f/ffiore/work/produzione/crab_MC_private/VBS_semilep_ZZ_EWK_2023LHEGS_v12/crab_VBS_semilep_ZZ_EWK_2023LHEGS_v12/crab.log
DEBUG 2026-08-12 12:48:50.272 UTC: 	 CRAB Client version: v3.260630
DEBUG 2026-08-12 12:48:50.272 UTC: 	 Running on: Linux lxplus808.cern.ch 4.18.0-553.144.1.el8_10.x86_64 #1 SMP Mon Jul 13 11:33:25 EDT 2026 x86_64 x86_64 x86_64 GNU/Linux
DEBUG 2026-08-12 12:48:50.272 UTC: 	 Not using Singularity
DEBUG 2026-08-12 12:48:50.272 UTC: 	 Operating System: Red Hat Enterprise Linux 8.10 (Ootpa)
DEBUG 2026-08-12 12:48:50.272 UTC: 	 Executing command: 'status'
DEBUG 2026-08-12 12:48:50.272 UTC: 	 Found CRAB cache file /afs/cern.ch/user/f/ffiore/.crab3
DEBUG 2026-08-12 12:48:50.309 UTC: 	 Checking credentials
DEBUG 2026-08-12 12:48:50.309 UTC: 	 Found proxy file /tmp/x509up_u178888
DEBUG 2026-08-12 12:48:50.309 UTC: 	 Making sure it has proper VOMS extension
DEBUG 2026-08-12 12:48:50.309 UTC: 	 Executing command :
 voms-proxy-info --vo --file /tmp/x509up_u178888
DEBUG 2026-08-12 12:48:50.397 UTC: 	 output : cms

 error: 
 retcode : 0
DEBUG 2026-08-12 12:48:50.397 UTC: 	 Getting proxy life time left
DEBUG 2026-08-12 12:48:50.397 UTC: 	 Executing command :
 voms-proxy-info --actimeleft --timeleft --file /tmp/x509up_u178888
DEBUG 2026-08-12 12:48:50.433 UTC: 	 output : 604495
604495

 error: 
 retcode : 0
DEBUG 2026-08-12 12:48:50.433 UTC: 	 Proxy valid for 167:54:55 hours
DEBUG 2026-08-12 12:48:50.433 UTC: 	 Encoded data for curl request: subresource=delegatedn
DEBUG 2026-08-12 12:48:50.583 UTC: 	 Registering user credentials on myproxy for /DC=ch/DC=cern/OU=Organic Units/OU=Users/CN=cmscrab/CN=(817881|373708)/CN=Robot: cms crab|/DC=ch/DC=cern/OU=Organic Units/OU=Users/CN=crabint1/CN=373708/CN=Robot: CMS CRAB Integration 1
DEBUG 2026-08-12 12:48:50.583 UTC: 	 Executing command :
 voms-proxy-info --identity --file /tmp/x509up_u178888
DEBUG 2026-08-12 12:48:50.861 UTC: 	 output : /DC=ch/DC=cern/OU=Organic Units/OU=Users/CN=ffiore/CN=883264/CN=Francesca Fiore

 error: 
 retcode : 0
DEBUG 2026-08-12 12:48:50.861 UTC: 	 Getting myproxy life time left for 1108dd7240a979e136768c977b197b9a1dace71c
DEBUG 2026-08-12 12:48:50.861 UTC: 	 Executing command :
 myproxy-info -s myproxy.cern.ch -l 1108dd7240a979e136768c977b197b9a1dace71c
DEBUG 2026-08-12 12:48:51.178 UTC: 	 output : username: 1108dd7240a979e136768c977b197b9a1dace71c
owner: /DC=ch/DC=cern/OU=Organic Units/OU=Users/CN=ffiore/CN=883264/CN=Francesca Fiore
  renewal policy: /DC=ch/DC=cern/OU=Organic Units/OU=Users/CN=cmscrab/CN=(817881|373708)/CN=Robot: cms crab|/DC=ch/DC=cern/OU=Organic Units/OU=Users/CN=crabint1/CN=373708/CN=Robot: CMS CRAB Integration 1
  trusted retrieval policy: /DC=ch/DC=cern/OU=Organic Units/OU=Users/CN=cmscrab/CN=(817881|373708)/CN=Robot: cms crab|/DC=ch/DC=cern/OU=Organic Units/OU=Users/CN=crabint1/CN=373708/CN=Robot: CMS CRAB Integration 1
  timeleft: 719:55:29  (30.0 days)

 error: 
 retcode : 0
DEBUG 2026-08-12 12:48:51.178 UTC: 	 Myproxy is valid: 2591700
DEBUG 2026-08-12 12:48:51.179 UTC: 	 Result of myproxy credential check:
  Credential exists on myproxy: username: 1108dd7240a979e136768c977b197b9a1dace71c  - validity: 29 days, 23:55:00
DEBUG 2026-08-12 12:48:51.179 UTC: 	 Retrieving username ...
DEBUG 2026-08-12 12:48:51.179 UTC: 	 Retrieving username from CRIC...
DEBUG 2026-08-12 12:48:52.301 UTC: 	 username is ffiore
INFO 2026-08-12 12:49:00.738 UTC: 	 Rucio client intialized for account ffiore
DEBUG 2026-08-12 12:49:00.739 UTC: 	 Command use: status
DEBUG 2026-08-12 12:49:00.739 UTC: 	 Options use: ['-d', 'VBS_semilep_ZZ_EWK_2023LHEGS_v12/crab_VBS_semilep_ZZ_EWK_2023LHEGS_v12']
DEBUG 2026-08-12 12:49:00.739 UTC: 	 Encoded data for curl request: subresource=version
DEBUG 2026-08-12 12:49:01.027 UTC: 	 CRABClient version: v3.260630
DEBUG 2026-08-12 12:49:01.027 UTC: 	 Instance is prod
DEBUG 2026-08-12 12:49:01.027 UTC: 	 Server base url is cmsweb.cern.ch
DEBUG 2026-08-12 12:49:01.027 UTC: 	 Command api workflow
DEBUG 2026-08-12 12:49:01.027 UTC: 	 Encoded data for curl request: subresource=search&workflow=260812_124432%3Affiore_crab_VBS_semilep_ZZ_EWK_2023LHEGS_v12
DEBUG 2026-08-12 12:49:01.121 UTC: 	 Got information from server oracle database: {'desc': {'columns': ['tm_taskname', 'tm_activity', 'tm_task_status', 'tm_task_command', 'tm_start_time', 'tm_start_injection', 'tm_end_injection', 'tm_task_failure', 'tm_job_sw', 'tm_job_arch', 'tm_input_dataset', 'tm_nonvalid_input_dataset', 'tm_use_parent', 'tm_site_whitelist', 'tm_site_blacklist', 'tm_split_algo', 'tm_split_args', 'tm_user_sandbox', 'tm_cache_url', 'tm_username', 'tm_user_dn', 'tm_user_vo', 'tm_user_role', 'tm_user_group', 'tm_publish_name', 'tm_publish_groupname', 'tm_asyncdest', 'tm_dbs_url', 'tm_publish_dbs_url', 'tm_publication', 'tm_outfiles', 'tm_tfile_outfiles', 'tm_edm_outfiles', 'tm_job_type', 'tm_generator', 'tm_events_per_lumi', 'tm_arguments', 'tm_save_logs', 'tw_name', 'tm_user_infiles', 'tm_maxjobruntime', 'tm_numcores', 'tm_maxmemory', 'tm_priority', 'tm_output_dataset', 'tm_task_warnings', 'tm_user_webdir', 'tm_scriptexe', 'tm_scriptargs', 'tm_extrajdl', 'tm_collector', 'tm_schedd', 'tm_dry_run', 'tm_user_files', 'tm_transfer_outputs', 'tm_output_lfn', 'tm_ignore_locality', 'tm_fail_limit', 'tm_one_event_mode', 'tm_secondary_input_dataset', 'tm_primary_dataset', 'tm_last_publication', 'tm_debug_files', 'clusterid', 'tm_ignore_global_blacklist', 'tm_submitter_ip_addr', 'tm_totalunits', 'tm_ddm_reqid', 'tm_user_config', 'tm_transfer_container', 'tm_transfer_rule', 'tm_publish_rule', 'tm_multipub_rule', 'tm_job_min_microarch', 'tm_dagman_status', 'tm_num_jobs', 'tm_uploaded']}, 'result': ['260812_124432:ffiore_crab_VBS_semilep_ZZ_EWK_2023LHEGS_v12', 'None', 'SUBMITTED', 'SUBMIT', '2026-08-12 12:44:32.262474', 'None', '2026-08-12 12:44:55.472039', 'None', 'CMSSW_13_0_14', 'el8_amd64_gcc11', 'None', 'F', '0', '[]', '[]', 'EventBased', "{'halt_job_on_file_boundaries': False, 'splitOnRun': False, 'events_per_job': 20, 'runs': [], 'lumis': []}", '7ed6e5b44598f438a161715ec666cd4e5d0997f41b38fe7901a5bd3a27e8da73.tar.gz', 'S3/crabcache_prod', 'ffiore', '/DC=ch/DC=cern/OU=Organic Units/OU=Users/CN=ffiore/CN=883264/CN=Francesca Fiore', 'cms', 'None', 'None', 'VBS_semilep_ZZ_EWK_2023LHEGS_v12-00000000000000000000000000000000', 'F', 'T2_IT_Legnaro', 'https://cmsweb.cern.ch/dbs/prod/global/DBSReader', 'https://cmsweb.cern.ch/dbs/prod/phys03/DBSWriter', 'F', "['Run3Summer23NanoAODv12.root']", '[]', '[]', 'PrivateMC', 'pythia', '20', '{}', 'F', 'crab-prod-tw01', '[]', '1250', '4', '8000', '10', 'None', '[]', 'http://vocms0144.cern.ch/mon/ffiore/260812_124432:ffiore_crab_VBS_semilep_ZZ_EWK_2023LHEGS_v12', 'run_chain_Run3.sh', "['inputGridpack=/eos/user/f/ffiore/VBS/Gridpacks/ZZ/VBS_ZZ_semilep_el8_amd64_gcc10_CMSSW_12_4_8_tarball.tar.xz', 'nEvents=20', 'nThreads=4']", '[]', 'None', 'crab3@vocms0144.cern.ch', 'F', '[]', 'T', '/store/user/ffiore/', 'F', 'None', 'F', 'None', 'VBS_semilep_ZZ_EWK_2023LHEGS_v12', 'None', '39b51909eb0ce8ea1ba61e6aadd877fb0392e61f45ea9784e405ce621ace9784.tar.gz', '159143620', 'F', '188.185.101.116', '40.0', 'None', '{"partialdataset": false, "requireaccelerator": false, "acceleratorparams": null, "inputblocks": null}', 'None', 'None', 'None', 'None', 'any', 'RUNNING', '2', 'T']}
INFO 2026-08-12 12:49:01.122 UTC: 	 CRAB project directory:		/afs/cern.ch/user/f/ffiore/work/produzione/crab_MC_private/VBS_semilep_ZZ_EWK_2023LHEGS_v12/crab_VBS_semilep_ZZ_EWK_2023LHEGS_v12
INFO 2026-08-12 12:49:01.122 UTC: 	 Task name:			260812_124432:ffiore_crab_VBS_semilep_ZZ_EWK_2023LHEGS_v12
INFO 2026-08-12 12:49:01.122 UTC: 	 Grid scheduler - Task Worker:	crab3@vocms0144.cern.ch - crab-prod-tw01
INFO 2026-08-12 12:49:01.122 UTC: 	 Status on the CRAB server:	SUBMITTED
INFO 2026-08-12 12:49:01.122 UTC: 	 Task URL to use for HELP:	https://cmsweb.cern.ch/crabserver/ui/task/260812_124432%3Affiore_crab_VBS_semilep_ZZ_EWK_2023LHEGS_v12
INFO 2026-08-12 12:49:01.152 UTC: 	 Dashboard monitoring URL:	https://monit-grafana.cern.ch/d/cmsTMDetail/cms-task-monitoring-task-view?orgId=11&var-user=ffiore&var-task=260812_124432%3Affiore_crab_VBS_semilep_ZZ_EWK_2023LHEGS_v12&from=1786535072000&to=now
DEBUG 2026-08-12 12:49:01.152 UTC: 	 The CRAB server submitted your task to the Grid scheduler (cluster ID: 159143620)
DEBUG 2026-08-12 12:49:01.152 UTC: 	 Webdir is located at http://vocms0144.cern.ch/mon/ffiore/260812_124432:ffiore_crab_VBS_semilep_ZZ_EWK_2023LHEGS_v12
DEBUG 2026-08-12 12:49:01.152 UTC: 	 Encoded data for curl request: subresource=webdirprx&workflow=260812_124432%3Affiore_crab_VBS_semilep_ZZ_EWK_2023LHEGS_v12
DEBUG 2026-08-12 12:49:01.261 UTC: 	 Proxied webdir is located at https://cmsweb.cern.ch/scheddmon/0144/ffiore/260812_124432:ffiore_crab_VBS_semilep_ZZ_EWK_2023LHEGS_v12
DEBUG 2026-08-12 12:49:01.262 UTC: 	 Retrieving 'status_cache' file from https://cmsweb.cern.ch/scheddmon/0144/ffiore/260812_124432:ffiore_crab_VBS_semilep_ZZ_EWK_2023LHEGS_v12/status_cache.pkl
DEBUG 2026-08-12 12:49:01.262 UTC: 	 Will execute:
curl -sS --capath /etc/grid-security/certificates --cert /tmp/x509up_u178888 --key /tmp/x509up_u178888 -o /tmp/crab_status-cache-q5lw8j6w.pkl -w %"{http_code}" "https://cmsweb.cern.ch/scheddmon/0144/ffiore/260812_124432:ffiore_crab_VBS_semilep_ZZ_EWK_2023LHEGS_v12/status_cache.pkl"
DEBUG 2026-08-12 12:49:01.262 UTC: 	 Executing command :
 curl -sS --capath /etc/grid-security/certificates --cert /tmp/x509up_u178888 --key /tmp/x509up_u178888 -o /tmp/crab_status-cache-q5lw8j6w.pkl -w %"{http_code}" "https://cmsweb.cern.ch/scheddmon/0144/ffiore/260812_124432:ffiore_crab_VBS_semilep_ZZ_EWK_2023LHEGS_v12/status_cache.pkl"
DEBUG 2026-08-12 12:49:02.784 UTC: 	 output : 200
 error: 
 retcode : 0
DEBUG 2026-08-12 12:49:02.784 UTC: 	 exitcode: 0
stdout: 200
stderr: 
error details: 
DEBUG 2026-08-12 12:49:02.785 UTC: 	 Got information from status cache file: {'1': {'Retries': 0, 'Restarts': 0, 'SiteHistory': ['T2_CH_CERN', 'T2_CH_CERN'], 'ResidentSetSize': [0], 'SubmitTimes': [1786538764.0], 'StartTimes': [1786538817.0], 'EndTimes': [], 'TotalUserCpuTimeHistory': [0.0], 'TotalSysCpuTimeHistory': [0.0], 'WallDurations': [0, 7.268025875091553], 'JobIds': ['159143625.0'], 'State': 'unsubmitted', 'RecordedSite': True}, '2': {'Retries': 0, 'Restarts': 0, 'SiteHistory': ['T2_CH_CERN', 'T2_CH_CERN'], 'ResidentSetSize': [0], 'SubmitTimes': [1786538764.0], 'StartTimes': [1786538818.0], 'EndTimes': [], 'TotalUserCpuTimeHistory': [0.0], 'TotalSysCpuTimeHistory': [0.0], 'WallDurations': [0, 6.268025875091553], 'JobIds': ['159143626.0'], 'State': 'unsubmitted', 'RecordedSite': True}}
INFO 2026-08-12 12:49:02.785 UTC: 	 Status on the scheduler:	RUNNING
INFO 2026-08-12 12:49:02.785 UTC: 	 
Jobs status:                    unsubmitted  		100.0% (2/2)
INFO 2026-08-12 12:49:02.785 UTC: 	 
No publication information (publication has been disabled in the CRAB configuration file)
INFO 2026-08-12 12:49:02.787 UTC: 	 Log file is /afs/cern.ch/user/f/ffiore/work/produzione/crab_MC_private/VBS_semilep_ZZ_EWK_2023LHEGS_v12/crab_VBS_semilep_ZZ_EWK_2023LHEGS_v12/crab.log
DEBUG 2026-08-12 12:49:19.608 UTC: 	 CRAB Client version: v3.260630
DEBUG 2026-08-12 12:49:19.609 UTC: 	 Running on: Linux lxplus808.cern.ch 4.18.0-553.144.1.el8_10.x86_64 #1 SMP Mon Jul 13 11:33:25 EDT 2026 x86_64 x86_64 x86_64 GNU/Linux
DEBUG 2026-08-12 12:49:19.609 UTC: 	 Not using Singularity
DEBUG 2026-08-12 12:49:19.609 UTC: 	 Operating System: Red Hat Enterprise Linux 8.10 (Ootpa)
DEBUG 2026-08-12 12:49:19.609 UTC: 	 Executing command: 'status'
DEBUG 2026-08-12 12:49:19.609 UTC: 	 Found CRAB cache file /afs/cern.ch/user/f/ffiore/.crab3
DEBUG 2026-08-12 12:49:19.633 UTC: 	 Checking credentials
DEBUG 2026-08-12 12:49:19.633 UTC: 	 Found proxy file /tmp/x509up_u178888
DEBUG 2026-08-12 12:49:19.633 UTC: 	 Making sure it has proper VOMS extension
DEBUG 2026-08-12 12:49:19.633 UTC: 	 Executing command :
 voms-proxy-info --vo --file /tmp/x509up_u178888
DEBUG 2026-08-12 12:49:19.725 UTC: 	 output : cms

 error: 
 retcode : 0
DEBUG 2026-08-12 12:49:19.725 UTC: 	 Getting proxy life time left
DEBUG 2026-08-12 12:49:19.725 UTC: 	 Executing command :
 voms-proxy-info --actimeleft --timeleft --file /tmp/x509up_u178888
DEBUG 2026-08-12 12:49:19.762 UTC: 	 output : 604466
604466

 error: 
 retcode : 0
DEBUG 2026-08-12 12:49:19.763 UTC: 	 Proxy valid for 167:54:26 hours
DEBUG 2026-08-12 12:49:19.763 UTC: 	 Encoded data for curl request: subresource=delegatedn
DEBUG 2026-08-12 12:49:19.834 UTC: 	 Registering user credentials on myproxy for /DC=ch/DC=cern/OU=Organic Units/OU=Users/CN=cmscrab/CN=(817881|373708)/CN=Robot: cms crab|/DC=ch/DC=cern/OU=Organic Units/OU=Users/CN=crabint1/CN=373708/CN=Robot: CMS CRAB Integration 1
DEBUG 2026-08-12 12:49:19.834 UTC: 	 Executing command :
 voms-proxy-info --identity --file /tmp/x509up_u178888
DEBUG 2026-08-12 12:49:19.863 UTC: 	 output : /DC=ch/DC=cern/OU=Organic Units/OU=Users/CN=ffiore/CN=883264/CN=Francesca Fiore

 error: 
 retcode : 0
DEBUG 2026-08-12 12:49:19.864 UTC: 	 Getting myproxy life time left for 1108dd7240a979e136768c977b197b9a1dace71c
DEBUG 2026-08-12 12:49:19.864 UTC: 	 Executing command :
 myproxy-info -s myproxy.cern.ch -l 1108dd7240a979e136768c977b197b9a1dace71c
DEBUG 2026-08-12 12:49:20.231 UTC: 	 output : username: 1108dd7240a979e136768c977b197b9a1dace71c
owner: /DC=ch/DC=cern/OU=Organic Units/OU=Users/CN=ffiore/CN=883264/CN=Francesca Fiore
  renewal policy: /DC=ch/DC=cern/OU=Organic Units/OU=Users/CN=cmscrab/CN=(817881|373708)/CN=Robot: cms crab|/DC=ch/DC=cern/OU=Organic Units/OU=Users/CN=crabint1/CN=373708/CN=Robot: CMS CRAB Integration 1
  trusted retrieval policy: /DC=ch/DC=cern/OU=Organic Units/OU=Users/CN=cmscrab/CN=(817881|373708)/CN=Robot: cms crab|/DC=ch/DC=cern/OU=Organic Units/OU=Users/CN=crabint1/CN=373708/CN=Robot: CMS CRAB Integration 1
  timeleft: 719:55:00  (30.0 days)

 error: 
 retcode : 0
DEBUG 2026-08-12 12:49:20.232 UTC: 	 Myproxy is valid: 2591700
DEBUG 2026-08-12 12:49:20.232 UTC: 	 Result of myproxy credential check:
  Credential exists on myproxy: username: 1108dd7240a979e136768c977b197b9a1dace71c  - validity: 29 days, 23:55:00
DEBUG 2026-08-12 12:49:20.232 UTC: 	 Retrieving username ...
DEBUG 2026-08-12 12:49:20.232 UTC: 	 Retrieving username from CRIC...
DEBUG 2026-08-12 12:49:21.092 UTC: 	 username is ffiore
INFO 2026-08-12 12:49:26.978 UTC: 	 Rucio client intialized for account ffiore
DEBUG 2026-08-12 12:49:26.978 UTC: 	 Command use: status
DEBUG 2026-08-12 12:49:26.978 UTC: 	 Options use: ['-d', 'VBS_semilep_ZZ_EWK_2023LHEGS_v12/crab_VBS_semilep_ZZ_EWK_2023LHEGS_v12']
DEBUG 2026-08-12 12:49:26.978 UTC: 	 Encoded data for curl request: subresource=version
DEBUG 2026-08-12 12:49:27.207 UTC: 	 CRABClient version: v3.260630
DEBUG 2026-08-12 12:49:27.207 UTC: 	 Instance is prod
DEBUG 2026-08-12 12:49:27.207 UTC: 	 Server base url is cmsweb.cern.ch
DEBUG 2026-08-12 12:49:27.207 UTC: 	 Command api workflow
DEBUG 2026-08-12 12:49:27.207 UTC: 	 Encoded data for curl request: subresource=search&workflow=260812_124432%3Affiore_crab_VBS_semilep_ZZ_EWK_2023LHEGS_v12
DEBUG 2026-08-12 12:49:27.260 UTC: 	 Got information from server oracle database: {'desc': {'columns': ['tm_taskname', 'tm_activity', 'tm_task_status', 'tm_task_command', 'tm_start_time', 'tm_start_injection', 'tm_end_injection', 'tm_task_failure', 'tm_job_sw', 'tm_job_arch', 'tm_input_dataset', 'tm_nonvalid_input_dataset', 'tm_use_parent', 'tm_site_whitelist', 'tm_site_blacklist', 'tm_split_algo', 'tm_split_args', 'tm_user_sandbox', 'tm_cache_url', 'tm_username', 'tm_user_dn', 'tm_user_vo', 'tm_user_role', 'tm_user_group', 'tm_publish_name', 'tm_publish_groupname', 'tm_asyncdest', 'tm_dbs_url', 'tm_publish_dbs_url', 'tm_publication', 'tm_outfiles', 'tm_tfile_outfiles', 'tm_edm_outfiles', 'tm_job_type', 'tm_generator', 'tm_events_per_lumi', 'tm_arguments', 'tm_save_logs', 'tw_name', 'tm_user_infiles', 'tm_maxjobruntime', 'tm_numcores', 'tm_maxmemory', 'tm_priority', 'tm_output_dataset', 'tm_task_warnings', 'tm_user_webdir', 'tm_scriptexe', 'tm_scriptargs', 'tm_extrajdl', 'tm_collector', 'tm_schedd', 'tm_dry_run', 'tm_user_files', 'tm_transfer_outputs', 'tm_output_lfn', 'tm_ignore_locality', 'tm_fail_limit', 'tm_one_event_mode', 'tm_secondary_input_dataset', 'tm_primary_dataset', 'tm_last_publication', 'tm_debug_files', 'clusterid', 'tm_ignore_global_blacklist', 'tm_submitter_ip_addr', 'tm_totalunits', 'tm_ddm_reqid', 'tm_user_config', 'tm_transfer_container', 'tm_transfer_rule', 'tm_publish_rule', 'tm_multipub_rule', 'tm_job_min_microarch', 'tm_dagman_status', 'tm_num_jobs', 'tm_uploaded']}, 'result': ['260812_124432:ffiore_crab_VBS_semilep_ZZ_EWK_2023LHEGS_v12', 'None', 'SUBMITTED', 'SUBMIT', '2026-08-12 12:44:32.262474', 'None', '2026-08-12 12:44:55.472039', 'None', 'CMSSW_13_0_14', 'el8_amd64_gcc11', 'None', 'F', '0', '[]', '[]', 'EventBased', "{'halt_job_on_file_boundaries': False, 'splitOnRun': False, 'events_per_job': 20, 'runs': [], 'lumis': []}", '7ed6e5b44598f438a161715ec666cd4e5d0997f41b38fe7901a5bd3a27e8da73.tar.gz', 'S3/crabcache_prod', 'ffiore', '/DC=ch/DC=cern/OU=Organic Units/OU=Users/CN=ffiore/CN=883264/CN=Francesca Fiore', 'cms', 'None', 'None', 'VBS_semilep_ZZ_EWK_2023LHEGS_v12-00000000000000000000000000000000', 'F', 'T2_IT_Legnaro', 'https://cmsweb.cern.ch/dbs/prod/global/DBSReader', 'https://cmsweb.cern.ch/dbs/prod/phys03/DBSWriter', 'F', "['Run3Summer23NanoAODv12.root']", '[]', '[]', 'PrivateMC', 'pythia', '20', '{}', 'F', 'crab-prod-tw01', '[]', '1250', '4', '8000', '10', 'None', '[]', 'http://vocms0144.cern.ch/mon/ffiore/260812_124432:ffiore_crab_VBS_semilep_ZZ_EWK_2023LHEGS_v12', 'run_chain_Run3.sh', "['inputGridpack=/eos/user/f/ffiore/VBS/Gridpacks/ZZ/VBS_ZZ_semilep_el8_amd64_gcc10_CMSSW_12_4_8_tarball.tar.xz', 'nEvents=20', 'nThreads=4']", '[]', 'None', 'crab3@vocms0144.cern.ch', 'F', '[]', 'T', '/store/user/ffiore/', 'F', 'None', 'F', 'None', 'VBS_semilep_ZZ_EWK_2023LHEGS_v12', 'None', '39b51909eb0ce8ea1ba61e6aadd877fb0392e61f45ea9784e405ce621ace9784.tar.gz', '159143620', 'F', '188.185.101.116', '40.0', 'None', '{"partialdataset": false, "requireaccelerator": false, "acceleratorparams": null, "inputblocks": null}', 'None', 'None', 'None', 'None', 'any', 'RUNNING', '2', 'T']}
INFO 2026-08-12 12:49:27.260 UTC: 	 CRAB project directory:		/afs/cern.ch/user/f/ffiore/work/produzione/crab_MC_private/VBS_semilep_ZZ_EWK_2023LHEGS_v12/crab_VBS_semilep_ZZ_EWK_2023LHEGS_v12
INFO 2026-08-12 12:49:27.261 UTC: 	 Task name:			260812_124432:ffiore_crab_VBS_semilep_ZZ_EWK_2023LHEGS_v12
INFO 2026-08-12 12:49:27.261 UTC: 	 Grid scheduler - Task Worker:	crab3@vocms0144.cern.ch - crab-prod-tw01
INFO 2026-08-12 12:49:27.261 UTC: 	 Status on the CRAB server:	SUBMITTED
INFO 2026-08-12 12:49:27.261 UTC: 	 Task URL to use for HELP:	https://cmsweb.cern.ch/crabserver/ui/task/260812_124432%3Affiore_crab_VBS_semilep_ZZ_EWK_2023LHEGS_v12
INFO 2026-08-12 12:49:27.270 UTC: 	 Dashboard monitoring URL:	https://monit-grafana.cern.ch/d/cmsTMDetail/cms-task-monitoring-task-view?orgId=11&var-user=ffiore&var-task=260812_124432%3Affiore_crab_VBS_semilep_ZZ_EWK_2023LHEGS_v12&from=1786535072000&to=now
DEBUG 2026-08-12 12:49:27.271 UTC: 	 The CRAB server submitted your task to the Grid scheduler (cluster ID: 159143620)
DEBUG 2026-08-12 12:49:27.271 UTC: 	 Webdir is located at http://vocms0144.cern.ch/mon/ffiore/260812_124432:ffiore_crab_VBS_semilep_ZZ_EWK_2023LHEGS_v12
DEBUG 2026-08-12 12:49:27.271 UTC: 	 Encoded data for curl request: subresource=webdirprx&workflow=260812_124432%3Affiore_crab_VBS_semilep_ZZ_EWK_2023LHEGS_v12
DEBUG 2026-08-12 12:49:27.326 UTC: 	 Proxied webdir is located at https://cmsweb.cern.ch/scheddmon/0144/ffiore/260812_124432:ffiore_crab_VBS_semilep_ZZ_EWK_2023LHEGS_v12
DEBUG 2026-08-12 12:49:27.327 UTC: 	 Retrieving 'status_cache' file from https://cmsweb.cern.ch/scheddmon/0144/ffiore/260812_124432:ffiore_crab_VBS_semilep_ZZ_EWK_2023LHEGS_v12/status_cache.pkl
DEBUG 2026-08-12 12:49:27.327 UTC: 	 Will execute:
curl -sS --capath /etc/grid-security/certificates --cert /tmp/x509up_u178888 --key /tmp/x509up_u178888 -o /tmp/crab_status-cache-azunzcry.pkl -w %"{http_code}" "https://cmsweb.cern.ch/scheddmon/0144/ffiore/260812_124432:ffiore_crab_VBS_semilep_ZZ_EWK_2023LHEGS_v12/status_cache.pkl"
DEBUG 2026-08-12 12:49:27.327 UTC: 	 Executing command :
 curl -sS --capath /etc/grid-security/certificates --cert /tmp/x509up_u178888 --key /tmp/x509up_u178888 -o /tmp/crab_status-cache-azunzcry.pkl -w %"{http_code}" "https://cmsweb.cern.ch/scheddmon/0144/ffiore/260812_124432:ffiore_crab_VBS_semilep_ZZ_EWK_2023LHEGS_v12/status_cache.pkl"
DEBUG 2026-08-12 12:49:27.371 UTC: 	 output : 200
 error: 
 retcode : 0
DEBUG 2026-08-12 12:49:27.371 UTC: 	 exitcode: 0
stdout: 200
stderr: 
error details: 
DEBUG 2026-08-12 12:49:27.371 UTC: 	 Got information from status cache file: {'1': {'Retries': 0, 'Restarts': 0, 'SiteHistory': ['T2_CH_CERN', 'T2_CH_CERN'], 'ResidentSetSize': [0], 'SubmitTimes': [1786538764.0], 'StartTimes': [1786538817.0], 'EndTimes': [], 'TotalUserCpuTimeHistory': [0.0], 'TotalSysCpuTimeHistory': [0.0], 'WallDurations': [0, 7.268025875091553], 'JobIds': ['159143625.0'], 'State': 'unsubmitted', 'RecordedSite': True}, '2': {'Retries': 0, 'Restarts': 0, 'SiteHistory': ['T2_CH_CERN', 'T2_CH_CERN'], 'ResidentSetSize': [0], 'SubmitTimes': [1786538764.0], 'StartTimes': [1786538818.0], 'EndTimes': [], 'TotalUserCpuTimeHistory': [0.0], 'TotalSysCpuTimeHistory': [0.0], 'WallDurations': [0, 6.268025875091553], 'JobIds': ['159143626.0'], 'State': 'unsubmitted', 'RecordedSite': True}}
INFO 2026-08-12 12:49:27.371 UTC: 	 Status on the scheduler:	RUNNING
INFO 2026-08-12 12:49:27.372 UTC: 	 
Jobs status:                    unsubmitted  		100.0% (2/2)
INFO 2026-08-12 12:49:27.372 UTC: 	 
No publication information (publication has been disabled in the CRAB configuration file)
INFO 2026-08-12 12:49:27.373 UTC: 	 Log file is /afs/cern.ch/user/f/ffiore/work/produzione/crab_MC_private/VBS_semilep_ZZ_EWK_2023LHEGS_v12/crab_VBS_semilep_ZZ_EWK_2023LHEGS_v12/crab.log
DEBUG 2026-08-12 12:49:38.630 UTC: 	 CRAB Client version: v3.260630
DEBUG 2026-08-12 12:49:38.630 UTC: 	 Running on: Linux lxplus808.cern.ch 4.18.0-553.144.1.el8_10.x86_64 #1 SMP Mon Jul 13 11:33:25 EDT 2026 x86_64 x86_64 x86_64 GNU/Linux
DEBUG 2026-08-12 12:49:38.630 UTC: 	 Not using Singularity
DEBUG 2026-08-12 12:49:38.630 UTC: 	 Operating System: Red Hat Enterprise Linux 8.10 (Ootpa)
DEBUG 2026-08-12 12:49:38.630 UTC: 	 Executing command: 'status'
DEBUG 2026-08-12 12:49:38.630 UTC: 	 Found CRAB cache file /afs/cern.ch/user/f/ffiore/.crab3
DEBUG 2026-08-12 12:49:38.640 UTC: 	 Checking credentials
DEBUG 2026-08-12 12:49:38.640 UTC: 	 Found proxy file /tmp/x509up_u178888
DEBUG 2026-08-12 12:49:38.640 UTC: 	 Making sure it has proper VOMS extension
DEBUG 2026-08-12 12:49:38.640 UTC: 	 Executing command :
 voms-proxy-info --vo --file /tmp/x509up_u178888
DEBUG 2026-08-12 12:49:38.670 UTC: 	 output : cms

 error: 
 retcode : 0
DEBUG 2026-08-12 12:49:38.670 UTC: 	 Getting proxy life time left
DEBUG 2026-08-12 12:49:38.670 UTC: 	 Executing command :
 voms-proxy-info --actimeleft --timeleft --file /tmp/x509up_u178888
DEBUG 2026-08-12 12:49:38.714 UTC: 	 output : 604447
604447

 error: 
 retcode : 0
DEBUG 2026-08-12 12:49:38.714 UTC: 	 Proxy valid for 167:54:07 hours
DEBUG 2026-08-12 12:49:38.714 UTC: 	 Encoded data for curl request: subresource=delegatedn
DEBUG 2026-08-12 12:49:39.204 UTC: 	 Registering user credentials on myproxy for /DC=ch/DC=cern/OU=Organic Units/OU=Users/CN=cmscrab/CN=(817881|373708)/CN=Robot: cms crab|/DC=ch/DC=cern/OU=Organic Units/OU=Users/CN=crabint1/CN=373708/CN=Robot: CMS CRAB Integration 1
DEBUG 2026-08-12 12:49:39.205 UTC: 	 Executing command :
 voms-proxy-info --identity --file /tmp/x509up_u178888
DEBUG 2026-08-12 12:49:39.322 UTC: 	 output : /DC=ch/DC=cern/OU=Organic Units/OU=Users/CN=ffiore/CN=883264/CN=Francesca Fiore

 error: 
 retcode : 0
DEBUG 2026-08-12 12:49:39.322 UTC: 	 Getting myproxy life time left for 1108dd7240a979e136768c977b197b9a1dace71c
DEBUG 2026-08-12 12:49:39.322 UTC: 	 Executing command :
 myproxy-info -s myproxy.cern.ch -l 1108dd7240a979e136768c977b197b9a1dace71c
DEBUG 2026-08-12 12:49:39.644 UTC: 	 output : username: 1108dd7240a979e136768c977b197b9a1dace71c
owner: /DC=ch/DC=cern/OU=Organic Units/OU=Users/CN=ffiore/CN=883264/CN=Francesca Fiore
  renewal policy: /DC=ch/DC=cern/OU=Organic Units/OU=Users/CN=cmscrab/CN=(817881|373708)/CN=Robot: cms crab|/DC=ch/DC=cern/OU=Organic Units/OU=Users/CN=crabint1/CN=373708/CN=Robot: CMS CRAB Integration 1
  trusted retrieval policy: /DC=ch/DC=cern/OU=Organic Units/OU=Users/CN=cmscrab/CN=(817881|373708)/CN=Robot: cms crab|/DC=ch/DC=cern/OU=Organic Units/OU=Users/CN=crabint1/CN=373708/CN=Robot: CMS CRAB Integration 1
  timeleft: 719:54:41  (30.0 days)

 error: 
 retcode : 0
DEBUG 2026-08-12 12:49:39.644 UTC: 	 Myproxy is valid: 2591640
DEBUG 2026-08-12 12:49:39.644 UTC: 	 Result of myproxy credential check:
  Credential exists on myproxy: username: 1108dd7240a979e136768c977b197b9a1dace71c  - validity: 29 days, 23:54:00
DEBUG 2026-08-12 12:49:39.644 UTC: 	 Retrieving username ...
DEBUG 2026-08-12 12:49:39.644 UTC: 	 Retrieving username from CRIC...
DEBUG 2026-08-12 12:49:40.694 UTC: 	 username is ffiore
INFO 2026-08-12 12:49:44.666 UTC: 	 Rucio client intialized for account ffiore
DEBUG 2026-08-12 12:49:44.666 UTC: 	 Command use: status
DEBUG 2026-08-12 12:49:44.666 UTC: 	 Options use: ['-d', 'VBS_semilep_ZZ_EWK_2023LHEGS_v12/crab_VBS_semilep_ZZ_EWK_2023LHEGS_v12']
DEBUG 2026-08-12 12:49:44.666 UTC: 	 Encoded data for curl request: subresource=version
DEBUG 2026-08-12 12:49:44.719 UTC: 	 CRABClient version: v3.260630
DEBUG 2026-08-12 12:49:44.719 UTC: 	 Instance is prod
DEBUG 2026-08-12 12:49:44.719 UTC: 	 Server base url is cmsweb.cern.ch
DEBUG 2026-08-12 12:49:44.719 UTC: 	 Command api workflow
DEBUG 2026-08-12 12:49:44.719 UTC: 	 Encoded data for curl request: subresource=search&workflow=260812_124432%3Affiore_crab_VBS_semilep_ZZ_EWK_2023LHEGS_v12
DEBUG 2026-08-12 12:49:44.780 UTC: 	 Got information from server oracle database: {'desc': {'columns': ['tm_taskname', 'tm_activity', 'tm_task_status', 'tm_task_command', 'tm_start_time', 'tm_start_injection', 'tm_end_injection', 'tm_task_failure', 'tm_job_sw', 'tm_job_arch', 'tm_input_dataset', 'tm_nonvalid_input_dataset', 'tm_use_parent', 'tm_site_whitelist', 'tm_site_blacklist', 'tm_split_algo', 'tm_split_args', 'tm_user_sandbox', 'tm_cache_url', 'tm_username', 'tm_user_dn', 'tm_user_vo', 'tm_user_role', 'tm_user_group', 'tm_publish_name', 'tm_publish_groupname', 'tm_asyncdest', 'tm_dbs_url', 'tm_publish_dbs_url', 'tm_publication', 'tm_outfiles', 'tm_tfile_outfiles', 'tm_edm_outfiles', 'tm_job_type', 'tm_generator', 'tm_events_per_lumi', 'tm_arguments', 'tm_save_logs', 'tw_name', 'tm_user_infiles', 'tm_maxjobruntime', 'tm_numcores', 'tm_maxmemory', 'tm_priority', 'tm_output_dataset', 'tm_task_warnings', 'tm_user_webdir', 'tm_scriptexe', 'tm_scriptargs', 'tm_extrajdl', 'tm_collector', 'tm_schedd', 'tm_dry_run', 'tm_user_files', 'tm_transfer_outputs', 'tm_output_lfn', 'tm_ignore_locality', 'tm_fail_limit', 'tm_one_event_mode', 'tm_secondary_input_dataset', 'tm_primary_dataset', 'tm_last_publication', 'tm_debug_files', 'clusterid', 'tm_ignore_global_blacklist', 'tm_submitter_ip_addr', 'tm_totalunits', 'tm_ddm_reqid', 'tm_user_config', 'tm_transfer_container', 'tm_transfer_rule', 'tm_publish_rule', 'tm_multipub_rule', 'tm_job_min_microarch', 'tm_dagman_status', 'tm_num_jobs', 'tm_uploaded']}, 'result': ['260812_124432:ffiore_crab_VBS_semilep_ZZ_EWK_2023LHEGS_v12', 'None', 'SUBMITTED', 'SUBMIT', '2026-08-12 12:44:32.262474', 'None', '2026-08-12 12:44:55.472039', 'None', 'CMSSW_13_0_14', 'el8_amd64_gcc11', 'None', 'F', '0', '[]', '[]', 'EventBased', "{'halt_job_on_file_boundaries': False, 'splitOnRun': False, 'events_per_job': 20, 'runs': [], 'lumis': []}", '7ed6e5b44598f438a161715ec666cd4e5d0997f41b38fe7901a5bd3a27e8da73.tar.gz', 'S3/crabcache_prod', 'ffiore', '/DC=ch/DC=cern/OU=Organic Units/OU=Users/CN=ffiore/CN=883264/CN=Francesca Fiore', 'cms', 'None', 'None', 'VBS_semilep_ZZ_EWK_2023LHEGS_v12-00000000000000000000000000000000', 'F', 'T2_IT_Legnaro', 'https://cmsweb.cern.ch/dbs/prod/global/DBSReader', 'https://cmsweb.cern.ch/dbs/prod/phys03/DBSWriter', 'F', "['Run3Summer23NanoAODv12.root']", '[]', '[]', 'PrivateMC', 'pythia', '20', '{}', 'F', 'crab-prod-tw01', '[]', '1250', '4', '8000', '10', 'None', '[]', 'http://vocms0144.cern.ch/mon/ffiore/260812_124432:ffiore_crab_VBS_semilep_ZZ_EWK_2023LHEGS_v12', 'run_chain_Run3.sh', "['inputGridpack=/eos/user/f/ffiore/VBS/Gridpacks/ZZ/VBS_ZZ_semilep_el8_amd64_gcc10_CMSSW_12_4_8_tarball.tar.xz', 'nEvents=20', 'nThreads=4']", '[]', 'None', 'crab3@vocms0144.cern.ch', 'F', '[]', 'T', '/store/user/ffiore/', 'F', 'None', 'F', 'None', 'VBS_semilep_ZZ_EWK_2023LHEGS_v12', 'None', '39b51909eb0ce8ea1ba61e6aadd877fb0392e61f45ea9784e405ce621ace9784.tar.gz', '159143620', 'F', '188.185.101.116', '40.0', 'None', '{"partialdataset": false, "requireaccelerator": false, "acceleratorparams": null, "inputblocks": null}', 'None', 'None', 'None', 'None', 'any', 'RUNNING', '2', 'T']}
INFO 2026-08-12 12:49:44.780 UTC: 	 CRAB project directory:		/afs/cern.ch/user/f/ffiore/work/produzione/crab_MC_private/VBS_semilep_ZZ_EWK_2023LHEGS_v12/crab_VBS_semilep_ZZ_EWK_2023LHEGS_v12
INFO 2026-08-12 12:49:44.781 UTC: 	 Task name:			260812_124432:ffiore_crab_VBS_semilep_ZZ_EWK_2023LHEGS_v12
INFO 2026-08-12 12:49:44.781 UTC: 	 Grid scheduler - Task Worker:	crab3@vocms0144.cern.ch - crab-prod-tw01
INFO 2026-08-12 12:49:44.781 UTC: 	 Status on the CRAB server:	SUBMITTED
INFO 2026-08-12 12:49:44.781 UTC: 	 Task URL to use for HELP:	https://cmsweb.cern.ch/crabserver/ui/task/260812_124432%3Affiore_crab_VBS_semilep_ZZ_EWK_2023LHEGS_v12
INFO 2026-08-12 12:49:44.788 UTC: 	 Dashboard monitoring URL:	https://monit-grafana.cern.ch/d/cmsTMDetail/cms-task-monitoring-task-view?orgId=11&var-user=ffiore&var-task=260812_124432%3Affiore_crab_VBS_semilep_ZZ_EWK_2023LHEGS_v12&from=1786535072000&to=now
DEBUG 2026-08-12 12:49:44.788 UTC: 	 The CRAB server submitted your task to the Grid scheduler (cluster ID: 159143620)
DEBUG 2026-08-12 12:49:44.788 UTC: 	 Webdir is located at http://vocms0144.cern.ch/mon/ffiore/260812_124432:ffiore_crab_VBS_semilep_ZZ_EWK_2023LHEGS_v12
DEBUG 2026-08-12 12:49:44.788 UTC: 	 Encoded data for curl request: subresource=webdirprx&workflow=260812_124432%3Affiore_crab_VBS_semilep_ZZ_EWK_2023LHEGS_v12
DEBUG 2026-08-12 12:49:44.842 UTC: 	 Proxied webdir is located at https://cmsweb.cern.ch/scheddmon/0144/ffiore/260812_124432:ffiore_crab_VBS_semilep_ZZ_EWK_2023LHEGS_v12
DEBUG 2026-08-12 12:49:44.858 UTC: 	 Retrieving 'status_cache' file from https://cmsweb.cern.ch/scheddmon/0144/ffiore/260812_124432:ffiore_crab_VBS_semilep_ZZ_EWK_2023LHEGS_v12/status_cache.pkl
DEBUG 2026-08-12 12:49:44.858 UTC: 	 Will execute:
curl -sS --capath /etc/grid-security/certificates --cert /tmp/x509up_u178888 --key /tmp/x509up_u178888 -o /tmp/crab_status-cache-bhup9u6n.pkl -w %"{http_code}" "https://cmsweb.cern.ch/scheddmon/0144/ffiore/260812_124432:ffiore_crab_VBS_semilep_ZZ_EWK_2023LHEGS_v12/status_cache.pkl"
DEBUG 2026-08-12 12:49:44.858 UTC: 	 Executing command :
 curl -sS --capath /etc/grid-security/certificates --cert /tmp/x509up_u178888 --key /tmp/x509up_u178888 -o /tmp/crab_status-cache-bhup9u6n.pkl -w %"{http_code}" "https://cmsweb.cern.ch/scheddmon/0144/ffiore/260812_124432:ffiore_crab_VBS_semilep_ZZ_EWK_2023LHEGS_v12/status_cache.pkl"
DEBUG 2026-08-12 12:49:45.033 UTC: 	 output : 200
 error: 
 retcode : 0
DEBUG 2026-08-12 12:49:45.033 UTC: 	 exitcode: 0
stdout: 200
stderr: 
error details: 
DEBUG 2026-08-12 12:49:45.034 UTC: 	 Got information from status cache file: {'1': {'Retries': 0, 'Restarts': 0, 'SiteHistory': ['T2_CH_CERN', 'T2_CH_CERN'], 'ResidentSetSize': [0], 'SubmitTimes': [1786538764.0], 'StartTimes': [1786538817.0], 'EndTimes': [], 'TotalUserCpuTimeHistory': [0.0], 'TotalSysCpuTimeHistory': [0.0], 'WallDurations': [0, 7.268025875091553], 'JobIds': ['159143625.0'], 'State': 'unsubmitted', 'RecordedSite': True}, '2': {'Retries': 0, 'Restarts': 0, 'SiteHistory': ['T2_CH_CERN', 'T2_CH_CERN'], 'ResidentSetSize': [0], 'SubmitTimes': [1786538764.0], 'StartTimes': [1786538818.0], 'EndTimes': [], 'TotalUserCpuTimeHistory': [0.0], 'TotalSysCpuTimeHistory': [0.0], 'WallDurations': [0, 6.268025875091553], 'JobIds': ['159143626.0'], 'State': 'unsubmitted', 'RecordedSite': True}}
INFO 2026-08-12 12:49:45.034 UTC: 	 Status on the scheduler:	RUNNING
INFO 2026-08-12 12:49:45.034 UTC: 	 
Jobs status:                    unsubmitted  		100.0% (2/2)
INFO 2026-08-12 12:49:45.034 UTC: 	 
No publication information (publication has been disabled in the CRAB configuration file)
INFO 2026-08-12 12:49:45.037 UTC: 	 Log file is /afs/cern.ch/user/f/ffiore/work/produzione/crab_MC_private/VBS_semilep_ZZ_EWK_2023LHEGS_v12/crab_VBS_semilep_ZZ_EWK_2023LHEGS_v12/crab.log
DEBUG 2026-08-12 12:49:57.819 UTC: 	 CRAB Client version: v3.260630
DEBUG 2026-08-12 12:49:57.819 UTC: 	 Running on: Linux lxplus808.cern.ch 4.18.0-553.144.1.el8_10.x86_64 #1 SMP Mon Jul 13 11:33:25 EDT 2026 x86_64 x86_64 x86_64 GNU/Linux
DEBUG 2026-08-12 12:49:57.819 UTC: 	 Not using Singularity
DEBUG 2026-08-12 12:49:57.819 UTC: 	 Operating System: Red Hat Enterprise Linux 8.10 (Ootpa)
DEBUG 2026-08-12 12:49:57.819 UTC: 	 Executing command: 'status'
DEBUG 2026-08-12 12:49:57.819 UTC: 	 Found CRAB cache file /afs/cern.ch/user/f/ffiore/.crab3
DEBUG 2026-08-12 12:49:57.828 UTC: 	 Checking credentials
DEBUG 2026-08-12 12:49:57.828 UTC: 	 Found proxy file /tmp/x509up_u178888
DEBUG 2026-08-12 12:49:57.828 UTC: 	 Making sure it has proper VOMS extension
DEBUG 2026-08-12 12:49:57.828 UTC: 	 Executing command :
 voms-proxy-info --vo --file /tmp/x509up_u178888
DEBUG 2026-08-12 12:49:57.875 UTC: 	 output : cms

 error: 
 retcode : 0
DEBUG 2026-08-12 12:49:57.875 UTC: 	 Getting proxy life time left
DEBUG 2026-08-12 12:49:57.875 UTC: 	 Executing command :
 voms-proxy-info --actimeleft --timeleft --file /tmp/x509up_u178888
DEBUG 2026-08-12 12:49:57.961 UTC: 	 output : 604428
604428

 error: 
 retcode : 0
DEBUG 2026-08-12 12:49:57.961 UTC: 	 Proxy valid for 167:53:48 hours
DEBUG 2026-08-12 12:49:57.961 UTC: 	 Encoded data for curl request: subresource=delegatedn
DEBUG 2026-08-12 12:49:58.044 UTC: 	 Registering user credentials on myproxy for /DC=ch/DC=cern/OU=Organic Units/OU=Users/CN=cmscrab/CN=(817881|373708)/CN=Robot: cms crab|/DC=ch/DC=cern/OU=Organic Units/OU=Users/CN=crabint1/CN=373708/CN=Robot: CMS CRAB Integration 1
DEBUG 2026-08-12 12:49:58.044 UTC: 	 Executing command :
 voms-proxy-info --identity --file /tmp/x509up_u178888
DEBUG 2026-08-12 12:49:58.072 UTC: 	 output : /DC=ch/DC=cern/OU=Organic Units/OU=Users/CN=ffiore/CN=883264/CN=Francesca Fiore

 error: 
 retcode : 0
DEBUG 2026-08-12 12:49:58.072 UTC: 	 Getting myproxy life time left for 1108dd7240a979e136768c977b197b9a1dace71c
DEBUG 2026-08-12 12:49:58.072 UTC: 	 Executing command :
 myproxy-info -s myproxy.cern.ch -l 1108dd7240a979e136768c977b197b9a1dace71c
DEBUG 2026-08-12 12:49:58.593 UTC: 	 output : username: 1108dd7240a979e136768c977b197b9a1dace71c
owner: /DC=ch/DC=cern/OU=Organic Units/OU=Users/CN=ffiore/CN=883264/CN=Francesca Fiore
  renewal policy: /DC=ch/DC=cern/OU=Organic Units/OU=Users/CN=cmscrab/CN=(817881|373708)/CN=Robot: cms crab|/DC=ch/DC=cern/OU=Organic Units/OU=Users/CN=crabint1/CN=373708/CN=Robot: CMS CRAB Integration 1
  trusted retrieval policy: /DC=ch/DC=cern/OU=Organic Units/OU=Users/CN=cmscrab/CN=(817881|373708)/CN=Robot: cms crab|/DC=ch/DC=cern/OU=Organic Units/OU=Users/CN=crabint1/CN=373708/CN=Robot: CMS CRAB Integration 1
  timeleft: 719:54:22  (30.0 days)

 error: 
 retcode : 0
DEBUG 2026-08-12 12:49:58.593 UTC: 	 Myproxy is valid: 2591640
DEBUG 2026-08-12 12:49:58.594 UTC: 	 Result of myproxy credential check:
  Credential exists on myproxy: username: 1108dd7240a979e136768c977b197b9a1dace71c  - validity: 29 days, 23:54:00
DEBUG 2026-08-12 12:49:58.594 UTC: 	 Retrieving username ...
DEBUG 2026-08-12 12:49:58.594 UTC: 	 Retrieving username from CRIC...
DEBUG 2026-08-12 12:49:59.789 UTC: 	 username is ffiore
INFO 2026-08-12 12:50:06.178 UTC: 	 Rucio client intialized for account ffiore
DEBUG 2026-08-12 12:50:06.178 UTC: 	 Command use: status
DEBUG 2026-08-12 12:50:06.178 UTC: 	 Options use: ['-d', 'VBS_semilep_ZZ_EWK_2023LHEGS_v12/crab_VBS_semilep_ZZ_EWK_2023LHEGS_v12']
DEBUG 2026-08-12 12:50:06.178 UTC: 	 Encoded data for curl request: subresource=version
DEBUG 2026-08-12 12:50:06.403 UTC: 	 CRABClient version: v3.260630
DEBUG 2026-08-12 12:50:06.403 UTC: 	 Instance is prod
DEBUG 2026-08-12 12:50:06.403 UTC: 	 Server base url is cmsweb.cern.ch
DEBUG 2026-08-12 12:50:06.403 UTC: 	 Command api workflow
DEBUG 2026-08-12 12:50:06.403 UTC: 	 Encoded data for curl request: subresource=search&workflow=260812_124432%3Affiore_crab_VBS_semilep_ZZ_EWK_2023LHEGS_v12
DEBUG 2026-08-12 12:50:06.499 UTC: 	 Got information from server oracle database: {'desc': {'columns': ['tm_taskname', 'tm_activity', 'tm_task_status', 'tm_task_command', 'tm_start_time', 'tm_start_injection', 'tm_end_injection', 'tm_task_failure', 'tm_job_sw', 'tm_job_arch', 'tm_input_dataset', 'tm_nonvalid_input_dataset', 'tm_use_parent', 'tm_site_whitelist', 'tm_site_blacklist', 'tm_split_algo', 'tm_split_args', 'tm_user_sandbox', 'tm_cache_url', 'tm_username', 'tm_user_dn', 'tm_user_vo', 'tm_user_role', 'tm_user_group', 'tm_publish_name', 'tm_publish_groupname', 'tm_asyncdest', 'tm_dbs_url', 'tm_publish_dbs_url', 'tm_publication', 'tm_outfiles', 'tm_tfile_outfiles', 'tm_edm_outfiles', 'tm_job_type', 'tm_generator', 'tm_events_per_lumi', 'tm_arguments', 'tm_save_logs', 'tw_name', 'tm_user_infiles', 'tm_maxjobruntime', 'tm_numcores', 'tm_maxmemory', 'tm_priority', 'tm_output_dataset', 'tm_task_warnings', 'tm_user_webdir', 'tm_scriptexe', 'tm_scriptargs', 'tm_extrajdl', 'tm_collector', 'tm_schedd', 'tm_dry_run', 'tm_user_files', 'tm_transfer_outputs', 'tm_output_lfn', 'tm_ignore_locality', 'tm_fail_limit', 'tm_one_event_mode', 'tm_secondary_input_dataset', 'tm_primary_dataset', 'tm_last_publication', 'tm_debug_files', 'clusterid', 'tm_ignore_global_blacklist', 'tm_submitter_ip_addr', 'tm_totalunits', 'tm_ddm_reqid', 'tm_user_config', 'tm_transfer_container', 'tm_transfer_rule', 'tm_publish_rule', 'tm_multipub_rule', 'tm_job_min_microarch', 'tm_dagman_status', 'tm_num_jobs', 'tm_uploaded']}, 'result': ['260812_124432:ffiore_crab_VBS_semilep_ZZ_EWK_2023LHEGS_v12', 'None', 'SUBMITTED', 'SUBMIT', '2026-08-12 12:44:32.262474', 'None', '2026-08-12 12:44:55.472039', 'None', 'CMSSW_13_0_14', 'el8_amd64_gcc11', 'None', 'F', '0', '[]', '[]', 'EventBased', "{'halt_job_on_file_boundaries': False, 'splitOnRun': False, 'events_per_job': 20, 'runs': [], 'lumis': []}", '7ed6e5b44598f438a161715ec666cd4e5d0997f41b38fe7901a5bd3a27e8da73.tar.gz', 'S3/crabcache_prod', 'ffiore', '/DC=ch/DC=cern/OU=Organic Units/OU=Users/CN=ffiore/CN=883264/CN=Francesca Fiore', 'cms', 'None', 'None', 'VBS_semilep_ZZ_EWK_2023LHEGS_v12-00000000000000000000000000000000', 'F', 'T2_IT_Legnaro', 'https://cmsweb.cern.ch/dbs/prod/global/DBSReader', 'https://cmsweb.cern.ch/dbs/prod/phys03/DBSWriter', 'F', "['Run3Summer23NanoAODv12.root']", '[]', '[]', 'PrivateMC', 'pythia', '20', '{}', 'F', 'crab-prod-tw01', '[]', '1250', '4', '8000', '10', 'None', '[]', 'http://vocms0144.cern.ch/mon/ffiore/260812_124432:ffiore_crab_VBS_semilep_ZZ_EWK_2023LHEGS_v12', 'run_chain_Run3.sh', "['inputGridpack=/eos/user/f/ffiore/VBS/Gridpacks/ZZ/VBS_ZZ_semilep_el8_amd64_gcc10_CMSSW_12_4_8_tarball.tar.xz', 'nEvents=20', 'nThreads=4']", '[]', 'None', 'crab3@vocms0144.cern.ch', 'F', '[]', 'T', '/store/user/ffiore/', 'F', 'None', 'F', 'None', 'VBS_semilep_ZZ_EWK_2023LHEGS_v12', 'None', '39b51909eb0ce8ea1ba61e6aadd877fb0392e61f45ea9784e405ce621ace9784.tar.gz', '159143620', 'F', '188.185.101.116', '40.0', 'None', '{"partialdataset": false, "requireaccelerator": false, "acceleratorparams": null, "inputblocks": null}', 'None', 'None', 'None', 'None', 'any', 'RUNNING', '2', 'T']}
INFO 2026-08-12 12:50:06.500 UTC: 	 CRAB project directory:		/afs/cern.ch/user/f/ffiore/work/produzione/crab_MC_private/VBS_semilep_ZZ_EWK_2023LHEGS_v12/crab_VBS_semilep_ZZ_EWK_2023LHEGS_v12
INFO 2026-08-12 12:50:06.500 UTC: 	 Task name:			260812_124432:ffiore_crab_VBS_semilep_ZZ_EWK_2023LHEGS_v12
INFO 2026-08-12 12:50:06.500 UTC: 	 Grid scheduler - Task Worker:	crab3@vocms0144.cern.ch - crab-prod-tw01
INFO 2026-08-12 12:50:06.500 UTC: 	 Status on the CRAB server:	SUBMITTED
INFO 2026-08-12 12:50:06.500 UTC: 	 Task URL to use for HELP:	https://cmsweb.cern.ch/crabserver/ui/task/260812_124432%3Affiore_crab_VBS_semilep_ZZ_EWK_2023LHEGS_v12
INFO 2026-08-12 12:50:06.569 UTC: 	 Dashboard monitoring URL:	https://monit-grafana.cern.ch/d/cmsTMDetail/cms-task-monitoring-task-view?orgId=11&var-user=ffiore&var-task=260812_124432%3Affiore_crab_VBS_semilep_ZZ_EWK_2023LHEGS_v12&from=1786535072000&to=now
DEBUG 2026-08-12 12:50:06.570 UTC: 	 The CRAB server submitted your task to the Grid scheduler (cluster ID: 159143620)
DEBUG 2026-08-12 12:50:06.570 UTC: 	 Webdir is located at http://vocms0144.cern.ch/mon/ffiore/260812_124432:ffiore_crab_VBS_semilep_ZZ_EWK_2023LHEGS_v12
DEBUG 2026-08-12 12:50:06.570 UTC: 	 Encoded data for curl request: subresource=webdirprx&workflow=260812_124432%3Affiore_crab_VBS_semilep_ZZ_EWK_2023LHEGS_v12
DEBUG 2026-08-12 12:50:06.699 UTC: 	 Proxied webdir is located at https://cmsweb.cern.ch/scheddmon/0144/ffiore/260812_124432:ffiore_crab_VBS_semilep_ZZ_EWK_2023LHEGS_v12
DEBUG 2026-08-12 12:50:06.700 UTC: 	 Retrieving 'status_cache' file from https://cmsweb.cern.ch/scheddmon/0144/ffiore/260812_124432:ffiore_crab_VBS_semilep_ZZ_EWK_2023LHEGS_v12/status_cache.pkl
DEBUG 2026-08-12 12:50:06.700 UTC: 	 Will execute:
curl -sS --capath /etc/grid-security/certificates --cert /tmp/x509up_u178888 --key /tmp/x509up_u178888 -o /tmp/crab_status-cache-6bl1t8dw.pkl -w %"{http_code}" "https://cmsweb.cern.ch/scheddmon/0144/ffiore/260812_124432:ffiore_crab_VBS_semilep_ZZ_EWK_2023LHEGS_v12/status_cache.pkl"
DEBUG 2026-08-12 12:50:06.700 UTC: 	 Executing command :
 curl -sS --capath /etc/grid-security/certificates --cert /tmp/x509up_u178888 --key /tmp/x509up_u178888 -o /tmp/crab_status-cache-6bl1t8dw.pkl -w %"{http_code}" "https://cmsweb.cern.ch/scheddmon/0144/ffiore/260812_124432:ffiore_crab_VBS_semilep_ZZ_EWK_2023LHEGS_v12/status_cache.pkl"
DEBUG 2026-08-12 12:50:06.809 UTC: 	 output : 200
 error: 
 retcode : 0
DEBUG 2026-08-12 12:50:06.809 UTC: 	 exitcode: 0
stdout: 200
stderr: 
error details: 
DEBUG 2026-08-12 12:50:06.809 UTC: 	 Got information from status cache file: {'1': {'Retries': 0, 'Restarts': 0, 'SiteHistory': ['T2_CH_CERN', 'T2_CH_CERN'], 'ResidentSetSize': [0], 'SubmitTimes': [1786538764.0], 'StartTimes': [1786538817.0], 'EndTimes': [], 'TotalUserCpuTimeHistory': [0.0], 'TotalSysCpuTimeHistory': [0.0], 'WallDurations': [0, 7.268025875091553], 'JobIds': ['159143625.0'], 'State': 'unsubmitted', 'RecordedSite': True}, '2': {'Retries': 0, 'Restarts': 0, 'SiteHistory': ['T2_CH_CERN', 'T2_CH_CERN'], 'ResidentSetSize': [0], 'SubmitTimes': [1786538764.0], 'StartTimes': [1786538818.0], 'EndTimes': [], 'TotalUserCpuTimeHistory': [0.0], 'TotalSysCpuTimeHistory': [0.0], 'WallDurations': [0, 6.268025875091553], 'JobIds': ['159143626.0'], 'State': 'unsubmitted', 'RecordedSite': True}}
INFO 2026-08-12 12:50:06.809 UTC: 	 Status on the scheduler:	RUNNING
INFO 2026-08-12 12:50:06.810 UTC: 	 
Jobs status:                    unsubmitted  		100.0% (2/2)
INFO 2026-08-12 12:50:06.810 UTC: 	 
No publication information (publication has been disabled in the CRAB configuration file)
INFO 2026-08-12 12:50:06.813 UTC: 	 Log file is /afs/cern.ch/user/f/ffiore/work/produzione/crab_MC_private/VBS_semilep_ZZ_EWK_2023LHEGS_v12/crab_VBS_semilep_ZZ_EWK_2023LHEGS_v12/crab.log
DEBUG 2026-08-12 12:50:23.194 UTC: 	 CRAB Client version: v3.260630
DEBUG 2026-08-12 12:50:23.195 UTC: 	 Running on: Linux lxplus808.cern.ch 4.18.0-553.144.1.el8_10.x86_64 #1 SMP Mon Jul 13 11:33:25 EDT 2026 x86_64 x86_64 x86_64 GNU/Linux
DEBUG 2026-08-12 12:50:23.195 UTC: 	 Not using Singularity
DEBUG 2026-08-12 12:50:23.195 UTC: 	 Operating System: Red Hat Enterprise Linux 8.10 (Ootpa)
DEBUG 2026-08-12 12:50:23.195 UTC: 	 Executing command: 'status'
DEBUG 2026-08-12 12:50:23.195 UTC: 	 Found CRAB cache file /afs/cern.ch/user/f/ffiore/.crab3
DEBUG 2026-08-12 12:50:23.211 UTC: 	 Checking credentials
DEBUG 2026-08-12 12:50:23.211 UTC: 	 Found proxy file /tmp/x509up_u178888
DEBUG 2026-08-12 12:50:23.211 UTC: 	 Making sure it has proper VOMS extension
DEBUG 2026-08-12 12:50:23.211 UTC: 	 Executing command :
 voms-proxy-info --vo --file /tmp/x509up_u178888
DEBUG 2026-08-12 12:50:23.262 UTC: 	 output : cms

 error: 
 retcode : 0
DEBUG 2026-08-12 12:50:23.262 UTC: 	 Getting proxy life time left
DEBUG 2026-08-12 12:50:23.262 UTC: 	 Executing command :
 voms-proxy-info --actimeleft --timeleft --file /tmp/x509up_u178888
DEBUG 2026-08-12 12:50:23.315 UTC: 	 output : 604402
604402

 error: 
 retcode : 0
DEBUG 2026-08-12 12:50:23.315 UTC: 	 Proxy valid for 167:53:22 hours
DEBUG 2026-08-12 12:50:23.316 UTC: 	 Encoded data for curl request: subresource=delegatedn
DEBUG 2026-08-12 12:50:23.381 UTC: 	 Registering user credentials on myproxy for /DC=ch/DC=cern/OU=Organic Units/OU=Users/CN=cmscrab/CN=(817881|373708)/CN=Robot: cms crab|/DC=ch/DC=cern/OU=Organic Units/OU=Users/CN=crabint1/CN=373708/CN=Robot: CMS CRAB Integration 1
DEBUG 2026-08-12 12:50:23.381 UTC: 	 Executing command :
 voms-proxy-info --identity --file /tmp/x509up_u178888
DEBUG 2026-08-12 12:50:23.422 UTC: 	 output : /DC=ch/DC=cern/OU=Organic Units/OU=Users/CN=ffiore/CN=883264/CN=Francesca Fiore

 error: 
 retcode : 0
DEBUG 2026-08-12 12:50:23.423 UTC: 	 Getting myproxy life time left for 1108dd7240a979e136768c977b197b9a1dace71c
DEBUG 2026-08-12 12:50:23.423 UTC: 	 Executing command :
 myproxy-info -s myproxy.cern.ch -l 1108dd7240a979e136768c977b197b9a1dace71c
DEBUG 2026-08-12 12:50:24.085 UTC: 	 output : username: 1108dd7240a979e136768c977b197b9a1dace71c
owner: /DC=ch/DC=cern/OU=Organic Units/OU=Users/CN=ffiore/CN=883264/CN=Francesca Fiore
  renewal policy: /DC=ch/DC=cern/OU=Organic Units/OU=Users/CN=cmscrab/CN=(817881|373708)/CN=Robot: cms crab|/DC=ch/DC=cern/OU=Organic Units/OU=Users/CN=crabint1/CN=373708/CN=Robot: CMS CRAB Integration 1
  trusted retrieval policy: /DC=ch/DC=cern/OU=Organic Units/OU=Users/CN=cmscrab/CN=(817881|373708)/CN=Robot: cms crab|/DC=ch/DC=cern/OU=Organic Units/OU=Users/CN=crabint1/CN=373708/CN=Robot: CMS CRAB Integration 1
  timeleft: 719:53:56  (30.0 days)

 error: 
 retcode : 0
DEBUG 2026-08-12 12:50:24.086 UTC: 	 Myproxy is valid: 2591580
DEBUG 2026-08-12 12:50:24.086 UTC: 	 Result of myproxy credential check:
  Credential exists on myproxy: username: 1108dd7240a979e136768c977b197b9a1dace71c  - validity: 29 days, 23:53:00
DEBUG 2026-08-12 12:50:24.086 UTC: 	 Retrieving username ...
DEBUG 2026-08-12 12:50:24.086 UTC: 	 Retrieving username from CRIC...
DEBUG 2026-08-12 12:50:25.471 UTC: 	 username is ffiore
INFO 2026-08-12 12:50:31.365 UTC: 	 Rucio client intialized for account ffiore
DEBUG 2026-08-12 12:50:31.365 UTC: 	 Command use: status
DEBUG 2026-08-12 12:50:31.365 UTC: 	 Options use: ['-d', 'VBS_semilep_ZZ_EWK_2023LHEGS_v12/crab_VBS_semilep_ZZ_EWK_2023LHEGS_v12']
DEBUG 2026-08-12 12:50:31.365 UTC: 	 Encoded data for curl request: subresource=version
DEBUG 2026-08-12 12:50:31.427 UTC: 	 CRABClient version: v3.260630
DEBUG 2026-08-12 12:50:31.428 UTC: 	 Instance is prod
DEBUG 2026-08-12 12:50:31.428 UTC: 	 Server base url is cmsweb.cern.ch
DEBUG 2026-08-12 12:50:31.428 UTC: 	 Command api workflow
DEBUG 2026-08-12 12:50:31.428 UTC: 	 Encoded data for curl request: subresource=search&workflow=260812_124432%3Affiore_crab_VBS_semilep_ZZ_EWK_2023LHEGS_v12
DEBUG 2026-08-12 12:50:31.516 UTC: 	 Got information from server oracle database: {'desc': {'columns': ['tm_taskname', 'tm_activity', 'tm_task_status', 'tm_task_command', 'tm_start_time', 'tm_start_injection', 'tm_end_injection', 'tm_task_failure', 'tm_job_sw', 'tm_job_arch', 'tm_input_dataset', 'tm_nonvalid_input_dataset', 'tm_use_parent', 'tm_site_whitelist', 'tm_site_blacklist', 'tm_split_algo', 'tm_split_args', 'tm_user_sandbox', 'tm_cache_url', 'tm_username', 'tm_user_dn', 'tm_user_vo', 'tm_user_role', 'tm_user_group', 'tm_publish_name', 'tm_publish_groupname', 'tm_asyncdest', 'tm_dbs_url', 'tm_publish_dbs_url', 'tm_publication', 'tm_outfiles', 'tm_tfile_outfiles', 'tm_edm_outfiles', 'tm_job_type', 'tm_generator', 'tm_events_per_lumi', 'tm_arguments', 'tm_save_logs', 'tw_name', 'tm_user_infiles', 'tm_maxjobruntime', 'tm_numcores', 'tm_maxmemory', 'tm_priority', 'tm_output_dataset', 'tm_task_warnings', 'tm_user_webdir', 'tm_scriptexe', 'tm_scriptargs', 'tm_extrajdl', 'tm_collector', 'tm_schedd', 'tm_dry_run', 'tm_user_files', 'tm_transfer_outputs', 'tm_output_lfn', 'tm_ignore_locality', 'tm_fail_limit', 'tm_one_event_mode', 'tm_secondary_input_dataset', 'tm_primary_dataset', 'tm_last_publication', 'tm_debug_files', 'clusterid', 'tm_ignore_global_blacklist', 'tm_submitter_ip_addr', 'tm_totalunits', 'tm_ddm_reqid', 'tm_user_config', 'tm_transfer_container', 'tm_transfer_rule', 'tm_publish_rule', 'tm_multipub_rule', 'tm_job_min_microarch', 'tm_dagman_status', 'tm_num_jobs', 'tm_uploaded']}, 'result': ['260812_124432:ffiore_crab_VBS_semilep_ZZ_EWK_2023LHEGS_v12', 'None', 'SUBMITTED', 'SUBMIT', '2026-08-12 12:44:32.262474', 'None', '2026-08-12 12:44:55.472039', 'None', 'CMSSW_13_0_14', 'el8_amd64_gcc11', 'None', 'F', '0', '[]', '[]', 'EventBased', "{'halt_job_on_file_boundaries': False, 'splitOnRun': False, 'events_per_job': 20, 'runs': [], 'lumis': []}", '7ed6e5b44598f438a161715ec666cd4e5d0997f41b38fe7901a5bd3a27e8da73.tar.gz', 'S3/crabcache_prod', 'ffiore', '/DC=ch/DC=cern/OU=Organic Units/OU=Users/CN=ffiore/CN=883264/CN=Francesca Fiore', 'cms', 'None', 'None', 'VBS_semilep_ZZ_EWK_2023LHEGS_v12-00000000000000000000000000000000', 'F', 'T2_IT_Legnaro', 'https://cmsweb.cern.ch/dbs/prod/global/DBSReader', 'https://cmsweb.cern.ch/dbs/prod/phys03/DBSWriter', 'F', "['Run3Summer23NanoAODv12.root']", '[]', '[]', 'PrivateMC', 'pythia', '20', '{}', 'F', 'crab-prod-tw01', '[]', '1250', '4', '8000', '10', 'None', '[]', 'http://vocms0144.cern.ch/mon/ffiore/260812_124432:ffiore_crab_VBS_semilep_ZZ_EWK_2023LHEGS_v12', 'run_chain_Run3.sh', "['inputGridpack=/eos/user/f/ffiore/VBS/Gridpacks/ZZ/VBS_ZZ_semilep_el8_amd64_gcc10_CMSSW_12_4_8_tarball.tar.xz', 'nEvents=20', 'nThreads=4']", '[]', 'None', 'crab3@vocms0144.cern.ch', 'F', '[]', 'T', '/store/user/ffiore/', 'F', 'None', 'F', 'None', 'VBS_semilep_ZZ_EWK_2023LHEGS_v12', 'None', '39b51909eb0ce8ea1ba61e6aadd877fb0392e61f45ea9784e405ce621ace9784.tar.gz', '159143620', 'F', '188.185.101.116', '40.0', 'None', '{"partialdataset": false, "requireaccelerator": false, "acceleratorparams": null, "inputblocks": null}', 'None', 'None', 'None', 'None', 'any', 'RUNNING', '2', 'T']}
INFO 2026-08-12 12:50:31.517 UTC: 	 CRAB project directory:		/afs/cern.ch/user/f/ffiore/work/produzione/crab_MC_private/VBS_semilep_ZZ_EWK_2023LHEGS_v12/crab_VBS_semilep_ZZ_EWK_2023LHEGS_v12
INFO 2026-08-12 12:50:31.517 UTC: 	 Task name:			260812_124432:ffiore_crab_VBS_semilep_ZZ_EWK_2023LHEGS_v12
INFO 2026-08-12 12:50:31.517 UTC: 	 Grid scheduler - Task Worker:	crab3@vocms0144.cern.ch - crab-prod-tw01
INFO 2026-08-12 12:50:31.517 UTC: 	 Status on the CRAB server:	SUBMITTED
INFO 2026-08-12 12:50:31.517 UTC: 	 Task URL to use for HELP:	https://cmsweb.cern.ch/crabserver/ui/task/260812_124432%3Affiore_crab_VBS_semilep_ZZ_EWK_2023LHEGS_v12
INFO 2026-08-12 12:50:31.535 UTC: 	 Dashboard monitoring URL:	https://monit-grafana.cern.ch/d/cmsTMDetail/cms-task-monitoring-task-view?orgId=11&var-user=ffiore&var-task=260812_124432%3Affiore_crab_VBS_semilep_ZZ_EWK_2023LHEGS_v12&from=1786535072000&to=now
DEBUG 2026-08-12 12:50:31.536 UTC: 	 The CRAB server submitted your task to the Grid scheduler (cluster ID: 159143620)
DEBUG 2026-08-12 12:50:31.536 UTC: 	 Webdir is located at http://vocms0144.cern.ch/mon/ffiore/260812_124432:ffiore_crab_VBS_semilep_ZZ_EWK_2023LHEGS_v12
DEBUG 2026-08-12 12:50:31.536 UTC: 	 Encoded data for curl request: subresource=webdirprx&workflow=260812_124432%3Affiore_crab_VBS_semilep_ZZ_EWK_2023LHEGS_v12
DEBUG 2026-08-12 12:50:31.663 UTC: 	 Proxied webdir is located at https://cmsweb.cern.ch/scheddmon/0144/ffiore/260812_124432:ffiore_crab_VBS_semilep_ZZ_EWK_2023LHEGS_v12
DEBUG 2026-08-12 12:50:31.663 UTC: 	 Retrieving 'status_cache' file from https://cmsweb.cern.ch/scheddmon/0144/ffiore/260812_124432:ffiore_crab_VBS_semilep_ZZ_EWK_2023LHEGS_v12/status_cache.pkl
DEBUG 2026-08-12 12:50:31.663 UTC: 	 Will execute:
curl -sS --capath /etc/grid-security/certificates --cert /tmp/x509up_u178888 --key /tmp/x509up_u178888 -o /tmp/crab_status-cache-y8vqbzsy.pkl -w %"{http_code}" "https://cmsweb.cern.ch/scheddmon/0144/ffiore/260812_124432:ffiore_crab_VBS_semilep_ZZ_EWK_2023LHEGS_v12/status_cache.pkl"
DEBUG 2026-08-12 12:50:31.663 UTC: 	 Executing command :
 curl -sS --capath /etc/grid-security/certificates --cert /tmp/x509up_u178888 --key /tmp/x509up_u178888 -o /tmp/crab_status-cache-y8vqbzsy.pkl -w %"{http_code}" "https://cmsweb.cern.ch/scheddmon/0144/ffiore/260812_124432:ffiore_crab_VBS_semilep_ZZ_EWK_2023LHEGS_v12/status_cache.pkl"
DEBUG 2026-08-12 12:50:31.711 UTC: 	 output : 200
 error: 
 retcode : 0
DEBUG 2026-08-12 12:50:31.711 UTC: 	 exitcode: 0
stdout: 200
stderr: 
error details: 
DEBUG 2026-08-12 12:50:31.711 UTC: 	 Got information from status cache file: {'1': {'Retries': 0, 'Restarts': 0, 'SiteHistory': ['T2_CH_CERN', 'T2_CH_CERN'], 'ResidentSetSize': [0], 'SubmitTimes': [1786538764.0], 'StartTimes': [1786538817.0], 'EndTimes': [], 'TotalUserCpuTimeHistory': [0.0], 'TotalSysCpuTimeHistory': [0.0], 'WallDurations': [0, 7.268025875091553], 'JobIds': ['159143625.0'], 'State': 'unsubmitted', 'RecordedSite': True}, '2': {'Retries': 0, 'Restarts': 0, 'SiteHistory': ['T2_CH_CERN', 'T2_CH_CERN'], 'ResidentSetSize': [0], 'SubmitTimes': [1786538764.0], 'StartTimes': [1786538818.0], 'EndTimes': [], 'TotalUserCpuTimeHistory': [0.0], 'TotalSysCpuTimeHistory': [0.0], 'WallDurations': [0, 6.268025875091553], 'JobIds': ['159143626.0'], 'State': 'unsubmitted', 'RecordedSite': True}}
INFO 2026-08-12 12:50:31.711 UTC: 	 Status on the scheduler:	RUNNING
INFO 2026-08-12 12:50:31.711 UTC: 	 
Jobs status:                    unsubmitted  		100.0% (2/2)
INFO 2026-08-12 12:50:31.712 UTC: 	 
No publication information (publication has been disabled in the CRAB configuration file)
INFO 2026-08-12 12:50:31.714 UTC: 	 Log file is /afs/cern.ch/user/f/ffiore/work/produzione/crab_MC_private/VBS_semilep_ZZ_EWK_2023LHEGS_v12/crab_VBS_semilep_ZZ_EWK_2023LHEGS_v12/crab.log
DEBUG 2026-08-12 12:50:41.938 UTC: 	 CRAB Client version: v3.260630
DEBUG 2026-08-12 12:50:41.939 UTC: 	 Running on: Linux lxplus808.cern.ch 4.18.0-553.144.1.el8_10.x86_64 #1 SMP Mon Jul 13 11:33:25 EDT 2026 x86_64 x86_64 x86_64 GNU/Linux
DEBUG 2026-08-12 12:50:41.939 UTC: 	 Not using Singularity
DEBUG 2026-08-12 12:50:41.939 UTC: 	 Operating System: Red Hat Enterprise Linux 8.10 (Ootpa)
DEBUG 2026-08-12 12:50:41.939 UTC: 	 Executing command: 'status'
DEBUG 2026-08-12 12:50:41.939 UTC: 	 Found CRAB cache file /afs/cern.ch/user/f/ffiore/.crab3
DEBUG 2026-08-12 12:50:41.951 UTC: 	 Checking credentials
DEBUG 2026-08-12 12:50:41.951 UTC: 	 Found proxy file /tmp/x509up_u178888
DEBUG 2026-08-12 12:50:41.951 UTC: 	 Making sure it has proper VOMS extension
DEBUG 2026-08-12 12:50:41.952 UTC: 	 Executing command :
 voms-proxy-info --vo --file /tmp/x509up_u178888
DEBUG 2026-08-12 12:50:42.008 UTC: 	 output : cms

 error: 
 retcode : 0
DEBUG 2026-08-12 12:50:42.008 UTC: 	 Getting proxy life time left
DEBUG 2026-08-12 12:50:42.008 UTC: 	 Executing command :
 voms-proxy-info --actimeleft --timeleft --file /tmp/x509up_u178888
DEBUG 2026-08-12 12:50:42.050 UTC: 	 output : 604383
604383

 error: 
 retcode : 0
DEBUG 2026-08-12 12:50:42.050 UTC: 	 Proxy valid for 167:53:03 hours
DEBUG 2026-08-12 12:50:42.050 UTC: 	 Encoded data for curl request: subresource=delegatedn
DEBUG 2026-08-12 12:50:42.154 UTC: 	 Registering user credentials on myproxy for /DC=ch/DC=cern/OU=Organic Units/OU=Users/CN=cmscrab/CN=(817881|373708)/CN=Robot: cms crab|/DC=ch/DC=cern/OU=Organic Units/OU=Users/CN=crabint1/CN=373708/CN=Robot: CMS CRAB Integration 1
DEBUG 2026-08-12 12:50:42.155 UTC: 	 Executing command :
 voms-proxy-info --identity --file /tmp/x509up_u178888
DEBUG 2026-08-12 12:50:42.192 UTC: 	 output : /DC=ch/DC=cern/OU=Organic Units/OU=Users/CN=ffiore/CN=883264/CN=Francesca Fiore

 error: 
 retcode : 0
DEBUG 2026-08-12 12:50:42.192 UTC: 	 Getting myproxy life time left for 1108dd7240a979e136768c977b197b9a1dace71c
DEBUG 2026-08-12 12:50:42.192 UTC: 	 Executing command :
 myproxy-info -s myproxy.cern.ch -l 1108dd7240a979e136768c977b197b9a1dace71c
DEBUG 2026-08-12 12:50:42.525 UTC: 	 output : username: 1108dd7240a979e136768c977b197b9a1dace71c
owner: /DC=ch/DC=cern/OU=Organic Units/OU=Users/CN=ffiore/CN=883264/CN=Francesca Fiore
  renewal policy: /DC=ch/DC=cern/OU=Organic Units/OU=Users/CN=cmscrab/CN=(817881|373708)/CN=Robot: cms crab|/DC=ch/DC=cern/OU=Organic Units/OU=Users/CN=crabint1/CN=373708/CN=Robot: CMS CRAB Integration 1
  trusted retrieval policy: /DC=ch/DC=cern/OU=Organic Units/OU=Users/CN=cmscrab/CN=(817881|373708)/CN=Robot: cms crab|/DC=ch/DC=cern/OU=Organic Units/OU=Users/CN=crabint1/CN=373708/CN=Robot: CMS CRAB Integration 1
  timeleft: 719:53:38  (30.0 days)

 error: 
 retcode : 0
DEBUG 2026-08-12 12:50:42.525 UTC: 	 Myproxy is valid: 2591580
DEBUG 2026-08-12 12:50:42.525 UTC: 	 Result of myproxy credential check:
  Credential exists on myproxy: username: 1108dd7240a979e136768c977b197b9a1dace71c  - validity: 29 days, 23:53:00
DEBUG 2026-08-12 12:50:42.525 UTC: 	 Retrieving username ...
DEBUG 2026-08-12 12:50:42.525 UTC: 	 Retrieving username from CRIC...
DEBUG 2026-08-12 12:50:44.005 UTC: 	 username is ffiore
INFO 2026-08-12 12:50:50.480 UTC: 	 Rucio client intialized for account ffiore
DEBUG 2026-08-12 12:50:50.480 UTC: 	 Command use: status
DEBUG 2026-08-12 12:50:50.480 UTC: 	 Options use: ['-d', 'VBS_semilep_ZZ_EWK_2023LHEGS_v12/crab_VBS_semilep_ZZ_EWK_2023LHEGS_v12']
DEBUG 2026-08-12 12:50:50.480 UTC: 	 Encoded data for curl request: subresource=version
DEBUG 2026-08-12 12:50:50.556 UTC: 	 CRABClient version: v3.260630
DEBUG 2026-08-12 12:50:50.556 UTC: 	 Instance is prod
DEBUG 2026-08-12 12:50:50.556 UTC: 	 Server base url is cmsweb.cern.ch
DEBUG 2026-08-12 12:50:50.556 UTC: 	 Command api workflow
DEBUG 2026-08-12 12:50:50.556 UTC: 	 Encoded data for curl request: subresource=search&workflow=260812_124432%3Affiore_crab_VBS_semilep_ZZ_EWK_2023LHEGS_v12
DEBUG 2026-08-12 12:50:50.623 UTC: 	 Got information from server oracle database: {'desc': {'columns': ['tm_taskname', 'tm_activity', 'tm_task_status', 'tm_task_command', 'tm_start_time', 'tm_start_injection', 'tm_end_injection', 'tm_task_failure', 'tm_job_sw', 'tm_job_arch', 'tm_input_dataset', 'tm_nonvalid_input_dataset', 'tm_use_parent', 'tm_site_whitelist', 'tm_site_blacklist', 'tm_split_algo', 'tm_split_args', 'tm_user_sandbox', 'tm_cache_url', 'tm_username', 'tm_user_dn', 'tm_user_vo', 'tm_user_role', 'tm_user_group', 'tm_publish_name', 'tm_publish_groupname', 'tm_asyncdest', 'tm_dbs_url', 'tm_publish_dbs_url', 'tm_publication', 'tm_outfiles', 'tm_tfile_outfiles', 'tm_edm_outfiles', 'tm_job_type', 'tm_generator', 'tm_events_per_lumi', 'tm_arguments', 'tm_save_logs', 'tw_name', 'tm_user_infiles', 'tm_maxjobruntime', 'tm_numcores', 'tm_maxmemory', 'tm_priority', 'tm_output_dataset', 'tm_task_warnings', 'tm_user_webdir', 'tm_scriptexe', 'tm_scriptargs', 'tm_extrajdl', 'tm_collector', 'tm_schedd', 'tm_dry_run', 'tm_user_files', 'tm_transfer_outputs', 'tm_output_lfn', 'tm_ignore_locality', 'tm_fail_limit', 'tm_one_event_mode', 'tm_secondary_input_dataset', 'tm_primary_dataset', 'tm_last_publication', 'tm_debug_files', 'clusterid', 'tm_ignore_global_blacklist', 'tm_submitter_ip_addr', 'tm_totalunits', 'tm_ddm_reqid', 'tm_user_config', 'tm_transfer_container', 'tm_transfer_rule', 'tm_publish_rule', 'tm_multipub_rule', 'tm_job_min_microarch', 'tm_dagman_status', 'tm_num_jobs', 'tm_uploaded']}, 'result': ['260812_124432:ffiore_crab_VBS_semilep_ZZ_EWK_2023LHEGS_v12', 'None', 'SUBMITTED', 'SUBMIT', '2026-08-12 12:44:32.262474', 'None', '2026-08-12 12:44:55.472039', 'None', 'CMSSW_13_0_14', 'el8_amd64_gcc11', 'None', 'F', '0', '[]', '[]', 'EventBased', "{'halt_job_on_file_boundaries': False, 'splitOnRun': False, 'events_per_job': 20, 'runs': [], 'lumis': []}", '7ed6e5b44598f438a161715ec666cd4e5d0997f41b38fe7901a5bd3a27e8da73.tar.gz', 'S3/crabcache_prod', 'ffiore', '/DC=ch/DC=cern/OU=Organic Units/OU=Users/CN=ffiore/CN=883264/CN=Francesca Fiore', 'cms', 'None', 'None', 'VBS_semilep_ZZ_EWK_2023LHEGS_v12-00000000000000000000000000000000', 'F', 'T2_IT_Legnaro', 'https://cmsweb.cern.ch/dbs/prod/global/DBSReader', 'https://cmsweb.cern.ch/dbs/prod/phys03/DBSWriter', 'F', "['Run3Summer23NanoAODv12.root']", '[]', '[]', 'PrivateMC', 'pythia', '20', '{}', 'F', 'crab-prod-tw01', '[]', '1250', '4', '8000', '10', 'None', '[]', 'http://vocms0144.cern.ch/mon/ffiore/260812_124432:ffiore_crab_VBS_semilep_ZZ_EWK_2023LHEGS_v12', 'run_chain_Run3.sh', "['inputGridpack=/eos/user/f/ffiore/VBS/Gridpacks/ZZ/VBS_ZZ_semilep_el8_amd64_gcc10_CMSSW_12_4_8_tarball.tar.xz', 'nEvents=20', 'nThreads=4']", '[]', 'None', 'crab3@vocms0144.cern.ch', 'F', '[]', 'T', '/store/user/ffiore/', 'F', 'None', 'F', 'None', 'VBS_semilep_ZZ_EWK_2023LHEGS_v12', 'None', '39b51909eb0ce8ea1ba61e6aadd877fb0392e61f45ea9784e405ce621ace9784.tar.gz', '159143620', 'F', '188.185.101.116', '40.0', 'None', '{"partialdataset": false, "requireaccelerator": false, "acceleratorparams": null, "inputblocks": null}', 'None', 'None', 'None', 'None', 'any', 'RUNNING', '2', 'T']}
INFO 2026-08-12 12:50:50.623 UTC: 	 CRAB project directory:		/afs/cern.ch/user/f/ffiore/work/produzione/crab_MC_private/VBS_semilep_ZZ_EWK_2023LHEGS_v12/crab_VBS_semilep_ZZ_EWK_2023LHEGS_v12
INFO 2026-08-12 12:50:50.623 UTC: 	 Task name:			260812_124432:ffiore_crab_VBS_semilep_ZZ_EWK_2023LHEGS_v12
INFO 2026-08-12 12:50:50.623 UTC: 	 Grid scheduler - Task Worker:	crab3@vocms0144.cern.ch - crab-prod-tw01
INFO 2026-08-12 12:50:50.623 UTC: 	 Status on the CRAB server:	SUBMITTED
INFO 2026-08-12 12:50:50.623 UTC: 	 Task URL to use for HELP:	https://cmsweb.cern.ch/crabserver/ui/task/260812_124432%3Affiore_crab_VBS_semilep_ZZ_EWK_2023LHEGS_v12
INFO 2026-08-12 12:50:50.677 UTC: 	 Dashboard monitoring URL:	https://monit-grafana.cern.ch/d/cmsTMDetail/cms-task-monitoring-task-view?orgId=11&var-user=ffiore&var-task=260812_124432%3Affiore_crab_VBS_semilep_ZZ_EWK_2023LHEGS_v12&from=1786535072000&to=now
DEBUG 2026-08-12 12:50:50.677 UTC: 	 The CRAB server submitted your task to the Grid scheduler (cluster ID: 159143620)
DEBUG 2026-08-12 12:50:50.677 UTC: 	 Webdir is located at http://vocms0144.cern.ch/mon/ffiore/260812_124432:ffiore_crab_VBS_semilep_ZZ_EWK_2023LHEGS_v12
DEBUG 2026-08-12 12:50:50.677 UTC: 	 Encoded data for curl request: subresource=webdirprx&workflow=260812_124432%3Affiore_crab_VBS_semilep_ZZ_EWK_2023LHEGS_v12
DEBUG 2026-08-12 12:50:50.759 UTC: 	 Proxied webdir is located at https://cmsweb.cern.ch/scheddmon/0144/ffiore/260812_124432:ffiore_crab_VBS_semilep_ZZ_EWK_2023LHEGS_v12
DEBUG 2026-08-12 12:50:50.759 UTC: 	 Retrieving 'status_cache' file from https://cmsweb.cern.ch/scheddmon/0144/ffiore/260812_124432:ffiore_crab_VBS_semilep_ZZ_EWK_2023LHEGS_v12/status_cache.pkl
DEBUG 2026-08-12 12:50:50.760 UTC: 	 Will execute:
curl -sS --capath /etc/grid-security/certificates --cert /tmp/x509up_u178888 --key /tmp/x509up_u178888 -o /tmp/crab_status-cache-2fve_qf8.pkl -w %"{http_code}" "https://cmsweb.cern.ch/scheddmon/0144/ffiore/260812_124432:ffiore_crab_VBS_semilep_ZZ_EWK_2023LHEGS_v12/status_cache.pkl"
DEBUG 2026-08-12 12:50:50.760 UTC: 	 Executing command :
 curl -sS --capath /etc/grid-security/certificates --cert /tmp/x509up_u178888 --key /tmp/x509up_u178888 -o /tmp/crab_status-cache-2fve_qf8.pkl -w %"{http_code}" "https://cmsweb.cern.ch/scheddmon/0144/ffiore/260812_124432:ffiore_crab_VBS_semilep_ZZ_EWK_2023LHEGS_v12/status_cache.pkl"
DEBUG 2026-08-12 12:50:50.830 UTC: 	 output : 200
 error: 
 retcode : 0
DEBUG 2026-08-12 12:50:50.830 UTC: 	 exitcode: 0
stdout: 200
stderr: 
error details: 
DEBUG 2026-08-12 12:50:50.831 UTC: 	 Got information from status cache file: {'1': {'Retries': 0, 'Restarts': 0, 'SiteHistory': ['T2_CH_CERN', 'T2_CH_CERN'], 'ResidentSetSize': [0], 'SubmitTimes': [1786538764.0], 'StartTimes': [1786538817.0], 'EndTimes': [], 'TotalUserCpuTimeHistory': [0.0], 'TotalSysCpuTimeHistory': [0.0], 'WallDurations': [0, 7.268025875091553], 'JobIds': ['159143625.0'], 'State': 'unsubmitted', 'RecordedSite': True}, '2': {'Retries': 0, 'Restarts': 0, 'SiteHistory': ['T2_CH_CERN', 'T2_CH_CERN'], 'ResidentSetSize': [0], 'SubmitTimes': [1786538764.0], 'StartTimes': [1786538818.0], 'EndTimes': [], 'TotalUserCpuTimeHistory': [0.0], 'TotalSysCpuTimeHistory': [0.0], 'WallDurations': [0, 6.268025875091553], 'JobIds': ['159143626.0'], 'State': 'unsubmitted', 'RecordedSite': True}}
INFO 2026-08-12 12:50:50.831 UTC: 	 Status on the scheduler:	RUNNING
INFO 2026-08-12 12:50:50.831 UTC: 	 
Jobs status:                    unsubmitted  		100.0% (2/2)
INFO 2026-08-12 12:50:50.831 UTC: 	 
No publication information (publication has been disabled in the CRAB configuration file)
INFO 2026-08-12 12:50:50.838 UTC: 	 Log file is /afs/cern.ch/user/f/ffiore/work/produzione/crab_MC_private/VBS_semilep_ZZ_EWK_2023LHEGS_v12/crab_VBS_semilep_ZZ_EWK_2023LHEGS_v12/crab.log
DEBUG 2026-08-12 12:51:00.775 UTC: 	 CRAB Client version: v3.260630
DEBUG 2026-08-12 12:51:00.775 UTC: 	 Running on: Linux lxplus808.cern.ch 4.18.0-553.144.1.el8_10.x86_64 #1 SMP Mon Jul 13 11:33:25 EDT 2026 x86_64 x86_64 x86_64 GNU/Linux
DEBUG 2026-08-12 12:51:00.775 UTC: 	 Not using Singularity
DEBUG 2026-08-12 12:51:00.775 UTC: 	 Operating System: Red Hat Enterprise Linux 8.10 (Ootpa)
DEBUG 2026-08-12 12:51:00.775 UTC: 	 Executing command: 'status'
DEBUG 2026-08-12 12:51:00.775 UTC: 	 Found CRAB cache file /afs/cern.ch/user/f/ffiore/.crab3
DEBUG 2026-08-12 12:51:00.798 UTC: 	 Checking credentials
DEBUG 2026-08-12 12:51:00.798 UTC: 	 Found proxy file /tmp/x509up_u178888
DEBUG 2026-08-12 12:51:00.798 UTC: 	 Making sure it has proper VOMS extension
DEBUG 2026-08-12 12:51:00.798 UTC: 	 Executing command :
 voms-proxy-info --vo --file /tmp/x509up_u178888
DEBUG 2026-08-12 12:51:00.829 UTC: 	 output : cms

 error: 
 retcode : 0
DEBUG 2026-08-12 12:51:00.829 UTC: 	 Getting proxy life time left
DEBUG 2026-08-12 12:51:00.829 UTC: 	 Executing command :
 voms-proxy-info --actimeleft --timeleft --file /tmp/x509up_u178888
DEBUG 2026-08-12 12:51:00.859 UTC: 	 output : 604365
604365

 error: 
 retcode : 0
DEBUG 2026-08-12 12:51:00.859 UTC: 	 Proxy valid for 167:52:45 hours
DEBUG 2026-08-12 12:51:00.859 UTC: 	 Encoded data for curl request: subresource=delegatedn
DEBUG 2026-08-12 12:51:00.916 UTC: 	 Registering user credentials on myproxy for /DC=ch/DC=cern/OU=Organic Units/OU=Users/CN=cmscrab/CN=(817881|373708)/CN=Robot: cms crab|/DC=ch/DC=cern/OU=Organic Units/OU=Users/CN=crabint1/CN=373708/CN=Robot: CMS CRAB Integration 1
DEBUG 2026-08-12 12:51:00.917 UTC: 	 Executing command :
 voms-proxy-info --identity --file /tmp/x509up_u178888
DEBUG 2026-08-12 12:51:00.959 UTC: 	 output : /DC=ch/DC=cern/OU=Organic Units/OU=Users/CN=ffiore/CN=883264/CN=Francesca Fiore

 error: 
 retcode : 0
DEBUG 2026-08-12 12:51:00.960 UTC: 	 Getting myproxy life time left for 1108dd7240a979e136768c977b197b9a1dace71c
DEBUG 2026-08-12 12:51:00.960 UTC: 	 Executing command :
 myproxy-info -s myproxy.cern.ch -l 1108dd7240a979e136768c977b197b9a1dace71c
DEBUG 2026-08-12 12:51:01.296 UTC: 	 output : username: 1108dd7240a979e136768c977b197b9a1dace71c
owner: /DC=ch/DC=cern/OU=Organic Units/OU=Users/CN=ffiore/CN=883264/CN=Francesca Fiore
  renewal policy: /DC=ch/DC=cern/OU=Organic Units/OU=Users/CN=cmscrab/CN=(817881|373708)/CN=Robot: cms crab|/DC=ch/DC=cern/OU=Organic Units/OU=Users/CN=crabint1/CN=373708/CN=Robot: CMS CRAB Integration 1
  trusted retrieval policy: /DC=ch/DC=cern/OU=Organic Units/OU=Users/CN=cmscrab/CN=(817881|373708)/CN=Robot: cms crab|/DC=ch/DC=cern/OU=Organic Units/OU=Users/CN=crabint1/CN=373708/CN=Robot: CMS CRAB Integration 1
  timeleft: 719:53:19  (30.0 days)

 error: 
 retcode : 0
DEBUG 2026-08-12 12:51:01.296 UTC: 	 Myproxy is valid: 2591580
DEBUG 2026-08-12 12:51:01.296 UTC: 	 Result of myproxy credential check:
  Credential exists on myproxy: username: 1108dd7240a979e136768c977b197b9a1dace71c  - validity: 29 days, 23:53:00
DEBUG 2026-08-12 12:51:01.296 UTC: 	 Retrieving username ...
DEBUG 2026-08-12 12:51:01.296 UTC: 	 Retrieving username from CRIC...
DEBUG 2026-08-12 12:51:03.149 UTC: 	 username is ffiore
INFO 2026-08-12 12:51:05.789 UTC: 	 Rucio client intialized for account ffiore
DEBUG 2026-08-12 12:51:05.790 UTC: 	 Command use: status
DEBUG 2026-08-12 12:51:05.790 UTC: 	 Options use: ['-d', 'VBS_semilep_ZZ_EWK_2023LHEGS_v12/crab_VBS_semilep_ZZ_EWK_2023LHEGS_v12']
DEBUG 2026-08-12 12:51:05.790 UTC: 	 Encoded data for curl request: subresource=version
DEBUG 2026-08-12 12:51:05.876 UTC: 	 CRABClient version: v3.260630
DEBUG 2026-08-12 12:51:05.876 UTC: 	 Instance is prod
DEBUG 2026-08-12 12:51:05.876 UTC: 	 Server base url is cmsweb.cern.ch
DEBUG 2026-08-12 12:51:05.876 UTC: 	 Command api workflow
DEBUG 2026-08-12 12:51:05.877 UTC: 	 Encoded data for curl request: subresource=search&workflow=260812_124432%3Affiore_crab_VBS_semilep_ZZ_EWK_2023LHEGS_v12
DEBUG 2026-08-12 12:51:06.179 UTC: 	 Got information from server oracle database: {'desc': {'columns': ['tm_taskname', 'tm_activity', 'tm_task_status', 'tm_task_command', 'tm_start_time', 'tm_start_injection', 'tm_end_injection', 'tm_task_failure', 'tm_job_sw', 'tm_job_arch', 'tm_input_dataset', 'tm_nonvalid_input_dataset', 'tm_use_parent', 'tm_site_whitelist', 'tm_site_blacklist', 'tm_split_algo', 'tm_split_args', 'tm_user_sandbox', 'tm_cache_url', 'tm_username', 'tm_user_dn', 'tm_user_vo', 'tm_user_role', 'tm_user_group', 'tm_publish_name', 'tm_publish_groupname', 'tm_asyncdest', 'tm_dbs_url', 'tm_publish_dbs_url', 'tm_publication', 'tm_outfiles', 'tm_tfile_outfiles', 'tm_edm_outfiles', 'tm_job_type', 'tm_generator', 'tm_events_per_lumi', 'tm_arguments', 'tm_save_logs', 'tw_name', 'tm_user_infiles', 'tm_maxjobruntime', 'tm_numcores', 'tm_maxmemory', 'tm_priority', 'tm_output_dataset', 'tm_task_warnings', 'tm_user_webdir', 'tm_scriptexe', 'tm_scriptargs', 'tm_extrajdl', 'tm_collector', 'tm_schedd', 'tm_dry_run', 'tm_user_files', 'tm_transfer_outputs', 'tm_output_lfn', 'tm_ignore_locality', 'tm_fail_limit', 'tm_one_event_mode', 'tm_secondary_input_dataset', 'tm_primary_dataset', 'tm_last_publication', 'tm_debug_files', 'clusterid', 'tm_ignore_global_blacklist', 'tm_submitter_ip_addr', 'tm_totalunits', 'tm_ddm_reqid', 'tm_user_config', 'tm_transfer_container', 'tm_transfer_rule', 'tm_publish_rule', 'tm_multipub_rule', 'tm_job_min_microarch', 'tm_dagman_status', 'tm_num_jobs', 'tm_uploaded']}, 'result': ['260812_124432:ffiore_crab_VBS_semilep_ZZ_EWK_2023LHEGS_v12', 'None', 'SUBMITTED', 'SUBMIT', '2026-08-12 12:44:32.262474', 'None', '2026-08-12 12:44:55.472039', 'None', 'CMSSW_13_0_14', 'el8_amd64_gcc11', 'None', 'F', '0', '[]', '[]', 'EventBased', "{'halt_job_on_file_boundaries': False, 'splitOnRun': False, 'events_per_job': 20, 'runs': [], 'lumis': []}", '7ed6e5b44598f438a161715ec666cd4e5d0997f41b38fe7901a5bd3a27e8da73.tar.gz', 'S3/crabcache_prod', 'ffiore', '/DC=ch/DC=cern/OU=Organic Units/OU=Users/CN=ffiore/CN=883264/CN=Francesca Fiore', 'cms', 'None', 'None', 'VBS_semilep_ZZ_EWK_2023LHEGS_v12-00000000000000000000000000000000', 'F', 'T2_IT_Legnaro', 'https://cmsweb.cern.ch/dbs/prod/global/DBSReader', 'https://cmsweb.cern.ch/dbs/prod/phys03/DBSWriter', 'F', "['Run3Summer23NanoAODv12.root']", '[]', '[]', 'PrivateMC', 'pythia', '20', '{}', 'F', 'crab-prod-tw01', '[]', '1250', '4', '8000', '10', 'None', '[]', 'http://vocms0144.cern.ch/mon/ffiore/260812_124432:ffiore_crab_VBS_semilep_ZZ_EWK_2023LHEGS_v12', 'run_chain_Run3.sh', "['inputGridpack=/eos/user/f/ffiore/VBS/Gridpacks/ZZ/VBS_ZZ_semilep_el8_amd64_gcc10_CMSSW_12_4_8_tarball.tar.xz', 'nEvents=20', 'nThreads=4']", '[]', 'None', 'crab3@vocms0144.cern.ch', 'F', '[]', 'T', '/store/user/ffiore/', 'F', 'None', 'F', 'None', 'VBS_semilep_ZZ_EWK_2023LHEGS_v12', 'None', '39b51909eb0ce8ea1ba61e6aadd877fb0392e61f45ea9784e405ce621ace9784.tar.gz', '159143620', 'F', '188.185.101.116', '40.0', 'None', '{"partialdataset": false, "requireaccelerator": false, "acceleratorparams": null, "inputblocks": null}', 'None', 'None', 'None', 'None', 'any', 'RUNNING', '2', 'T']}
INFO 2026-08-12 12:51:06.179 UTC: 	 CRAB project directory:		/afs/cern.ch/user/f/ffiore/work/produzione/crab_MC_private/VBS_semilep_ZZ_EWK_2023LHEGS_v12/crab_VBS_semilep_ZZ_EWK_2023LHEGS_v12
INFO 2026-08-12 12:51:06.179 UTC: 	 Task name:			260812_124432:ffiore_crab_VBS_semilep_ZZ_EWK_2023LHEGS_v12
INFO 2026-08-12 12:51:06.179 UTC: 	 Grid scheduler - Task Worker:	crab3@vocms0144.cern.ch - crab-prod-tw01
INFO 2026-08-12 12:51:06.179 UTC: 	 Status on the CRAB server:	SUBMITTED
INFO 2026-08-12 12:51:06.179 UTC: 	 Task URL to use for HELP:	https://cmsweb.cern.ch/crabserver/ui/task/260812_124432%3Affiore_crab_VBS_semilep_ZZ_EWK_2023LHEGS_v12
INFO 2026-08-12 12:51:06.204 UTC: 	 Dashboard monitoring URL:	https://monit-grafana.cern.ch/d/cmsTMDetail/cms-task-monitoring-task-view?orgId=11&var-user=ffiore&var-task=260812_124432%3Affiore_crab_VBS_semilep_ZZ_EWK_2023LHEGS_v12&from=1786535072000&to=now
DEBUG 2026-08-12 12:51:06.204 UTC: 	 The CRAB server submitted your task to the Grid scheduler (cluster ID: 159143620)
DEBUG 2026-08-12 12:51:06.204 UTC: 	 Webdir is located at http://vocms0144.cern.ch/mon/ffiore/260812_124432:ffiore_crab_VBS_semilep_ZZ_EWK_2023LHEGS_v12
DEBUG 2026-08-12 12:51:06.204 UTC: 	 Encoded data for curl request: subresource=webdirprx&workflow=260812_124432%3Affiore_crab_VBS_semilep_ZZ_EWK_2023LHEGS_v12
DEBUG 2026-08-12 12:51:06.267 UTC: 	 Proxied webdir is located at https://cmsweb.cern.ch/scheddmon/0144/ffiore/260812_124432:ffiore_crab_VBS_semilep_ZZ_EWK_2023LHEGS_v12
DEBUG 2026-08-12 12:51:06.268 UTC: 	 Retrieving 'status_cache' file from https://cmsweb.cern.ch/scheddmon/0144/ffiore/260812_124432:ffiore_crab_VBS_semilep_ZZ_EWK_2023LHEGS_v12/status_cache.pkl
DEBUG 2026-08-12 12:51:06.268 UTC: 	 Will execute:
curl -sS --capath /etc/grid-security/certificates --cert /tmp/x509up_u178888 --key /tmp/x509up_u178888 -o /tmp/crab_status-cache-x5jtzu_d.pkl -w %"{http_code}" "https://cmsweb.cern.ch/scheddmon/0144/ffiore/260812_124432:ffiore_crab_VBS_semilep_ZZ_EWK_2023LHEGS_v12/status_cache.pkl"
DEBUG 2026-08-12 12:51:06.268 UTC: 	 Executing command :
 curl -sS --capath /etc/grid-security/certificates --cert /tmp/x509up_u178888 --key /tmp/x509up_u178888 -o /tmp/crab_status-cache-x5jtzu_d.pkl -w %"{http_code}" "https://cmsweb.cern.ch/scheddmon/0144/ffiore/260812_124432:ffiore_crab_VBS_semilep_ZZ_EWK_2023LHEGS_v12/status_cache.pkl"
DEBUG 2026-08-12 12:51:06.316 UTC: 	 output : 200
 error: 
 retcode : 0
DEBUG 2026-08-12 12:51:06.316 UTC: 	 exitcode: 0
stdout: 200
stderr: 
error details: 
DEBUG 2026-08-12 12:51:06.317 UTC: 	 Got information from status cache file: {'1': {'Retries': 0, 'Restarts': 0, 'SiteHistory': ['T2_CH_CERN', 'T2_CH_CERN'], 'ResidentSetSize': [0], 'SubmitTimes': [1786538764.0], 'StartTimes': [1786538817.0], 'EndTimes': [], 'TotalUserCpuTimeHistory': [0.0], 'TotalSysCpuTimeHistory': [0.0], 'WallDurations': [0, 7.268025875091553], 'JobIds': ['159143625.0'], 'State': 'unsubmitted', 'RecordedSite': True}, '2': {'Retries': 0, 'Restarts': 0, 'SiteHistory': ['T2_CH_CERN', 'T2_CH_CERN'], 'ResidentSetSize': [0], 'SubmitTimes': [1786538764.0], 'StartTimes': [1786538818.0], 'EndTimes': [], 'TotalUserCpuTimeHistory': [0.0], 'TotalSysCpuTimeHistory': [0.0], 'WallDurations': [0, 6.268025875091553], 'JobIds': ['159143626.0'], 'State': 'unsubmitted', 'RecordedSite': True}}
INFO 2026-08-12 12:51:06.317 UTC: 	 Status on the scheduler:	RUNNING
INFO 2026-08-12 12:51:06.317 UTC: 	 
Jobs status:                    unsubmitted  		100.0% (2/2)
INFO 2026-08-12 12:51:06.317 UTC: 	 
No publication information (publication has been disabled in the CRAB configuration file)
INFO 2026-08-12 12:51:06.319 UTC: 	 Log file is /afs/cern.ch/user/f/ffiore/work/produzione/crab_MC_private/VBS_semilep_ZZ_EWK_2023LHEGS_v12/crab_VBS_semilep_ZZ_EWK_2023LHEGS_v12/crab.log
DEBUG 2026-08-12 12:51:18.080 UTC: 	 CRAB Client version: v3.260630
DEBUG 2026-08-12 12:51:18.080 UTC: 	 Running on: Linux lxplus808.cern.ch 4.18.0-553.144.1.el8_10.x86_64 #1 SMP Mon Jul 13 11:33:25 EDT 2026 x86_64 x86_64 x86_64 GNU/Linux
DEBUG 2026-08-12 12:51:18.080 UTC: 	 Not using Singularity
DEBUG 2026-08-12 12:51:18.080 UTC: 	 Operating System: Red Hat Enterprise Linux 8.10 (Ootpa)
DEBUG 2026-08-12 12:51:18.080 UTC: 	 Executing command: 'status'
DEBUG 2026-08-12 12:51:18.080 UTC: 	 Found CRAB cache file /afs/cern.ch/user/f/ffiore/.crab3
DEBUG 2026-08-12 12:51:18.103 UTC: 	 Checking credentials
DEBUG 2026-08-12 12:51:18.103 UTC: 	 Found proxy file /tmp/x509up_u178888
DEBUG 2026-08-12 12:51:18.103 UTC: 	 Making sure it has proper VOMS extension
DEBUG 2026-08-12 12:51:18.103 UTC: 	 Executing command :
 voms-proxy-info --vo --file /tmp/x509up_u178888
DEBUG 2026-08-12 12:51:18.143 UTC: 	 output : cms

 error: 
 retcode : 0
DEBUG 2026-08-12 12:51:18.143 UTC: 	 Getting proxy life time left
DEBUG 2026-08-12 12:51:18.143 UTC: 	 Executing command :
 voms-proxy-info --actimeleft --timeleft --file /tmp/x509up_u178888
DEBUG 2026-08-12 12:51:18.179 UTC: 	 output : 604347
604347

 error: 
 retcode : 0
DEBUG 2026-08-12 12:51:18.179 UTC: 	 Proxy valid for 167:52:27 hours
DEBUG 2026-08-12 12:51:18.180 UTC: 	 Encoded data for curl request: subresource=delegatedn
DEBUG 2026-08-12 12:51:18.236 UTC: 	 Registering user credentials on myproxy for /DC=ch/DC=cern/OU=Organic Units/OU=Users/CN=cmscrab/CN=(817881|373708)/CN=Robot: cms crab|/DC=ch/DC=cern/OU=Organic Units/OU=Users/CN=crabint1/CN=373708/CN=Robot: CMS CRAB Integration 1
DEBUG 2026-08-12 12:51:18.236 UTC: 	 Executing command :
 voms-proxy-info --identity --file /tmp/x509up_u178888
DEBUG 2026-08-12 12:51:18.273 UTC: 	 output : /DC=ch/DC=cern/OU=Organic Units/OU=Users/CN=ffiore/CN=883264/CN=Francesca Fiore

 error: 
 retcode : 0
DEBUG 2026-08-12 12:51:18.273 UTC: 	 Getting myproxy life time left for 1108dd7240a979e136768c977b197b9a1dace71c
DEBUG 2026-08-12 12:51:18.273 UTC: 	 Executing command :
 myproxy-info -s myproxy.cern.ch -l 1108dd7240a979e136768c977b197b9a1dace71c
DEBUG 2026-08-12 12:51:18.565 UTC: 	 output : username: 1108dd7240a979e136768c977b197b9a1dace71c
owner: /DC=ch/DC=cern/OU=Organic Units/OU=Users/CN=ffiore/CN=883264/CN=Francesca Fiore
  renewal policy: /DC=ch/DC=cern/OU=Organic Units/OU=Users/CN=cmscrab/CN=(817881|373708)/CN=Robot: cms crab|/DC=ch/DC=cern/OU=Organic Units/OU=Users/CN=crabint1/CN=373708/CN=Robot: CMS CRAB Integration 1
  trusted retrieval policy: /DC=ch/DC=cern/OU=Organic Units/OU=Users/CN=cmscrab/CN=(817881|373708)/CN=Robot: cms crab|/DC=ch/DC=cern/OU=Organic Units/OU=Users/CN=crabint1/CN=373708/CN=Robot: CMS CRAB Integration 1
  timeleft: 719:53:02  (30.0 days)

 error: 
 retcode : 0
DEBUG 2026-08-12 12:51:18.566 UTC: 	 Myproxy is valid: 2591580
DEBUG 2026-08-12 12:51:18.566 UTC: 	 Result of myproxy credential check:
  Credential exists on myproxy: username: 1108dd7240a979e136768c977b197b9a1dace71c  - validity: 29 days, 23:53:00
DEBUG 2026-08-12 12:51:18.566 UTC: 	 Retrieving username ...
DEBUG 2026-08-12 12:51:18.566 UTC: 	 Retrieving username from CRIC...
DEBUG 2026-08-12 12:51:19.789 UTC: 	 username is ffiore
INFO 2026-08-12 12:51:25.112 UTC: 	 Rucio client intialized for account ffiore
DEBUG 2026-08-12 12:51:25.119 UTC: 	 Command use: status
DEBUG 2026-08-12 12:51:25.119 UTC: 	 Options use: ['-d', 'VBS_semilep_ZZ_EWK_2023LHEGS_v12/crab_VBS_semilep_ZZ_EWK_2023LHEGS_v12']
DEBUG 2026-08-12 12:51:25.119 UTC: 	 Encoded data for curl request: subresource=version
DEBUG 2026-08-12 12:51:25.310 UTC: 	 CRABClient version: v3.260630
DEBUG 2026-08-12 12:51:25.310 UTC: 	 Instance is prod
DEBUG 2026-08-12 12:51:25.310 UTC: 	 Server base url is cmsweb.cern.ch
DEBUG 2026-08-12 12:51:25.310 UTC: 	 Command api workflow
DEBUG 2026-08-12 12:51:25.310 UTC: 	 Encoded data for curl request: subresource=search&workflow=260812_124432%3Affiore_crab_VBS_semilep_ZZ_EWK_2023LHEGS_v12
DEBUG 2026-08-12 12:51:25.591 UTC: 	 Got information from server oracle database: {'desc': {'columns': ['tm_taskname', 'tm_activity', 'tm_task_status', 'tm_task_command', 'tm_start_time', 'tm_start_injection', 'tm_end_injection', 'tm_task_failure', 'tm_job_sw', 'tm_job_arch', 'tm_input_dataset', 'tm_nonvalid_input_dataset', 'tm_use_parent', 'tm_site_whitelist', 'tm_site_blacklist', 'tm_split_algo', 'tm_split_args', 'tm_user_sandbox', 'tm_cache_url', 'tm_username', 'tm_user_dn', 'tm_user_vo', 'tm_user_role', 'tm_user_group', 'tm_publish_name', 'tm_publish_groupname', 'tm_asyncdest', 'tm_dbs_url', 'tm_publish_dbs_url', 'tm_publication', 'tm_outfiles', 'tm_tfile_outfiles', 'tm_edm_outfiles', 'tm_job_type', 'tm_generator', 'tm_events_per_lumi', 'tm_arguments', 'tm_save_logs', 'tw_name', 'tm_user_infiles', 'tm_maxjobruntime', 'tm_numcores', 'tm_maxmemory', 'tm_priority', 'tm_output_dataset', 'tm_task_warnings', 'tm_user_webdir', 'tm_scriptexe', 'tm_scriptargs', 'tm_extrajdl', 'tm_collector', 'tm_schedd', 'tm_dry_run', 'tm_user_files', 'tm_transfer_outputs', 'tm_output_lfn', 'tm_ignore_locality', 'tm_fail_limit', 'tm_one_event_mode', 'tm_secondary_input_dataset', 'tm_primary_dataset', 'tm_last_publication', 'tm_debug_files', 'clusterid', 'tm_ignore_global_blacklist', 'tm_submitter_ip_addr', 'tm_totalunits', 'tm_ddm_reqid', 'tm_user_config', 'tm_transfer_container', 'tm_transfer_rule', 'tm_publish_rule', 'tm_multipub_rule', 'tm_job_min_microarch', 'tm_dagman_status', 'tm_num_jobs', 'tm_uploaded']}, 'result': ['260812_124432:ffiore_crab_VBS_semilep_ZZ_EWK_2023LHEGS_v12', 'None', 'SUBMITTED', 'SUBMIT', '2026-08-12 12:44:32.262474', 'None', '2026-08-12 12:44:55.472039', 'None', 'CMSSW_13_0_14', 'el8_amd64_gcc11', 'None', 'F', '0', '[]', '[]', 'EventBased', "{'halt_job_on_file_boundaries': False, 'splitOnRun': False, 'events_per_job': 20, 'runs': [], 'lumis': []}", '7ed6e5b44598f438a161715ec666cd4e5d0997f41b38fe7901a5bd3a27e8da73.tar.gz', 'S3/crabcache_prod', 'ffiore', '/DC=ch/DC=cern/OU=Organic Units/OU=Users/CN=ffiore/CN=883264/CN=Francesca Fiore', 'cms', 'None', 'None', 'VBS_semilep_ZZ_EWK_2023LHEGS_v12-00000000000000000000000000000000', 'F', 'T2_IT_Legnaro', 'https://cmsweb.cern.ch/dbs/prod/global/DBSReader', 'https://cmsweb.cern.ch/dbs/prod/phys03/DBSWriter', 'F', "['Run3Summer23NanoAODv12.root']", '[]', '[]', 'PrivateMC', 'pythia', '20', '{}', 'F', 'crab-prod-tw01', '[]', '1250', '4', '8000', '10', 'None', '[]', 'http://vocms0144.cern.ch/mon/ffiore/260812_124432:ffiore_crab_VBS_semilep_ZZ_EWK_2023LHEGS_v12', 'run_chain_Run3.sh', "['inputGridpack=/eos/user/f/ffiore/VBS/Gridpacks/ZZ/VBS_ZZ_semilep_el8_amd64_gcc10_CMSSW_12_4_8_tarball.tar.xz', 'nEvents=20', 'nThreads=4']", '[]', 'None', 'crab3@vocms0144.cern.ch', 'F', '[]', 'T', '/store/user/ffiore/', 'F', 'None', 'F', 'None', 'VBS_semilep_ZZ_EWK_2023LHEGS_v12', 'None', '39b51909eb0ce8ea1ba61e6aadd877fb0392e61f45ea9784e405ce621ace9784.tar.gz', '159143620', 'F', '188.185.101.116', '40.0', 'None', '{"partialdataset": false, "requireaccelerator": false, "acceleratorparams": null, "inputblocks": null}', 'None', 'None', 'None', 'None', 'any', 'RUNNING', '2', 'T']}
INFO 2026-08-12 12:51:25.591 UTC: 	 CRAB project directory:		/afs/cern.ch/user/f/ffiore/work/produzione/crab_MC_private/VBS_semilep_ZZ_EWK_2023LHEGS_v12/crab_VBS_semilep_ZZ_EWK_2023LHEGS_v12
INFO 2026-08-12 12:51:25.591 UTC: 	 Task name:			260812_124432:ffiore_crab_VBS_semilep_ZZ_EWK_2023LHEGS_v12
INFO 2026-08-12 12:51:25.591 UTC: 	 Grid scheduler - Task Worker:	crab3@vocms0144.cern.ch - crab-prod-tw01
INFO 2026-08-12 12:51:25.591 UTC: 	 Status on the CRAB server:	SUBMITTED
INFO 2026-08-12 12:51:25.591 UTC: 	 Task URL to use for HELP:	https://cmsweb.cern.ch/crabserver/ui/task/260812_124432%3Affiore_crab_VBS_semilep_ZZ_EWK_2023LHEGS_v12
INFO 2026-08-12 12:51:25.627 UTC: 	 Dashboard monitoring URL:	https://monit-grafana.cern.ch/d/cmsTMDetail/cms-task-monitoring-task-view?orgId=11&var-user=ffiore&var-task=260812_124432%3Affiore_crab_VBS_semilep_ZZ_EWK_2023LHEGS_v12&from=1786535072000&to=now
DEBUG 2026-08-12 12:51:25.627 UTC: 	 The CRAB server submitted your task to the Grid scheduler (cluster ID: 159143620)
DEBUG 2026-08-12 12:51:25.627 UTC: 	 Webdir is located at http://vocms0144.cern.ch/mon/ffiore/260812_124432:ffiore_crab_VBS_semilep_ZZ_EWK_2023LHEGS_v12
DEBUG 2026-08-12 12:51:25.627 UTC: 	 Encoded data for curl request: subresource=webdirprx&workflow=260812_124432%3Affiore_crab_VBS_semilep_ZZ_EWK_2023LHEGS_v12
DEBUG 2026-08-12 12:51:25.715 UTC: 	 Proxied webdir is located at https://cmsweb.cern.ch/scheddmon/0144/ffiore/260812_124432:ffiore_crab_VBS_semilep_ZZ_EWK_2023LHEGS_v12
DEBUG 2026-08-12 12:51:25.716 UTC: 	 Retrieving 'status_cache' file from https://cmsweb.cern.ch/scheddmon/0144/ffiore/260812_124432:ffiore_crab_VBS_semilep_ZZ_EWK_2023LHEGS_v12/status_cache.pkl
DEBUG 2026-08-12 12:51:25.716 UTC: 	 Will execute:
curl -sS --capath /etc/grid-security/certificates --cert /tmp/x509up_u178888 --key /tmp/x509up_u178888 -o /tmp/crab_status-cache-tqti1xzu.pkl -w %"{http_code}" "https://cmsweb.cern.ch/scheddmon/0144/ffiore/260812_124432:ffiore_crab_VBS_semilep_ZZ_EWK_2023LHEGS_v12/status_cache.pkl"
DEBUG 2026-08-12 12:51:25.716 UTC: 	 Executing command :
 curl -sS --capath /etc/grid-security/certificates --cert /tmp/x509up_u178888 --key /tmp/x509up_u178888 -o /tmp/crab_status-cache-tqti1xzu.pkl -w %"{http_code}" "https://cmsweb.cern.ch/scheddmon/0144/ffiore/260812_124432:ffiore_crab_VBS_semilep_ZZ_EWK_2023LHEGS_v12/status_cache.pkl"
DEBUG 2026-08-12 12:51:25.796 UTC: 	 output : 200
 error: 
 retcode : 0
DEBUG 2026-08-12 12:51:25.797 UTC: 	 exitcode: 0
stdout: 200
stderr: 
error details: 
DEBUG 2026-08-12 12:51:25.797 UTC: 	 Got information from status cache file: {'1': {'Retries': 0, 'Restarts': 0, 'SiteHistory': ['T2_CH_CERN', 'T2_CH_CERN'], 'ResidentSetSize': [0], 'SubmitTimes': [1786538764.0], 'StartTimes': [1786538817.0], 'EndTimes': [], 'TotalUserCpuTimeHistory': [0.0], 'TotalSysCpuTimeHistory': [0.0], 'WallDurations': [0, 7.268025875091553], 'JobIds': ['159143625.0'], 'State': 'unsubmitted', 'RecordedSite': True}, '2': {'Retries': 0, 'Restarts': 0, 'SiteHistory': ['T2_CH_CERN', 'T2_CH_CERN'], 'ResidentSetSize': [0], 'SubmitTimes': [1786538764.0], 'StartTimes': [1786538818.0], 'EndTimes': [], 'TotalUserCpuTimeHistory': [0.0], 'TotalSysCpuTimeHistory': [0.0], 'WallDurations': [0, 6.268025875091553], 'JobIds': ['159143626.0'], 'State': 'unsubmitted', 'RecordedSite': True}}
INFO 2026-08-12 12:51:25.797 UTC: 	 Status on the scheduler:	RUNNING
INFO 2026-08-12 12:51:25.797 UTC: 	 
Jobs status:                    unsubmitted  		100.0% (2/2)
INFO 2026-08-12 12:51:25.797 UTC: 	 
No publication information (publication has been disabled in the CRAB configuration file)
INFO 2026-08-12 12:51:25.802 UTC: 	 Log file is /afs/cern.ch/user/f/ffiore/work/produzione/crab_MC_private/VBS_semilep_ZZ_EWK_2023LHEGS_v12/crab_VBS_semilep_ZZ_EWK_2023LHEGS_v12/crab.log
DEBUG 2026-08-12 12:51:35.942 UTC: 	 CRAB Client version: v3.260630
DEBUG 2026-08-12 12:51:35.942 UTC: 	 Running on: Linux lxplus808.cern.ch 4.18.0-553.144.1.el8_10.x86_64 #1 SMP Mon Jul 13 11:33:25 EDT 2026 x86_64 x86_64 x86_64 GNU/Linux
DEBUG 2026-08-12 12:51:35.942 UTC: 	 Not using Singularity
DEBUG 2026-08-12 12:51:35.942 UTC: 	 Operating System: Red Hat Enterprise Linux 8.10 (Ootpa)
DEBUG 2026-08-12 12:51:35.942 UTC: 	 Executing command: 'status'
DEBUG 2026-08-12 12:51:35.945 UTC: 	 Found CRAB cache file /afs/cern.ch/user/f/ffiore/.crab3
DEBUG 2026-08-12 12:51:35.951 UTC: 	 Checking credentials
DEBUG 2026-08-12 12:51:35.951 UTC: 	 Found proxy file /tmp/x509up_u178888
DEBUG 2026-08-12 12:51:35.951 UTC: 	 Making sure it has proper VOMS extension
DEBUG 2026-08-12 12:51:35.951 UTC: 	 Executing command :
 voms-proxy-info --vo --file /tmp/x509up_u178888
DEBUG 2026-08-12 12:51:35.988 UTC: 	 output : cms

 error: 
 retcode : 0
DEBUG 2026-08-12 12:51:35.988 UTC: 	 Getting proxy life time left
DEBUG 2026-08-12 12:51:35.988 UTC: 	 Executing command :
 voms-proxy-info --actimeleft --timeleft --file /tmp/x509up_u178888
DEBUG 2026-08-12 12:51:36.021 UTC: 	 output : 604329
604329

 error: 
 retcode : 0
DEBUG 2026-08-12 12:51:36.021 UTC: 	 Proxy valid for 167:52:09 hours
DEBUG 2026-08-12 12:51:36.022 UTC: 	 Encoded data for curl request: subresource=delegatedn
DEBUG 2026-08-12 12:51:36.071 UTC: 	 Registering user credentials on myproxy for /DC=ch/DC=cern/OU=Organic Units/OU=Users/CN=cmscrab/CN=(817881|373708)/CN=Robot: cms crab|/DC=ch/DC=cern/OU=Organic Units/OU=Users/CN=crabint1/CN=373708/CN=Robot: CMS CRAB Integration 1
DEBUG 2026-08-12 12:51:36.072 UTC: 	 Executing command :
 voms-proxy-info --identity --file /tmp/x509up_u178888
DEBUG 2026-08-12 12:51:36.105 UTC: 	 output : /DC=ch/DC=cern/OU=Organic Units/OU=Users/CN=ffiore/CN=883264/CN=Francesca Fiore

 error: 
 retcode : 0
DEBUG 2026-08-12 12:51:36.106 UTC: 	 Getting myproxy life time left for 1108dd7240a979e136768c977b197b9a1dace71c
DEBUG 2026-08-12 12:51:36.106 UTC: 	 Executing command :
 myproxy-info -s myproxy.cern.ch -l 1108dd7240a979e136768c977b197b9a1dace71c
DEBUG 2026-08-12 12:51:36.883 UTC: 	 output : username: 1108dd7240a979e136768c977b197b9a1dace71c
owner: /DC=ch/DC=cern/OU=Organic Units/OU=Users/CN=ffiore/CN=883264/CN=Francesca Fiore
  renewal policy: /DC=ch/DC=cern/OU=Organic Units/OU=Users/CN=cmscrab/CN=(817881|373708)/CN=Robot: cms crab|/DC=ch/DC=cern/OU=Organic Units/OU=Users/CN=crabint1/CN=373708/CN=Robot: CMS CRAB Integration 1
  trusted retrieval policy: /DC=ch/DC=cern/OU=Organic Units/OU=Users/CN=cmscrab/CN=(817881|373708)/CN=Robot: cms crab|/DC=ch/DC=cern/OU=Organic Units/OU=Users/CN=crabint1/CN=373708/CN=Robot: CMS CRAB Integration 1
  timeleft: 719:52:44  (30.0 days)

 error: 
 retcode : 0
DEBUG 2026-08-12 12:51:36.884 UTC: 	 Myproxy is valid: 2591520
DEBUG 2026-08-12 12:51:36.884 UTC: 	 Result of myproxy credential check:
  Credential exists on myproxy: username: 1108dd7240a979e136768c977b197b9a1dace71c  - validity: 29 days, 23:52:00
DEBUG 2026-08-12 12:51:36.884 UTC: 	 Retrieving username ...
DEBUG 2026-08-12 12:51:36.884 UTC: 	 Retrieving username from CRIC...
DEBUG 2026-08-12 12:51:38.633 UTC: 	 username is ffiore
INFO 2026-08-12 12:51:41.660 UTC: 	 Rucio client intialized for account ffiore
DEBUG 2026-08-12 12:51:41.660 UTC: 	 Command use: status
DEBUG 2026-08-12 12:51:41.660 UTC: 	 Options use: ['-d', 'VBS_semilep_ZZ_EWK_2023LHEGS_v12/crab_VBS_semilep_ZZ_EWK_2023LHEGS_v12']
DEBUG 2026-08-12 12:51:41.660 UTC: 	 Encoded data for curl request: subresource=version
DEBUG 2026-08-12 12:51:41.712 UTC: 	 CRABClient version: v3.260630
DEBUG 2026-08-12 12:51:41.713 UTC: 	 Instance is prod
DEBUG 2026-08-12 12:51:41.713 UTC: 	 Server base url is cmsweb.cern.ch
DEBUG 2026-08-12 12:51:41.713 UTC: 	 Command api workflow
DEBUG 2026-08-12 12:51:41.713 UTC: 	 Encoded data for curl request: subresource=search&workflow=260812_124432%3Affiore_crab_VBS_semilep_ZZ_EWK_2023LHEGS_v12
DEBUG 2026-08-12 12:51:41.764 UTC: 	 Got information from server oracle database: {'desc': {'columns': ['tm_taskname', 'tm_activity', 'tm_task_status', 'tm_task_command', 'tm_start_time', 'tm_start_injection', 'tm_end_injection', 'tm_task_failure', 'tm_job_sw', 'tm_job_arch', 'tm_input_dataset', 'tm_nonvalid_input_dataset', 'tm_use_parent', 'tm_site_whitelist', 'tm_site_blacklist', 'tm_split_algo', 'tm_split_args', 'tm_user_sandbox', 'tm_cache_url', 'tm_username', 'tm_user_dn', 'tm_user_vo', 'tm_user_role', 'tm_user_group', 'tm_publish_name', 'tm_publish_groupname', 'tm_asyncdest', 'tm_dbs_url', 'tm_publish_dbs_url', 'tm_publication', 'tm_outfiles', 'tm_tfile_outfiles', 'tm_edm_outfiles', 'tm_job_type', 'tm_generator', 'tm_events_per_lumi', 'tm_arguments', 'tm_save_logs', 'tw_name', 'tm_user_infiles', 'tm_maxjobruntime', 'tm_numcores', 'tm_maxmemory', 'tm_priority', 'tm_output_dataset', 'tm_task_warnings', 'tm_user_webdir', 'tm_scriptexe', 'tm_scriptargs', 'tm_extrajdl', 'tm_collector', 'tm_schedd', 'tm_dry_run', 'tm_user_files', 'tm_transfer_outputs', 'tm_output_lfn', 'tm_ignore_locality', 'tm_fail_limit', 'tm_one_event_mode', 'tm_secondary_input_dataset', 'tm_primary_dataset', 'tm_last_publication', 'tm_debug_files', 'clusterid', 'tm_ignore_global_blacklist', 'tm_submitter_ip_addr', 'tm_totalunits', 'tm_ddm_reqid', 'tm_user_config', 'tm_transfer_container', 'tm_transfer_rule', 'tm_publish_rule', 'tm_multipub_rule', 'tm_job_min_microarch', 'tm_dagman_status', 'tm_num_jobs', 'tm_uploaded']}, 'result': ['260812_124432:ffiore_crab_VBS_semilep_ZZ_EWK_2023LHEGS_v12', 'None', 'SUBMITTED', 'SUBMIT', '2026-08-12 12:44:32.262474', 'None', '2026-08-12 12:44:55.472039', 'None', 'CMSSW_13_0_14', 'el8_amd64_gcc11', 'None', 'F', '0', '[]', '[]', 'EventBased', "{'halt_job_on_file_boundaries': False, 'splitOnRun': False, 'events_per_job': 20, 'runs': [], 'lumis': []}", '7ed6e5b44598f438a161715ec666cd4e5d0997f41b38fe7901a5bd3a27e8da73.tar.gz', 'S3/crabcache_prod', 'ffiore', '/DC=ch/DC=cern/OU=Organic Units/OU=Users/CN=ffiore/CN=883264/CN=Francesca Fiore', 'cms', 'None', 'None', 'VBS_semilep_ZZ_EWK_2023LHEGS_v12-00000000000000000000000000000000', 'F', 'T2_IT_Legnaro', 'https://cmsweb.cern.ch/dbs/prod/global/DBSReader', 'https://cmsweb.cern.ch/dbs/prod/phys03/DBSWriter', 'F', "['Run3Summer23NanoAODv12.root']", '[]', '[]', 'PrivateMC', 'pythia', '20', '{}', 'F', 'crab-prod-tw01', '[]', '1250', '4', '8000', '10', 'None', '[]', 'http://vocms0144.cern.ch/mon/ffiore/260812_124432:ffiore_crab_VBS_semilep_ZZ_EWK_2023LHEGS_v12', 'run_chain_Run3.sh', "['inputGridpack=/eos/user/f/ffiore/VBS/Gridpacks/ZZ/VBS_ZZ_semilep_el8_amd64_gcc10_CMSSW_12_4_8_tarball.tar.xz', 'nEvents=20', 'nThreads=4']", '[]', 'None', 'crab3@vocms0144.cern.ch', 'F', '[]', 'T', '/store/user/ffiore/', 'F', 'None', 'F', 'None', 'VBS_semilep_ZZ_EWK_2023LHEGS_v12', 'None', '39b51909eb0ce8ea1ba61e6aadd877fb0392e61f45ea9784e405ce621ace9784.tar.gz', '159143620', 'F', '188.185.101.116', '40.0', 'None', '{"partialdataset": false, "requireaccelerator": false, "acceleratorparams": null, "inputblocks": null}', 'None', 'None', 'None', 'None', 'any', 'RUNNING', '2', 'T']}
INFO 2026-08-12 12:51:41.764 UTC: 	 CRAB project directory:		/afs/cern.ch/user/f/ffiore/work/produzione/crab_MC_private/VBS_semilep_ZZ_EWK_2023LHEGS_v12/crab_VBS_semilep_ZZ_EWK_2023LHEGS_v12
INFO 2026-08-12 12:51:41.764 UTC: 	 Task name:			260812_124432:ffiore_crab_VBS_semilep_ZZ_EWK_2023LHEGS_v12
INFO 2026-08-12 12:51:41.764 UTC: 	 Grid scheduler - Task Worker:	crab3@vocms0144.cern.ch - crab-prod-tw01
INFO 2026-08-12 12:51:41.764 UTC: 	 Status on the CRAB server:	SUBMITTED
INFO 2026-08-12 12:51:41.764 UTC: 	 Task URL to use for HELP:	https://cmsweb.cern.ch/crabserver/ui/task/260812_124432%3Affiore_crab_VBS_semilep_ZZ_EWK_2023LHEGS_v12
INFO 2026-08-12 12:51:41.771 UTC: 	 Dashboard monitoring URL:	https://monit-grafana.cern.ch/d/cmsTMDetail/cms-task-monitoring-task-view?orgId=11&var-user=ffiore&var-task=260812_124432%3Affiore_crab_VBS_semilep_ZZ_EWK_2023LHEGS_v12&from=1786535072000&to=now
DEBUG 2026-08-12 12:51:41.771 UTC: 	 The CRAB server submitted your task to the Grid scheduler (cluster ID: 159143620)
DEBUG 2026-08-12 12:51:41.771 UTC: 	 Webdir is located at http://vocms0144.cern.ch/mon/ffiore/260812_124432:ffiore_crab_VBS_semilep_ZZ_EWK_2023LHEGS_v12
DEBUG 2026-08-12 12:51:41.771 UTC: 	 Encoded data for curl request: subresource=webdirprx&workflow=260812_124432%3Affiore_crab_VBS_semilep_ZZ_EWK_2023LHEGS_v12
DEBUG 2026-08-12 12:51:41.871 UTC: 	 Proxied webdir is located at https://cmsweb.cern.ch/scheddmon/0144/ffiore/260812_124432:ffiore_crab_VBS_semilep_ZZ_EWK_2023LHEGS_v12
DEBUG 2026-08-12 12:51:41.871 UTC: 	 Retrieving 'status_cache' file from https://cmsweb.cern.ch/scheddmon/0144/ffiore/260812_124432:ffiore_crab_VBS_semilep_ZZ_EWK_2023LHEGS_v12/status_cache.pkl
DEBUG 2026-08-12 12:51:41.871 UTC: 	 Will execute:
curl -sS --capath /etc/grid-security/certificates --cert /tmp/x509up_u178888 --key /tmp/x509up_u178888 -o /tmp/crab_status-cache-xau_6mdc.pkl -w %"{http_code}" "https://cmsweb.cern.ch/scheddmon/0144/ffiore/260812_124432:ffiore_crab_VBS_semilep_ZZ_EWK_2023LHEGS_v12/status_cache.pkl"
DEBUG 2026-08-12 12:51:41.871 UTC: 	 Executing command :
 curl -sS --capath /etc/grid-security/certificates --cert /tmp/x509up_u178888 --key /tmp/x509up_u178888 -o /tmp/crab_status-cache-xau_6mdc.pkl -w %"{http_code}" "https://cmsweb.cern.ch/scheddmon/0144/ffiore/260812_124432:ffiore_crab_VBS_semilep_ZZ_EWK_2023LHEGS_v12/status_cache.pkl"
DEBUG 2026-08-12 12:51:42.043 UTC: 	 output : 200
 error: 
 retcode : 0
DEBUG 2026-08-12 12:51:42.043 UTC: 	 exitcode: 0
stdout: 200
stderr: 
error details: 
DEBUG 2026-08-12 12:51:42.043 UTC: 	 Got information from status cache file: {'1': {'Retries': 0, 'Restarts': 0, 'SiteHistory': ['T2_CH_CERN', 'T2_CH_CERN'], 'ResidentSetSize': [0], 'SubmitTimes': [1786538764.0], 'StartTimes': [1786538817.0], 'EndTimes': [], 'TotalUserCpuTimeHistory': [0.0], 'TotalSysCpuTimeHistory': [0.0], 'WallDurations': [0, 7.268025875091553], 'JobIds': ['159143625.0'], 'State': 'unsubmitted', 'RecordedSite': True}, '2': {'Retries': 0, 'Restarts': 0, 'SiteHistory': ['T2_CH_CERN', 'T2_CH_CERN'], 'ResidentSetSize': [0], 'SubmitTimes': [1786538764.0], 'StartTimes': [1786538818.0], 'EndTimes': [], 'TotalUserCpuTimeHistory': [0.0], 'TotalSysCpuTimeHistory': [0.0], 'WallDurations': [0, 6.268025875091553], 'JobIds': ['159143626.0'], 'State': 'unsubmitted', 'RecordedSite': True}}
INFO 2026-08-12 12:51:42.043 UTC: 	 Status on the scheduler:	RUNNING
INFO 2026-08-12 12:51:42.044 UTC: 	 
Jobs status:                    unsubmitted  		100.0% (2/2)
INFO 2026-08-12 12:51:42.044 UTC: 	 
No publication information (publication has been disabled in the CRAB configuration file)
INFO 2026-08-12 12:51:42.046 UTC: 	 Log file is /afs/cern.ch/user/f/ffiore/work/produzione/crab_MC_private/VBS_semilep_ZZ_EWK_2023LHEGS_v12/crab_VBS_semilep_ZZ_EWK_2023LHEGS_v12/crab.log
DEBUG 2026-08-12 12:51:51.156 UTC: 	 CRAB Client version: v3.260630
DEBUG 2026-08-12 12:51:51.156 UTC: 	 Running on: Linux lxplus808.cern.ch 4.18.0-553.144.1.el8_10.x86_64 #1 SMP Mon Jul 13 11:33:25 EDT 2026 x86_64 x86_64 x86_64 GNU/Linux
DEBUG 2026-08-12 12:51:51.157 UTC: 	 Not using Singularity
DEBUG 2026-08-12 12:51:51.157 UTC: 	 Operating System: Red Hat Enterprise Linux 8.10 (Ootpa)
DEBUG 2026-08-12 12:51:51.157 UTC: 	 Executing command: 'status'
DEBUG 2026-08-12 12:51:51.157 UTC: 	 Found CRAB cache file /afs/cern.ch/user/f/ffiore/.crab3
DEBUG 2026-08-12 12:51:51.166 UTC: 	 Checking credentials
DEBUG 2026-08-12 12:51:51.166 UTC: 	 Found proxy file /tmp/x509up_u178888
DEBUG 2026-08-12 12:51:51.166 UTC: 	 Making sure it has proper VOMS extension
DEBUG 2026-08-12 12:51:51.166 UTC: 	 Executing command :
 voms-proxy-info --vo --file /tmp/x509up_u178888
DEBUG 2026-08-12 12:51:51.195 UTC: 	 output : cms

 error: 
 retcode : 0
DEBUG 2026-08-12 12:51:51.195 UTC: 	 Getting proxy life time left
DEBUG 2026-08-12 12:51:51.195 UTC: 	 Executing command :
 voms-proxy-info --actimeleft --timeleft --file /tmp/x509up_u178888
DEBUG 2026-08-12 12:51:51.228 UTC: 	 output : 604314
604314

 error: 
 retcode : 0
DEBUG 2026-08-12 12:51:51.229 UTC: 	 Proxy valid for 167:51:54 hours
DEBUG 2026-08-12 12:51:51.229 UTC: 	 Encoded data for curl request: subresource=delegatedn
DEBUG 2026-08-12 12:51:51.306 UTC: 	 Registering user credentials on myproxy for /DC=ch/DC=cern/OU=Organic Units/OU=Users/CN=cmscrab/CN=(817881|373708)/CN=Robot: cms crab|/DC=ch/DC=cern/OU=Organic Units/OU=Users/CN=crabint1/CN=373708/CN=Robot: CMS CRAB Integration 1
DEBUG 2026-08-12 12:51:51.306 UTC: 	 Executing command :
 voms-proxy-info --identity --file /tmp/x509up_u178888
DEBUG 2026-08-12 12:51:51.551 UTC: 	 output : /DC=ch/DC=cern/OU=Organic Units/OU=Users/CN=ffiore/CN=883264/CN=Francesca Fiore

 error: 
 retcode : 0
DEBUG 2026-08-12 12:51:51.551 UTC: 	 Getting myproxy life time left for 1108dd7240a979e136768c977b197b9a1dace71c
DEBUG 2026-08-12 12:51:51.551 UTC: 	 Executing command :
 myproxy-info -s myproxy.cern.ch -l 1108dd7240a979e136768c977b197b9a1dace71c
DEBUG 2026-08-12 12:51:51.840 UTC: 	 output : username: 1108dd7240a979e136768c977b197b9a1dace71c
owner: /DC=ch/DC=cern/OU=Organic Units/OU=Users/CN=ffiore/CN=883264/CN=Francesca Fiore
  renewal policy: /DC=ch/DC=cern/OU=Organic Units/OU=Users/CN=cmscrab/CN=(817881|373708)/CN=Robot: cms crab|/DC=ch/DC=cern/OU=Organic Units/OU=Users/CN=crabint1/CN=373708/CN=Robot: CMS CRAB Integration 1
  trusted retrieval policy: /DC=ch/DC=cern/OU=Organic Units/OU=Users/CN=cmscrab/CN=(817881|373708)/CN=Robot: cms crab|/DC=ch/DC=cern/OU=Organic Units/OU=Users/CN=crabint1/CN=373708/CN=Robot: CMS CRAB Integration 1
  timeleft: 719:52:29  (30.0 days)

 error: 
 retcode : 0
DEBUG 2026-08-12 12:51:51.841 UTC: 	 Myproxy is valid: 2591520
DEBUG 2026-08-12 12:51:51.841 UTC: 	 Result of myproxy credential check:
  Credential exists on myproxy: username: 1108dd7240a979e136768c977b197b9a1dace71c  - validity: 29 days, 23:52:00
DEBUG 2026-08-12 12:51:51.841 UTC: 	 Retrieving username ...
DEBUG 2026-08-12 12:51:51.841 UTC: 	 Retrieving username from CRIC...
DEBUG 2026-08-12 12:51:52.688 UTC: 	 username is ffiore
INFO 2026-08-12 12:51:56.466 UTC: 	 Rucio client intialized for account ffiore
DEBUG 2026-08-12 12:51:56.466 UTC: 	 Command use: status
DEBUG 2026-08-12 12:51:56.466 UTC: 	 Options use: ['-d', 'VBS_semilep_ZZ_EWK_2023LHEGS_v12/crab_VBS_semilep_ZZ_EWK_2023LHEGS_v12']
DEBUG 2026-08-12 12:51:56.467 UTC: 	 Encoded data for curl request: subresource=version
DEBUG 2026-08-12 12:51:56.519 UTC: 	 CRABClient version: v3.260630
DEBUG 2026-08-12 12:51:56.520 UTC: 	 Instance is prod
DEBUG 2026-08-12 12:51:56.520 UTC: 	 Server base url is cmsweb.cern.ch
DEBUG 2026-08-12 12:51:56.520 UTC: 	 Command api workflow
DEBUG 2026-08-12 12:51:56.520 UTC: 	 Encoded data for curl request: subresource=search&workflow=260812_124432%3Affiore_crab_VBS_semilep_ZZ_EWK_2023LHEGS_v12
DEBUG 2026-08-12 12:51:56.705 UTC: 	 Got information from server oracle database: {'desc': {'columns': ['tm_taskname', 'tm_activity', 'tm_task_status', 'tm_task_command', 'tm_start_time', 'tm_start_injection', 'tm_end_injection', 'tm_task_failure', 'tm_job_sw', 'tm_job_arch', 'tm_input_dataset', 'tm_nonvalid_input_dataset', 'tm_use_parent', 'tm_site_whitelist', 'tm_site_blacklist', 'tm_split_algo', 'tm_split_args', 'tm_user_sandbox', 'tm_cache_url', 'tm_username', 'tm_user_dn', 'tm_user_vo', 'tm_user_role', 'tm_user_group', 'tm_publish_name', 'tm_publish_groupname', 'tm_asyncdest', 'tm_dbs_url', 'tm_publish_dbs_url', 'tm_publication', 'tm_outfiles', 'tm_tfile_outfiles', 'tm_edm_outfiles', 'tm_job_type', 'tm_generator', 'tm_events_per_lumi', 'tm_arguments', 'tm_save_logs', 'tw_name', 'tm_user_infiles', 'tm_maxjobruntime', 'tm_numcores', 'tm_maxmemory', 'tm_priority', 'tm_output_dataset', 'tm_task_warnings', 'tm_user_webdir', 'tm_scriptexe', 'tm_scriptargs', 'tm_extrajdl', 'tm_collector', 'tm_schedd', 'tm_dry_run', 'tm_user_files', 'tm_transfer_outputs', 'tm_output_lfn', 'tm_ignore_locality', 'tm_fail_limit', 'tm_one_event_mode', 'tm_secondary_input_dataset', 'tm_primary_dataset', 'tm_last_publication', 'tm_debug_files', 'clusterid', 'tm_ignore_global_blacklist', 'tm_submitter_ip_addr', 'tm_totalunits', 'tm_ddm_reqid', 'tm_user_config', 'tm_transfer_container', 'tm_transfer_rule', 'tm_publish_rule', 'tm_multipub_rule', 'tm_job_min_microarch', 'tm_dagman_status', 'tm_num_jobs', 'tm_uploaded']}, 'result': ['260812_124432:ffiore_crab_VBS_semilep_ZZ_EWK_2023LHEGS_v12', 'None', 'SUBMITTED', 'SUBMIT', '2026-08-12 12:44:32.262474', 'None', '2026-08-12 12:44:55.472039', 'None', 'CMSSW_13_0_14', 'el8_amd64_gcc11', 'None', 'F', '0', '[]', '[]', 'EventBased', "{'halt_job_on_file_boundaries': False, 'splitOnRun': False, 'events_per_job': 20, 'runs': [], 'lumis': []}", '7ed6e5b44598f438a161715ec666cd4e5d0997f41b38fe7901a5bd3a27e8da73.tar.gz', 'S3/crabcache_prod', 'ffiore', '/DC=ch/DC=cern/OU=Organic Units/OU=Users/CN=ffiore/CN=883264/CN=Francesca Fiore', 'cms', 'None', 'None', 'VBS_semilep_ZZ_EWK_2023LHEGS_v12-00000000000000000000000000000000', 'F', 'T2_IT_Legnaro', 'https://cmsweb.cern.ch/dbs/prod/global/DBSReader', 'https://cmsweb.cern.ch/dbs/prod/phys03/DBSWriter', 'F', "['Run3Summer23NanoAODv12.root']", '[]', '[]', 'PrivateMC', 'pythia', '20', '{}', 'F', 'crab-prod-tw01', '[]', '1250', '4', '8000', '10', 'None', '[]', 'http://vocms0144.cern.ch/mon/ffiore/260812_124432:ffiore_crab_VBS_semilep_ZZ_EWK_2023LHEGS_v12', 'run_chain_Run3.sh', "['inputGridpack=/eos/user/f/ffiore/VBS/Gridpacks/ZZ/VBS_ZZ_semilep_el8_amd64_gcc10_CMSSW_12_4_8_tarball.tar.xz', 'nEvents=20', 'nThreads=4']", '[]', 'None', 'crab3@vocms0144.cern.ch', 'F', '[]', 'T', '/store/user/ffiore/', 'F', 'None', 'F', 'None', 'VBS_semilep_ZZ_EWK_2023LHEGS_v12', 'None', '39b51909eb0ce8ea1ba61e6aadd877fb0392e61f45ea9784e405ce621ace9784.tar.gz', '159143620', 'F', '188.185.101.116', '40.0', 'None', '{"partialdataset": false, "requireaccelerator": false, "acceleratorparams": null, "inputblocks": null}', 'None', 'None', 'None', 'None', 'any', 'RUNNING', '2', 'T']}
INFO 2026-08-12 12:51:56.705 UTC: 	 CRAB project directory:		/afs/cern.ch/user/f/ffiore/work/produzione/crab_MC_private/VBS_semilep_ZZ_EWK_2023LHEGS_v12/crab_VBS_semilep_ZZ_EWK_2023LHEGS_v12
INFO 2026-08-12 12:51:56.705 UTC: 	 Task name:			260812_124432:ffiore_crab_VBS_semilep_ZZ_EWK_2023LHEGS_v12
INFO 2026-08-12 12:51:56.705 UTC: 	 Grid scheduler - Task Worker:	crab3@vocms0144.cern.ch - crab-prod-tw01
INFO 2026-08-12 12:51:56.705 UTC: 	 Status on the CRAB server:	SUBMITTED
INFO 2026-08-12 12:51:56.705 UTC: 	 Task URL to use for HELP:	https://cmsweb.cern.ch/crabserver/ui/task/260812_124432%3Affiore_crab_VBS_semilep_ZZ_EWK_2023LHEGS_v12
INFO 2026-08-12 12:51:56.718 UTC: 	 Dashboard monitoring URL:	https://monit-grafana.cern.ch/d/cmsTMDetail/cms-task-monitoring-task-view?orgId=11&var-user=ffiore&var-task=260812_124432%3Affiore_crab_VBS_semilep_ZZ_EWK_2023LHEGS_v12&from=1786535072000&to=now
DEBUG 2026-08-12 12:51:56.718 UTC: 	 The CRAB server submitted your task to the Grid scheduler (cluster ID: 159143620)
DEBUG 2026-08-12 12:51:56.718 UTC: 	 Webdir is located at http://vocms0144.cern.ch/mon/ffiore/260812_124432:ffiore_crab_VBS_semilep_ZZ_EWK_2023LHEGS_v12
DEBUG 2026-08-12 12:51:56.718 UTC: 	 Encoded data for curl request: subresource=webdirprx&workflow=260812_124432%3Affiore_crab_VBS_semilep_ZZ_EWK_2023LHEGS_v12
DEBUG 2026-08-12 12:51:56.802 UTC: 	 Proxied webdir is located at https://cmsweb.cern.ch/scheddmon/0144/ffiore/260812_124432:ffiore_crab_VBS_semilep_ZZ_EWK_2023LHEGS_v12
DEBUG 2026-08-12 12:51:56.803 UTC: 	 Retrieving 'status_cache' file from https://cmsweb.cern.ch/scheddmon/0144/ffiore/260812_124432:ffiore_crab_VBS_semilep_ZZ_EWK_2023LHEGS_v12/status_cache.pkl
DEBUG 2026-08-12 12:51:56.803 UTC: 	 Will execute:
curl -sS --capath /etc/grid-security/certificates --cert /tmp/x509up_u178888 --key /tmp/x509up_u178888 -o /tmp/crab_status-cache-eoocf29_.pkl -w %"{http_code}" "https://cmsweb.cern.ch/scheddmon/0144/ffiore/260812_124432:ffiore_crab_VBS_semilep_ZZ_EWK_2023LHEGS_v12/status_cache.pkl"
DEBUG 2026-08-12 12:51:56.803 UTC: 	 Executing command :
 curl -sS --capath /etc/grid-security/certificates --cert /tmp/x509up_u178888 --key /tmp/x509up_u178888 -o /tmp/crab_status-cache-eoocf29_.pkl -w %"{http_code}" "https://cmsweb.cern.ch/scheddmon/0144/ffiore/260812_124432:ffiore_crab_VBS_semilep_ZZ_EWK_2023LHEGS_v12/status_cache.pkl"
DEBUG 2026-08-12 12:51:56.866 UTC: 	 output : 200
 error: 
 retcode : 0
DEBUG 2026-08-12 12:51:56.867 UTC: 	 exitcode: 0
stdout: 200
stderr: 
error details: 
DEBUG 2026-08-12 12:51:56.867 UTC: 	 Got information from status cache file: {'1': {'Retries': 0, 'Restarts': 0, 'SiteHistory': ['T2_CH_CERN', 'T2_CH_CERN'], 'ResidentSetSize': [0], 'SubmitTimes': [1786538764.0], 'StartTimes': [1786538817.0], 'EndTimes': [], 'TotalUserCpuTimeHistory': [0.0], 'TotalSysCpuTimeHistory': [0.0], 'WallDurations': [0, 7.268025875091553], 'JobIds': ['159143625.0'], 'State': 'unsubmitted', 'RecordedSite': True}, '2': {'Retries': 0, 'Restarts': 0, 'SiteHistory': ['T2_CH_CERN', 'T2_CH_CERN'], 'ResidentSetSize': [0], 'SubmitTimes': [1786538764.0], 'StartTimes': [1786538818.0], 'EndTimes': [], 'TotalUserCpuTimeHistory': [0.0], 'TotalSysCpuTimeHistory': [0.0], 'WallDurations': [0, 6.268025875091553], 'JobIds': ['159143626.0'], 'State': 'unsubmitted', 'RecordedSite': True}}
INFO 2026-08-12 12:51:56.867 UTC: 	 Status on the scheduler:	RUNNING
INFO 2026-08-12 12:51:56.867 UTC: 	 
Jobs status:                    unsubmitted  		100.0% (2/2)
INFO 2026-08-12 12:51:56.867 UTC: 	 
No publication information (publication has been disabled in the CRAB configuration file)
INFO 2026-08-12 12:51:56.869 UTC: 	 Log file is /afs/cern.ch/user/f/ffiore/work/produzione/crab_MC_private/VBS_semilep_ZZ_EWK_2023LHEGS_v12/crab_VBS_semilep_ZZ_EWK_2023LHEGS_v12/crab.log
DEBUG 2026-08-12 12:52:09.420 UTC: 	 CRAB Client version: v3.260630
DEBUG 2026-08-12 12:52:09.420 UTC: 	 Running on: Linux lxplus808.cern.ch 4.18.0-553.144.1.el8_10.x86_64 #1 SMP Mon Jul 13 11:33:25 EDT 2026 x86_64 x86_64 x86_64 GNU/Linux
DEBUG 2026-08-12 12:52:09.420 UTC: 	 Not using Singularity
DEBUG 2026-08-12 12:52:09.420 UTC: 	 Operating System: Red Hat Enterprise Linux 8.10 (Ootpa)
DEBUG 2026-08-12 12:52:09.420 UTC: 	 Executing command: 'status'
DEBUG 2026-08-12 12:52:09.420 UTC: 	 Found CRAB cache file /afs/cern.ch/user/f/ffiore/.crab3
DEBUG 2026-08-12 12:52:09.428 UTC: 	 Checking credentials
DEBUG 2026-08-12 12:52:09.429 UTC: 	 Found proxy file /tmp/x509up_u178888
DEBUG 2026-08-12 12:52:09.429 UTC: 	 Making sure it has proper VOMS extension
DEBUG 2026-08-12 12:52:09.429 UTC: 	 Executing command :
 voms-proxy-info --vo --file /tmp/x509up_u178888
DEBUG 2026-08-12 12:52:09.464 UTC: 	 output : cms

 error: 
 retcode : 0
DEBUG 2026-08-12 12:52:09.464 UTC: 	 Getting proxy life time left
DEBUG 2026-08-12 12:52:09.464 UTC: 	 Executing command :
 voms-proxy-info --actimeleft --timeleft --file /tmp/x509up_u178888
DEBUG 2026-08-12 12:52:09.522 UTC: 	 output : 604296
604296

 error: 
 retcode : 0
DEBUG 2026-08-12 12:52:09.523 UTC: 	 Proxy valid for 167:51:36 hours
DEBUG 2026-08-12 12:52:09.523 UTC: 	 Encoded data for curl request: subresource=delegatedn
DEBUG 2026-08-12 12:52:09.602 UTC: 	 Registering user credentials on myproxy for /DC=ch/DC=cern/OU=Organic Units/OU=Users/CN=cmscrab/CN=(817881|373708)/CN=Robot: cms crab|/DC=ch/DC=cern/OU=Organic Units/OU=Users/CN=crabint1/CN=373708/CN=Robot: CMS CRAB Integration 1
DEBUG 2026-08-12 12:52:09.603 UTC: 	 Executing command :
 voms-proxy-info --identity --file /tmp/x509up_u178888
DEBUG 2026-08-12 12:52:09.632 UTC: 	 output : /DC=ch/DC=cern/OU=Organic Units/OU=Users/CN=ffiore/CN=883264/CN=Francesca Fiore

 error: 
 retcode : 0
DEBUG 2026-08-12 12:52:09.632 UTC: 	 Getting myproxy life time left for 1108dd7240a979e136768c977b197b9a1dace71c
DEBUG 2026-08-12 12:52:09.632 UTC: 	 Executing command :
 myproxy-info -s myproxy.cern.ch -l 1108dd7240a979e136768c977b197b9a1dace71c
DEBUG 2026-08-12 12:52:09.935 UTC: 	 output : username: 1108dd7240a979e136768c977b197b9a1dace71c
owner: /DC=ch/DC=cern/OU=Organic Units/OU=Users/CN=ffiore/CN=883264/CN=Francesca Fiore
  renewal policy: /DC=ch/DC=cern/OU=Organic Units/OU=Users/CN=cmscrab/CN=(817881|373708)/CN=Robot: cms crab|/DC=ch/DC=cern/OU=Organic Units/OU=Users/CN=crabint1/CN=373708/CN=Robot: CMS CRAB Integration 1
  trusted retrieval policy: /DC=ch/DC=cern/OU=Organic Units/OU=Users/CN=cmscrab/CN=(817881|373708)/CN=Robot: cms crab|/DC=ch/DC=cern/OU=Organic Units/OU=Users/CN=crabint1/CN=373708/CN=Robot: CMS CRAB Integration 1
  timeleft: 719:52:11  (30.0 days)

 error: 
 retcode : 0
DEBUG 2026-08-12 12:52:09.935 UTC: 	 Myproxy is valid: 2591520
DEBUG 2026-08-12 12:52:09.935 UTC: 	 Result of myproxy credential check:
  Credential exists on myproxy: username: 1108dd7240a979e136768c977b197b9a1dace71c  - validity: 29 days, 23:52:00
DEBUG 2026-08-12 12:52:09.935 UTC: 	 Retrieving username ...
DEBUG 2026-08-12 12:52:09.935 UTC: 	 Retrieving username from CRIC...
DEBUG 2026-08-12 12:52:10.927 UTC: 	 username is ffiore
INFO 2026-08-12 12:52:16.185 UTC: 	 Rucio client intialized for account ffiore
DEBUG 2026-08-12 12:52:16.185 UTC: 	 Command use: status
DEBUG 2026-08-12 12:52:16.185 UTC: 	 Options use: ['-d', 'VBS_semilep_ZZ_EWK_2023LHEGS_v12/crab_VBS_semilep_ZZ_EWK_2023LHEGS_v12']
DEBUG 2026-08-12 12:52:16.185 UTC: 	 Encoded data for curl request: subresource=version
DEBUG 2026-08-12 12:52:16.245 UTC: 	 CRABClient version: v3.260630
DEBUG 2026-08-12 12:52:16.245 UTC: 	 Instance is prod
DEBUG 2026-08-12 12:52:16.245 UTC: 	 Server base url is cmsweb.cern.ch
DEBUG 2026-08-12 12:52:16.245 UTC: 	 Command api workflow
DEBUG 2026-08-12 12:52:16.246 UTC: 	 Encoded data for curl request: subresource=search&workflow=260812_124432%3Affiore_crab_VBS_semilep_ZZ_EWK_2023LHEGS_v12
DEBUG 2026-08-12 12:52:16.296 UTC: 	 Got information from server oracle database: {'desc': {'columns': ['tm_taskname', 'tm_activity', 'tm_task_status', 'tm_task_command', 'tm_start_time', 'tm_start_injection', 'tm_end_injection', 'tm_task_failure', 'tm_job_sw', 'tm_job_arch', 'tm_input_dataset', 'tm_nonvalid_input_dataset', 'tm_use_parent', 'tm_site_whitelist', 'tm_site_blacklist', 'tm_split_algo', 'tm_split_args', 'tm_user_sandbox', 'tm_cache_url', 'tm_username', 'tm_user_dn', 'tm_user_vo', 'tm_user_role', 'tm_user_group', 'tm_publish_name', 'tm_publish_groupname', 'tm_asyncdest', 'tm_dbs_url', 'tm_publish_dbs_url', 'tm_publication', 'tm_outfiles', 'tm_tfile_outfiles', 'tm_edm_outfiles', 'tm_job_type', 'tm_generator', 'tm_events_per_lumi', 'tm_arguments', 'tm_save_logs', 'tw_name', 'tm_user_infiles', 'tm_maxjobruntime', 'tm_numcores', 'tm_maxmemory', 'tm_priority', 'tm_output_dataset', 'tm_task_warnings', 'tm_user_webdir', 'tm_scriptexe', 'tm_scriptargs', 'tm_extrajdl', 'tm_collector', 'tm_schedd', 'tm_dry_run', 'tm_user_files', 'tm_transfer_outputs', 'tm_output_lfn', 'tm_ignore_locality', 'tm_fail_limit', 'tm_one_event_mode', 'tm_secondary_input_dataset', 'tm_primary_dataset', 'tm_last_publication', 'tm_debug_files', 'clusterid', 'tm_ignore_global_blacklist', 'tm_submitter_ip_addr', 'tm_totalunits', 'tm_ddm_reqid', 'tm_user_config', 'tm_transfer_container', 'tm_transfer_rule', 'tm_publish_rule', 'tm_multipub_rule', 'tm_job_min_microarch', 'tm_dagman_status', 'tm_num_jobs', 'tm_uploaded']}, 'result': ['260812_124432:ffiore_crab_VBS_semilep_ZZ_EWK_2023LHEGS_v12', 'None', 'SUBMITTED', 'SUBMIT', '2026-08-12 12:44:32.262474', 'None', '2026-08-12 12:44:55.472039', 'None', 'CMSSW_13_0_14', 'el8_amd64_gcc11', 'None', 'F', '0', '[]', '[]', 'EventBased', "{'halt_job_on_file_boundaries': False, 'splitOnRun': False, 'events_per_job': 20, 'runs': [], 'lumis': []}", '7ed6e5b44598f438a161715ec666cd4e5d0997f41b38fe7901a5bd3a27e8da73.tar.gz', 'S3/crabcache_prod', 'ffiore', '/DC=ch/DC=cern/OU=Organic Units/OU=Users/CN=ffiore/CN=883264/CN=Francesca Fiore', 'cms', 'None', 'None', 'VBS_semilep_ZZ_EWK_2023LHEGS_v12-00000000000000000000000000000000', 'F', 'T2_IT_Legnaro', 'https://cmsweb.cern.ch/dbs/prod/global/DBSReader', 'https://cmsweb.cern.ch/dbs/prod/phys03/DBSWriter', 'F', "['Run3Summer23NanoAODv12.root']", '[]', '[]', 'PrivateMC', 'pythia', '20', '{}', 'F', 'crab-prod-tw01', '[]', '1250', '4', '8000', '10', 'None', '[]', 'http://vocms0144.cern.ch/mon/ffiore/260812_124432:ffiore_crab_VBS_semilep_ZZ_EWK_2023LHEGS_v12', 'run_chain_Run3.sh', "['inputGridpack=/eos/user/f/ffiore/VBS/Gridpacks/ZZ/VBS_ZZ_semilep_el8_amd64_gcc10_CMSSW_12_4_8_tarball.tar.xz', 'nEvents=20', 'nThreads=4']", '[]', 'None', 'crab3@vocms0144.cern.ch', 'F', '[]', 'T', '/store/user/ffiore/', 'F', 'None', 'F', 'None', 'VBS_semilep_ZZ_EWK_2023LHEGS_v12', 'None', '39b51909eb0ce8ea1ba61e6aadd877fb0392e61f45ea9784e405ce621ace9784.tar.gz', '159143620', 'F', '188.185.101.116', '40.0', 'None', '{"partialdataset": false, "requireaccelerator": false, "acceleratorparams": null, "inputblocks": null}', 'None', 'None', 'None', 'None', 'any', 'RUNNING', '2', 'T']}
INFO 2026-08-12 12:52:16.296 UTC: 	 CRAB project directory:		/afs/cern.ch/user/f/ffiore/work/produzione/crab_MC_private/VBS_semilep_ZZ_EWK_2023LHEGS_v12/crab_VBS_semilep_ZZ_EWK_2023LHEGS_v12
INFO 2026-08-12 12:52:16.297 UTC: 	 Task name:			260812_124432:ffiore_crab_VBS_semilep_ZZ_EWK_2023LHEGS_v12
INFO 2026-08-12 12:52:16.297 UTC: 	 Grid scheduler - Task Worker:	crab3@vocms0144.cern.ch - crab-prod-tw01
INFO 2026-08-12 12:52:16.297 UTC: 	 Status on the CRAB server:	SUBMITTED
INFO 2026-08-12 12:52:16.297 UTC: 	 Task URL to use for HELP:	https://cmsweb.cern.ch/crabserver/ui/task/260812_124432%3Affiore_crab_VBS_semilep_ZZ_EWK_2023LHEGS_v12
INFO 2026-08-12 12:52:16.332 UTC: 	 Dashboard monitoring URL:	https://monit-grafana.cern.ch/d/cmsTMDetail/cms-task-monitoring-task-view?orgId=11&var-user=ffiore&var-task=260812_124432%3Affiore_crab_VBS_semilep_ZZ_EWK_2023LHEGS_v12&from=1786535072000&to=now
DEBUG 2026-08-12 12:52:16.332 UTC: 	 The CRAB server submitted your task to the Grid scheduler (cluster ID: 159143620)
DEBUG 2026-08-12 12:52:16.332 UTC: 	 Webdir is located at http://vocms0144.cern.ch/mon/ffiore/260812_124432:ffiore_crab_VBS_semilep_ZZ_EWK_2023LHEGS_v12
DEBUG 2026-08-12 12:52:16.333 UTC: 	 Encoded data for curl request: subresource=webdirprx&workflow=260812_124432%3Affiore_crab_VBS_semilep_ZZ_EWK_2023LHEGS_v12
DEBUG 2026-08-12 12:52:16.435 UTC: 	 Proxied webdir is located at https://cmsweb.cern.ch/scheddmon/0144/ffiore/260812_124432:ffiore_crab_VBS_semilep_ZZ_EWK_2023LHEGS_v12
DEBUG 2026-08-12 12:52:16.436 UTC: 	 Retrieving 'status_cache' file from https://cmsweb.cern.ch/scheddmon/0144/ffiore/260812_124432:ffiore_crab_VBS_semilep_ZZ_EWK_2023LHEGS_v12/status_cache.pkl
DEBUG 2026-08-12 12:52:16.436 UTC: 	 Will execute:
curl -sS --capath /etc/grid-security/certificates --cert /tmp/x509up_u178888 --key /tmp/x509up_u178888 -o /tmp/crab_status-cache-xeof9vxo.pkl -w %"{http_code}" "https://cmsweb.cern.ch/scheddmon/0144/ffiore/260812_124432:ffiore_crab_VBS_semilep_ZZ_EWK_2023LHEGS_v12/status_cache.pkl"
DEBUG 2026-08-12 12:52:16.436 UTC: 	 Executing command :
 curl -sS --capath /etc/grid-security/certificates --cert /tmp/x509up_u178888 --key /tmp/x509up_u178888 -o /tmp/crab_status-cache-xeof9vxo.pkl -w %"{http_code}" "https://cmsweb.cern.ch/scheddmon/0144/ffiore/260812_124432:ffiore_crab_VBS_semilep_ZZ_EWK_2023LHEGS_v12/status_cache.pkl"
DEBUG 2026-08-12 12:52:16.488 UTC: 	 output : 200
 error: 
 retcode : 0
DEBUG 2026-08-12 12:52:16.488 UTC: 	 exitcode: 0
stdout: 200
stderr: 
error details: 
DEBUG 2026-08-12 12:52:16.488 UTC: 	 Got information from status cache file: {'1': {'Retries': 0, 'Restarts': 0, 'SiteHistory': ['T2_CH_CERN', 'T2_CH_CERN'], 'ResidentSetSize': [59060], 'SubmitTimes': [1786538764.0], 'StartTimes': [1786538817.0], 'EndTimes': [], 'TotalUserCpuTimeHistory': [0.0], 'TotalSysCpuTimeHistory': [0.0], 'WallDurations': [0, 8.0], 'JobIds': ['159143625.0'], 'State': 'running', 'RecordedSite': True}, '2': {'Retries': 0, 'Restarts': 0, 'SiteHistory': ['T2_CH_CERN', 'T2_CH_CERN'], 'ResidentSetSize': [5184], 'SubmitTimes': [1786538764.0], 'StartTimes': [1786538818.0], 'EndTimes': [], 'TotalUserCpuTimeHistory': [0.0], 'TotalSysCpuTimeHistory': [0.0], 'WallDurations': [0, 9.0], 'JobIds': ['159143626.0'], 'State': 'running', 'RecordedSite': True}}
INFO 2026-08-12 12:52:16.488 UTC: 	 Status on the scheduler:	RUNNING
INFO 2026-08-12 12:52:16.489 UTC: 	 
Jobs status:                    running      		100.0% (2/2)
INFO 2026-08-12 12:52:16.489 UTC: 	 
No publication information (publication has been disabled in the CRAB configuration file)
INFO 2026-08-12 12:52:16.503 UTC: 	 Log file is /afs/cern.ch/user/f/ffiore/work/produzione/crab_MC_private/VBS_semilep_ZZ_EWK_2023LHEGS_v12/crab_VBS_semilep_ZZ_EWK_2023LHEGS_v12/crab.log
DEBUG 2026-08-12 12:52:42.809 UTC: 	 CRAB Client version: v3.260630
DEBUG 2026-08-12 12:52:42.809 UTC: 	 Running on: Linux lxplus808.cern.ch 4.18.0-553.144.1.el8_10.x86_64 #1 SMP Mon Jul 13 11:33:25 EDT 2026 x86_64 x86_64 x86_64 GNU/Linux
DEBUG 2026-08-12 12:52:42.809 UTC: 	 Not using Singularity
DEBUG 2026-08-12 12:52:42.809 UTC: 	 Operating System: Red Hat Enterprise Linux 8.10 (Ootpa)
DEBUG 2026-08-12 12:52:42.809 UTC: 	 Executing command: 'status'
DEBUG 2026-08-12 12:52:42.809 UTC: 	 Found CRAB cache file /afs/cern.ch/user/f/ffiore/.crab3
DEBUG 2026-08-12 12:52:42.821 UTC: 	 Checking credentials
DEBUG 2026-08-12 12:52:42.821 UTC: 	 Found proxy file /tmp/x509up_u178888
DEBUG 2026-08-12 12:52:42.821 UTC: 	 Making sure it has proper VOMS extension
DEBUG 2026-08-12 12:52:42.821 UTC: 	 Executing command :
 voms-proxy-info --vo --file /tmp/x509up_u178888
DEBUG 2026-08-12 12:52:42.857 UTC: 	 output : cms

 error: 
 retcode : 0
DEBUG 2026-08-12 12:52:42.857 UTC: 	 Getting proxy life time left
DEBUG 2026-08-12 12:52:42.857 UTC: 	 Executing command :
 voms-proxy-info --actimeleft --timeleft --file /tmp/x509up_u178888
DEBUG 2026-08-12 12:52:42.886 UTC: 	 output : 604263
604263

 error: 
 retcode : 0
DEBUG 2026-08-12 12:52:42.886 UTC: 	 Proxy valid for 167:51:03 hours
DEBUG 2026-08-12 12:52:42.886 UTC: 	 Encoded data for curl request: subresource=delegatedn
DEBUG 2026-08-12 12:52:42.933 UTC: 	 Registering user credentials on myproxy for /DC=ch/DC=cern/OU=Organic Units/OU=Users/CN=cmscrab/CN=(817881|373708)/CN=Robot: cms crab|/DC=ch/DC=cern/OU=Organic Units/OU=Users/CN=crabint1/CN=373708/CN=Robot: CMS CRAB Integration 1
DEBUG 2026-08-12 12:52:42.934 UTC: 	 Executing command :
 voms-proxy-info --identity --file /tmp/x509up_u178888
DEBUG 2026-08-12 12:52:42.967 UTC: 	 output : /DC=ch/DC=cern/OU=Organic Units/OU=Users/CN=ffiore/CN=883264/CN=Francesca Fiore

 error: 
 retcode : 0
DEBUG 2026-08-12 12:52:42.967 UTC: 	 Getting myproxy life time left for 1108dd7240a979e136768c977b197b9a1dace71c
DEBUG 2026-08-12 12:52:42.967 UTC: 	 Executing command :
 myproxy-info -s myproxy.cern.ch -l 1108dd7240a979e136768c977b197b9a1dace71c
DEBUG 2026-08-12 12:52:43.718 UTC: 	 output : username: 1108dd7240a979e136768c977b197b9a1dace71c
owner: /DC=ch/DC=cern/OU=Organic Units/OU=Users/CN=ffiore/CN=883264/CN=Francesca Fiore
  renewal policy: /DC=ch/DC=cern/OU=Organic Units/OU=Users/CN=cmscrab/CN=(817881|373708)/CN=Robot: cms crab|/DC=ch/DC=cern/OU=Organic Units/OU=Users/CN=crabint1/CN=373708/CN=Robot: CMS CRAB Integration 1
  trusted retrieval policy: /DC=ch/DC=cern/OU=Organic Units/OU=Users/CN=cmscrab/CN=(817881|373708)/CN=Robot: cms crab|/DC=ch/DC=cern/OU=Organic Units/OU=Users/CN=crabint1/CN=373708/CN=Robot: CMS CRAB Integration 1
  timeleft: 719:51:37  (30.0 days)

 error: 
 retcode : 0
DEBUG 2026-08-12 12:52:43.718 UTC: 	 Myproxy is valid: 2591460
DEBUG 2026-08-12 12:52:43.718 UTC: 	 Result of myproxy credential check:
  Credential exists on myproxy: username: 1108dd7240a979e136768c977b197b9a1dace71c  - validity: 29 days, 23:51:00
DEBUG 2026-08-12 12:52:43.718 UTC: 	 Retrieving username ...
DEBUG 2026-08-12 12:52:43.718 UTC: 	 Retrieving username from CRIC...
DEBUG 2026-08-12 12:52:44.670 UTC: 	 username is ffiore
INFO 2026-08-12 12:52:48.839 UTC: 	 Rucio client intialized for account ffiore
DEBUG 2026-08-12 12:52:48.844 UTC: 	 Command use: status
DEBUG 2026-08-12 12:52:48.844 UTC: 	 Options use: ['-d', 'VBS_semilep_ZZ_EWK_2023LHEGS_v12/crab_VBS_semilep_ZZ_EWK_2023LHEGS_v12']
DEBUG 2026-08-12 12:52:48.844 UTC: 	 Encoded data for curl request: subresource=version
DEBUG 2026-08-12 12:52:49.379 UTC: 	 CRABClient version: v3.260630
DEBUG 2026-08-12 12:52:49.379 UTC: 	 Instance is prod
DEBUG 2026-08-12 12:52:49.379 UTC: 	 Server base url is cmsweb.cern.ch
DEBUG 2026-08-12 12:52:49.379 UTC: 	 Command api workflow
DEBUG 2026-08-12 12:52:49.380 UTC: 	 Encoded data for curl request: subresource=search&workflow=260812_124432%3Affiore_crab_VBS_semilep_ZZ_EWK_2023LHEGS_v12
DEBUG 2026-08-12 12:52:49.598 UTC: 	 Got information from server oracle database: {'desc': {'columns': ['tm_taskname', 'tm_activity', 'tm_task_status', 'tm_task_command', 'tm_start_time', 'tm_start_injection', 'tm_end_injection', 'tm_task_failure', 'tm_job_sw', 'tm_job_arch', 'tm_input_dataset', 'tm_nonvalid_input_dataset', 'tm_use_parent', 'tm_site_whitelist', 'tm_site_blacklist', 'tm_split_algo', 'tm_split_args', 'tm_user_sandbox', 'tm_cache_url', 'tm_username', 'tm_user_dn', 'tm_user_vo', 'tm_user_role', 'tm_user_group', 'tm_publish_name', 'tm_publish_groupname', 'tm_asyncdest', 'tm_dbs_url', 'tm_publish_dbs_url', 'tm_publication', 'tm_outfiles', 'tm_tfile_outfiles', 'tm_edm_outfiles', 'tm_job_type', 'tm_generator', 'tm_events_per_lumi', 'tm_arguments', 'tm_save_logs', 'tw_name', 'tm_user_infiles', 'tm_maxjobruntime', 'tm_numcores', 'tm_maxmemory', 'tm_priority', 'tm_output_dataset', 'tm_task_warnings', 'tm_user_webdir', 'tm_scriptexe', 'tm_scriptargs', 'tm_extrajdl', 'tm_collector', 'tm_schedd', 'tm_dry_run', 'tm_user_files', 'tm_transfer_outputs', 'tm_output_lfn', 'tm_ignore_locality', 'tm_fail_limit', 'tm_one_event_mode', 'tm_secondary_input_dataset', 'tm_primary_dataset', 'tm_last_publication', 'tm_debug_files', 'clusterid', 'tm_ignore_global_blacklist', 'tm_submitter_ip_addr', 'tm_totalunits', 'tm_ddm_reqid', 'tm_user_config', 'tm_transfer_container', 'tm_transfer_rule', 'tm_publish_rule', 'tm_multipub_rule', 'tm_job_min_microarch', 'tm_dagman_status', 'tm_num_jobs', 'tm_uploaded']}, 'result': ['260812_124432:ffiore_crab_VBS_semilep_ZZ_EWK_2023LHEGS_v12', 'None', 'SUBMITTED', 'SUBMIT', '2026-08-12 12:44:32.262474', 'None', '2026-08-12 12:44:55.472039', 'None', 'CMSSW_13_0_14', 'el8_amd64_gcc11', 'None', 'F', '0', '[]', '[]', 'EventBased', "{'halt_job_on_file_boundaries': False, 'splitOnRun': False, 'events_per_job': 20, 'runs': [], 'lumis': []}", '7ed6e5b44598f438a161715ec666cd4e5d0997f41b38fe7901a5bd3a27e8da73.tar.gz', 'S3/crabcache_prod', 'ffiore', '/DC=ch/DC=cern/OU=Organic Units/OU=Users/CN=ffiore/CN=883264/CN=Francesca Fiore', 'cms', 'None', 'None', 'VBS_semilep_ZZ_EWK_2023LHEGS_v12-00000000000000000000000000000000', 'F', 'T2_IT_Legnaro', 'https://cmsweb.cern.ch/dbs/prod/global/DBSReader', 'https://cmsweb.cern.ch/dbs/prod/phys03/DBSWriter', 'F', "['Run3Summer23NanoAODv12.root']", '[]', '[]', 'PrivateMC', 'pythia', '20', '{}', 'F', 'crab-prod-tw01', '[]', '1250', '4', '8000', '10', 'None', '[]', 'http://vocms0144.cern.ch/mon/ffiore/260812_124432:ffiore_crab_VBS_semilep_ZZ_EWK_2023LHEGS_v12', 'run_chain_Run3.sh', "['inputGridpack=/eos/user/f/ffiore/VBS/Gridpacks/ZZ/VBS_ZZ_semilep_el8_amd64_gcc10_CMSSW_12_4_8_tarball.tar.xz', 'nEvents=20', 'nThreads=4']", '[]', 'None', 'crab3@vocms0144.cern.ch', 'F', '[]', 'T', '/store/user/ffiore/', 'F', 'None', 'F', 'None', 'VBS_semilep_ZZ_EWK_2023LHEGS_v12', 'None', '39b51909eb0ce8ea1ba61e6aadd877fb0392e61f45ea9784e405ce621ace9784.tar.gz', '159143620', 'F', '188.185.101.116', '40.0', 'None', '{"partialdataset": false, "requireaccelerator": false, "acceleratorparams": null, "inputblocks": null}', 'None', 'None', 'None', 'None', 'any', 'RUNNING', '2', 'T']}
INFO 2026-08-12 12:52:49.598 UTC: 	 CRAB project directory:		/afs/cern.ch/user/f/ffiore/work/produzione/crab_MC_private/VBS_semilep_ZZ_EWK_2023LHEGS_v12/crab_VBS_semilep_ZZ_EWK_2023LHEGS_v12
INFO 2026-08-12 12:52:49.598 UTC: 	 Task name:			260812_124432:ffiore_crab_VBS_semilep_ZZ_EWK_2023LHEGS_v12
INFO 2026-08-12 12:52:49.598 UTC: 	 Grid scheduler - Task Worker:	crab3@vocms0144.cern.ch - crab-prod-tw01
INFO 2026-08-12 12:52:49.598 UTC: 	 Status on the CRAB server:	SUBMITTED
INFO 2026-08-12 12:52:49.598 UTC: 	 Task URL to use for HELP:	https://cmsweb.cern.ch/crabserver/ui/task/260812_124432%3Affiore_crab_VBS_semilep_ZZ_EWK_2023LHEGS_v12
INFO 2026-08-12 12:52:49.642 UTC: 	 Dashboard monitoring URL:	https://monit-grafana.cern.ch/d/cmsTMDetail/cms-task-monitoring-task-view?orgId=11&var-user=ffiore&var-task=260812_124432%3Affiore_crab_VBS_semilep_ZZ_EWK_2023LHEGS_v12&from=1786535072000&to=now
DEBUG 2026-08-12 12:52:49.642 UTC: 	 The CRAB server submitted your task to the Grid scheduler (cluster ID: 159143620)
DEBUG 2026-08-12 12:52:49.642 UTC: 	 Webdir is located at http://vocms0144.cern.ch/mon/ffiore/260812_124432:ffiore_crab_VBS_semilep_ZZ_EWK_2023LHEGS_v12
DEBUG 2026-08-12 12:52:49.642 UTC: 	 Encoded data for curl request: subresource=webdirprx&workflow=260812_124432%3Affiore_crab_VBS_semilep_ZZ_EWK_2023LHEGS_v12
DEBUG 2026-08-12 12:52:49.725 UTC: 	 Proxied webdir is located at https://cmsweb.cern.ch/scheddmon/0144/ffiore/260812_124432:ffiore_crab_VBS_semilep_ZZ_EWK_2023LHEGS_v12
DEBUG 2026-08-12 12:52:49.726 UTC: 	 Retrieving 'status_cache' file from https://cmsweb.cern.ch/scheddmon/0144/ffiore/260812_124432:ffiore_crab_VBS_semilep_ZZ_EWK_2023LHEGS_v12/status_cache.pkl
DEBUG 2026-08-12 12:52:49.726 UTC: 	 Will execute:
curl -sS --capath /etc/grid-security/certificates --cert /tmp/x509up_u178888 --key /tmp/x509up_u178888 -o /tmp/crab_status-cache-zgaexp49.pkl -w %"{http_code}" "https://cmsweb.cern.ch/scheddmon/0144/ffiore/260812_124432:ffiore_crab_VBS_semilep_ZZ_EWK_2023LHEGS_v12/status_cache.pkl"
DEBUG 2026-08-12 12:52:49.726 UTC: 	 Executing command :
 curl -sS --capath /etc/grid-security/certificates --cert /tmp/x509up_u178888 --key /tmp/x509up_u178888 -o /tmp/crab_status-cache-zgaexp49.pkl -w %"{http_code}" "https://cmsweb.cern.ch/scheddmon/0144/ffiore/260812_124432:ffiore_crab_VBS_semilep_ZZ_EWK_2023LHEGS_v12/status_cache.pkl"
DEBUG 2026-08-12 12:52:49.800 UTC: 	 output : 200
 error: 
 retcode : 0
DEBUG 2026-08-12 12:52:49.800 UTC: 	 exitcode: 0
stdout: 200
stderr: 
error details: 
DEBUG 2026-08-12 12:52:49.801 UTC: 	 Got information from status cache file: {'1': {'Retries': 0, 'Restarts': 0, 'SiteHistory': ['T2_CH_CERN', 'T2_CH_CERN'], 'ResidentSetSize': [59060], 'SubmitTimes': [1786538764.0], 'StartTimes': [1786538817.0], 'EndTimes': [], 'TotalUserCpuTimeHistory': [0.0], 'TotalSysCpuTimeHistory': [0.0], 'WallDurations': [0, 8.0], 'JobIds': ['159143625.0'], 'State': 'running', 'RecordedSite': True}, '2': {'Retries': 0, 'Restarts': 0, 'SiteHistory': ['T2_CH_CERN', 'T2_CH_CERN'], 'ResidentSetSize': [5184], 'SubmitTimes': [1786538764.0], 'StartTimes': [1786538818.0], 'EndTimes': [], 'TotalUserCpuTimeHistory': [0.0], 'TotalSysCpuTimeHistory': [0.0], 'WallDurations': [0, 9.0], 'JobIds': ['159143626.0'], 'State': 'running', 'RecordedSite': True}}
INFO 2026-08-12 12:52:49.801 UTC: 	 Status on the scheduler:	RUNNING
INFO 2026-08-12 12:52:49.801 UTC: 	 
Jobs status:                    running      		100.0% (2/2)
INFO 2026-08-12 12:52:49.801 UTC: 	 
No publication information (publication has been disabled in the CRAB configuration file)
INFO 2026-08-12 12:52:49.823 UTC: 	 Log file is /afs/cern.ch/user/f/ffiore/work/produzione/crab_MC_private/VBS_semilep_ZZ_EWK_2023LHEGS_v12/crab_VBS_semilep_ZZ_EWK_2023LHEGS_v12/crab.log
