DEBUG 2026-09-01 14:44:16.881 UTC: 	 CRAB Client version: v3.260630
DEBUG 2026-09-01 14:44:16.881 UTC: 	 Running on: Linux lxplus813.cern.ch 4.18.0-553.151.1.el8_10.x86_64 #1 SMP Sun Aug 2 20:57:00 EDT 2026 x86_64 x86_64 x86_64 GNU/Linux
DEBUG 2026-09-01 14:44:16.881 UTC: 	 Not using Singularity
DEBUG 2026-09-01 14:44:16.881 UTC: 	 Operating System: Red Hat Enterprise Linux 8.10 (Ootpa)
DEBUG 2026-09-01 14:44:16.881 UTC: 	 Executing command: 'submit'
DEBUG 2026-09-01 14:44:16.881 UTC: 	 Found CRAB cache file /afs/cern.ch/user/f/ffiore/.crab3
INFO 2026-09-01 14:44:16.882 UTC: 	 Will use CRAB configuration file crab_sub_2024.py
DEBUG 2026-09-01 14:44:16.882 UTC: 	 Loading CRAB configuration file.
DEBUG 2026-09-01 14:44:16.883 UTC: 	 Will use CRAB plugin PRIVATEMC (i.e. will run an a MC generation job type).
DEBUG 2026-09-01 14:44:16.892 UTC: 	 Checking credentials
DEBUG 2026-09-01 14:44:16.892 UTC: 	 Found proxy file /tmp/x509up_u178888
DEBUG 2026-09-01 14:44:16.893 UTC: 	 Making sure it has proper VOMS extension
DEBUG 2026-09-01 14:44:16.893 UTC: 	 Executing command :
 voms-proxy-info --vo --file /tmp/x509up_u178888
DEBUG 2026-09-01 14:44:16.921 UTC: 	 output : cms

 error: 
 retcode : 0
DEBUG 2026-09-01 14:44:16.921 UTC: 	 Getting proxy life time left
DEBUG 2026-09-01 14:44:16.921 UTC: 	 Executing command :
 voms-proxy-info --actimeleft --timeleft --file /tmp/x509up_u178888
DEBUG 2026-09-01 14:44:16.944 UTC: 	 output : 604066
604066

 error: 
 retcode : 0
DEBUG 2026-09-01 14:44:16.944 UTC: 	 Proxy valid for 167:47:46 hours
DEBUG 2026-09-01 14:44:16.944 UTC: 	 Encoded data for curl request: subresource=delegatedn
DEBUG 2026-09-01 14:44:17.001 UTC: 	 Registering user credentials on myproxy for /DC=ch/DC=cern/OU=Organic Units/OU=Users/CN=cmscrab/CN=(817881|373708)/CN=Robot: cms crab|/DC=ch/DC=cern/OU=Organic Units/OU=Users/CN=crabint1/CN=373708/CN=Robot: CMS CRAB Integration 1
DEBUG 2026-09-01 14:44:17.002 UTC: 	 Executing command :
 voms-proxy-info --identity --file /tmp/x509up_u178888
DEBUG 2026-09-01 14:44:17.029 UTC: 	 output : /DC=ch/DC=cern/OU=Organic Units/OU=Users/CN=ffiore/CN=883264/CN=Francesca Fiore

 error: 
 retcode : 0
DEBUG 2026-09-01 14:44:17.029 UTC: 	 Getting myproxy life time left for 1108dd7240a979e136768c977b197b9a1dace71c
DEBUG 2026-09-01 14:44:17.029 UTC: 	 Executing command :
 myproxy-info -s myproxy.cern.ch -l 1108dd7240a979e136768c977b197b9a1dace71c
DEBUG 2026-09-01 14:44:17.325 UTC: 	 output : username: 1108dd7240a979e136768c977b197b9a1dace71c
owner: /DC=ch/DC=cern/OU=Organic Units/OU=Users/CN=ffiore/CN=883264/CN=Francesca Fiore
  renewal policy: /DC=ch/DC=cern/OU=Organic Units/OU=Users/CN=cmscrab/CN=(817881|373708)/CN=Robot: cms crab|/DC=ch/DC=cern/OU=Organic Units/OU=Users/CN=crabint1/CN=373708/CN=Robot: CMS CRAB Integration 1
  trusted retrieval policy: /DC=ch/DC=cern/OU=Organic Units/OU=Users/CN=cmscrab/CN=(817881|373708)/CN=Robot: cms crab|/DC=ch/DC=cern/OU=Organic Units/OU=Users/CN=crabint1/CN=373708/CN=Robot: CMS CRAB Integration 1
  timeleft: 719:54:25  (30.0 days)

 error: 
 retcode : 0
DEBUG 2026-09-01 14:44:17.325 UTC: 	 Myproxy is valid: 2591640
DEBUG 2026-09-01 14:44:17.325 UTC: 	 Result of myproxy credential check:
  Credential exists on myproxy: username: 1108dd7240a979e136768c977b197b9a1dace71c  - validity: 29 days, 23:54:00
DEBUG 2026-09-01 14:44:17.325 UTC: 	 Command use: submit
DEBUG 2026-09-01 14:44:17.325 UTC: 	 Options use: ['crab_sub_2024.py']
DEBUG 2026-09-01 14:44:17.326 UTC: 	 Encoded data for curl request: subresource=version
DEBUG 2026-09-01 14:44:17.372 UTC: 	 CRABClient version: v3.260630
DEBUG 2026-09-01 14:44:17.372 UTC: 	 Instance is prod
DEBUG 2026-09-01 14:44:17.372 UTC: 	 Server base url is cmsweb.cern.ch
DEBUG 2026-09-01 14:44:17.372 UTC: 	 Command api workflow
DEBUG 2026-09-01 14:44:17.372 UTC: 	 Started submission
DEBUG 2026-09-01 14:44:17.372 UTC: 	 Working on /afs/cern.ch/user/f/ffiore/work/produzione/crab_MC_private/VBS_semilep_ZZ_EWK_2024_v15/crab_VBS_semilep_ZZ_EWK_2024_v15
DEBUG 2026-09-01 14:44:17.426 UTC: 	 Loading required information from the environment
DEBUG 2026-09-01 14:44:17.426 UTC: 	 Found CMSSW_14_0_19 for el8_amd64_gcc12 with base /afs/cern.ch/user/f/ffiore/work/produzione/crab_MC_private/CMSSW_14_0_19
DEBUG 2026-09-01 14:44:17.426 UTC: 	 UNIQUE NAME: tarUUID 534dc354-98dc-4c3b-92f6-2a415f093ec7 
DEBUG 2026-09-01 14:44:17.426 UTC: 	 self.config: from WMCore.Configuration import Configuration
config = Configuration()
config.section_('General')
config.General.requestName = 'VBS_semilep_ZZ_EWK_2024_v15'
config.General.workArea = 'VBS_semilep_ZZ_EWK_2024_v15'
config.section_('JobType')
config.JobType.inputFiles = ['CMSSW_15_0_2.tar.gz', 'modifyCfg.py', 'copy_gridpack.py', 'get_disk_files.py', 'runners/2024_nAODv15/run_chain_Run3.sh', 'runners/2024_nAODv15/chain_step_0_LHEGS.sh', 'runners/2024_nAODv15/chain_step_1_DRPreMix.sh', 'runners/2024_nAODv15/chain_step_4_MiniAOD.sh', 'runners/2024_nAODv15/chain_step_5_NanoAOD.sh', 'Run3/Summer24_nAODv15/cfg_RunIII2024Summer24DRPremix_0.py', 'Run3/Summer24_nAODv15/cfg_RunIII2024Summer24DRPremix.py', 'Run3/Summer24_nAODv15/cfg_RunIII2024Summer24MiniAODv6.py', 'Run3/Summer24_nAODv15/cfg_RunIII2024Summer24NanoAODv15.py', 'Run3/Summer24_nAODv15/cfg_RunIII2024Summer24wmLHEGS.py']
config.JobType.scriptExe = 'runners/2024_nAODv15/run_chain_Run3.sh'
config.JobType.psetName = 'do_nothing_cfg.py'
config.JobType.scriptArgs = ['inputGridpack=/eos/user/f/ffiore/VBS/Gridpacks/ZZ/VBS_ZZ_semilep_el8_amd64_gcc10_CMSSW_12_4_8_tarball.tar.xz', 'nEvents=20', 'nThreads=4']
config.JobType.disableAutomaticOutputCollection = False
config.JobType.outputFiles = ['RunIII2024Summer24NanoAODv15.root']
config.JobType.numCores = 4
config.JobType.allowUndistributedCMSSW = True
config.JobType.eventsPerLumi = 20
config.JobType.maxMemoryMB = 8000
config.JobType.pluginName = 'PrivateMC'
config.section_('Data')
config.Data.outputPrimaryDataset = 'VBS_semilep_ZZ_EWK_2024_v15'
config.Data.unitsPerJob = 20
config.Data.outLFNDirBase = '/store/user/ffiore/'
config.Data.outputDatasetTag = 'VBS_semilep_ZZ_EWK_2024_v15'
config.Data.publication = False
config.Data.splitting = 'EventBased'
config.Data.totalUnits = 40
config.section_('User')
config.section_('Site')
config.Site.storageSite = 'T2_IT_Legnaro'

DEBUG 2026-09-01 14:44:17.426 UTC: 	 self.config.JobType.psetName: do_nothing_cfg.py
INFO 2026-09-01 14:44:17.426 UTC: 	 Importing CMSSW configuration do_nothing_cfg.py
INFO 2026-09-01 14:44:17.601 UTC: 	 Finished importing CMSSW configuration do_nothing_cfg.py
INFO 2026-09-01 14:44:17.601 UTC: 	 You are requesting more than 1 core per job. Please make sure that your multi-threaded code is thread-safe and CPU-efficient, and request the correct amount of memory since the default 'maxMemoryMB' value is meant for single core jobs.
DEBUG 2026-09-01 14:44:17.601 UTC: 	 Writing CMSSW configuration to /afs/cern.ch/user/f/ffiore/work/produzione/crab_MC_private/VBS_semilep_ZZ_EWK_2024_v15/crab_VBS_semilep_ZZ_EWK_2024_v15/inputs/PSet.py
DEBUG 2026-09-01 14:44:17.610 UTC: 	 The following EDM output files will be collected: []
DEBUG 2026-09-01 14:44:17.610 UTC: 	 The following TFile output files will be collected: []
WARNING 2026-09-01 14:44:17.610 UTC: 	 The following user output files (not listed as PoolOuputModule or TFileService in the CMSSW PSet) will be collected: 'RunIII2024Summer24NanoAODv15.root'
DEBUG 2026-09-01 14:44:17.610 UTC: 	 Loading required information from the environment
DEBUG 2026-09-01 14:44:17.610 UTC: 	 Found CMSSW_14_0_19 for el8_amd64_gcc12 with base /afs/cern.ch/user/f/ffiore/work/produzione/crab_MC_private/CMSSW_14_0_19
DEBUG 2026-09-01 14:44:17.610 UTC: 	 Making tarball in /afs/cern.ch/user/f/ffiore/work/produzione/crab_MC_private/VBS_semilep_ZZ_EWK_2024_v15/crab_VBS_semilep_ZZ_EWK_2024_v15/inputs/534dc354-98dc-4c3b-92f6-2a415f093ec7default.tgz
DEBUG 2026-09-01 14:44:17.611 UTC: 	 Checking directory /afs/cern.ch/user/f/ffiore/work/produzione/crab_MC_private/CMSSW_14_0_19/bin
DEBUG 2026-09-01 14:44:17.611 UTC: 	 Adding directory /afs/cern.ch/user/f/ffiore/work/produzione/crab_MC_private/CMSSW_14_0_19/bin to tarball
DEBUG 2026-09-01 14:44:17.614 UTC: 	 Checking directory /afs/cern.ch/user/f/ffiore/work/produzione/crab_MC_private/CMSSW_14_0_19/python
DEBUG 2026-09-01 14:44:17.614 UTC: 	 Adding directory /afs/cern.ch/user/f/ffiore/work/produzione/crab_MC_private/CMSSW_14_0_19/python to tarball
DEBUG 2026-09-01 14:44:17.615 UTC: 	 Checking directory /afs/cern.ch/user/f/ffiore/work/produzione/crab_MC_private/CMSSW_14_0_19/cfipython
DEBUG 2026-09-01 14:44:17.615 UTC: 	 Adding directory /afs/cern.ch/user/f/ffiore/work/produzione/crab_MC_private/CMSSW_14_0_19/cfipython to tarball
DEBUG 2026-09-01 14:44:17.616 UTC: 	 Checking directory /afs/cern.ch/user/f/ffiore/work/produzione/crab_MC_private/CMSSW_14_0_19/lib
DEBUG 2026-09-01 14:44:17.616 UTC: 	 Adding directory /afs/cern.ch/user/f/ffiore/work/produzione/crab_MC_private/CMSSW_14_0_19/lib to tarball
DEBUG 2026-09-01 14:44:17.617 UTC: 	 Checking directory /afs/cern.ch/user/f/ffiore/work/produzione/crab_MC_private/CMSSW_14_0_19/biglib
DEBUG 2026-09-01 14:44:17.617 UTC: 	 Adding directory /afs/cern.ch/user/f/ffiore/work/produzione/crab_MC_private/CMSSW_14_0_19/biglib to tarball
DEBUG 2026-09-01 14:44:17.617 UTC: 	 Checking directory /afs/cern.ch/user/f/ffiore/work/produzione/crab_MC_private/CMSSW_14_0_19/module
DEBUG 2026-09-01 14:44:17.617 UTC: 	 Checking directory /afs/cern.ch/user/f/ffiore/work/produzione/crab_MC_private/CMSSW_14_0_19/config/SCRAM/hooks
DEBUG 2026-09-01 14:44:17.617 UTC: 	 Adding directory /afs/cern.ch/user/f/ffiore/work/produzione/crab_MC_private/CMSSW_14_0_19/config/SCRAM/hooks to tarball
DEBUG 2026-09-01 14:44:17.622 UTC: 	 Adding file CMSSW_15_0_2.tar.gz to tarball
DEBUG 2026-09-01 14:44:17.623 UTC: 	 Adding file modifyCfg.py to tarball
DEBUG 2026-09-01 14:44:17.624 UTC: 	 Adding file copy_gridpack.py to tarball
DEBUG 2026-09-01 14:44:17.624 UTC: 	 Adding file get_disk_files.py to tarball
DEBUG 2026-09-01 14:44:17.624 UTC: 	 Adding file runners/2024_nAODv15/run_chain_Run3.sh to tarball
DEBUG 2026-09-01 14:44:17.625 UTC: 	 Adding file runners/2024_nAODv15/chain_step_0_LHEGS.sh to tarball
DEBUG 2026-09-01 14:44:17.625 UTC: 	 Adding file runners/2024_nAODv15/chain_step_1_DRPreMix.sh to tarball
DEBUG 2026-09-01 14:44:17.625 UTC: 	 Adding file runners/2024_nAODv15/chain_step_4_MiniAOD.sh to tarball
DEBUG 2026-09-01 14:44:17.625 UTC: 	 Adding file runners/2024_nAODv15/chain_step_5_NanoAOD.sh to tarball
DEBUG 2026-09-01 14:44:17.626 UTC: 	 Adding file Run3/Summer24_nAODv15/cfg_RunIII2024Summer24DRPremix_0.py to tarball
DEBUG 2026-09-01 14:44:24.312 UTC: 	 Adding file Run3/Summer24_nAODv15/cfg_RunIII2024Summer24DRPremix.py to tarball
DEBUG 2026-09-01 14:44:24.313 UTC: 	 Adding file Run3/Summer24_nAODv15/cfg_RunIII2024Summer24MiniAODv6.py to tarball
DEBUG 2026-09-01 14:44:24.387 UTC: 	 Adding file Run3/Summer24_nAODv15/cfg_RunIII2024Summer24NanoAODv15.py to tarball
DEBUG 2026-09-01 14:44:24.387 UTC: 	 Adding file Run3/Summer24_nAODv15/cfg_RunIII2024Summer24wmLHEGS.py to tarball
DEBUG 2026-09-01 14:44:25.109 UTC: 	 Uploading archive /afs/cern.ch/user/f/ffiore/work/produzione/crab_MC_private/VBS_semilep_ZZ_EWK_2024_v15/crab_VBS_semilep_ZZ_EWK_2024_v15/inputs/534dc354-98dc-4c3b-92f6-2a415f093ec7default.tgz (9.666016.1 MB) to the CRAB cache.
DEBUG 2026-09-01 14:44:27.915 UTC: 	 Encoded data for curl request: subresource=upload&objecttype=sandbox&tarballname=327bd52f595f48c090078a053cc387f51dc21d47f20d04959cb8ce4f1e43640d.tar.gz
DEBUG 2026-09-01 14:44:27.980 UTC: 	 Will execute:
curl -f -v -X POST  -H "User-Agent: CRAB" -F "key=ffiore/sandboxes/327bd52f595f48c090078a053cc387f51dc21d47f20d04959cb8ce4f1e43640d.tar.gz" -F "AWSAccessKeyId=715203df6482458ba839e73e6dab634b" -F "policy=eyJleHBpcmF0aW9uIjogIjIwMjYtMDktMDFUMTU6NDQ6MjdaIiwgImNvbmRpdGlvbnMiOiBbeyJidWNrZXQiOiAiY3JhYmNhY2hlX3Byb2QifSwgeyJrZXkiOiAiZmZpb3JlL3NhbmRib3hlcy8zMjdiZDUyZjU5NWY0OGMwOTAwNzhhMDUzY2MzODdmNTFkYzIxZDQ3ZjIwZDA0OTU5Y2I4Y2U0ZjFlNDM2NDBkLnRhci5neiJ9XX0=" -F "signature=VaVxqSAVxZ6svu01b5Oxt0K2lAM=" -F "file=@/afs/cern.ch/user/f/ffiore/work/produzione/crab_MC_private/VBS_semilep_ZZ_EWK_2024_v15/crab_VBS_semilep_ZZ_EWK_2024_v15/inputs/534dc354-98dc-4c3b-92f6-2a415f093ec7default.tgz" "https://s3.cern.ch/crabcache_prod"
DEBUG 2026-09-01 14:44:29.166 UTC: 	 exitcode: 0
stdout: b''
DEBUG 2026-09-01 14:44:29.166 UTC: 	 upload to S3 of sandbox /afs/cern.ch/user/f/ffiore/work/produzione/crab_MC_private/VBS_semilep_ZZ_EWK_2024_v15/crab_VBS_semilep_ZZ_EWK_2024_v15/inputs/534dc354-98dc-4c3b-92f6-2a415f093ec7default.tgz completed
DEBUG 2026-09-01 14:44:29.166 UTC: 	 make sure that object is ready for retrieve
DEBUG 2026-09-01 14:44:30.168 UTC: 	 Encoded data for curl request: subresource=download&objecttype=sandbox&tarballname=327bd52f595f48c090078a053cc387f51dc21d47f20d04959cb8ce4f1e43640d.tar.gz&clientmethod=head_object
DEBUG 2026-09-01 14:44:30.215 UTC: 	 PreSignedUrl to download sandbox received OK
DEBUG 2026-09-01 14:44:30.220 UTC: 	 Will execute:
 curl -v -s -f -o /dev/null --head  "https://s3.cern.ch/crabcache_prod/ffiore/sandboxes/327bd52f595f48c090078a053cc387f51dc21d47f20d04959cb8ce4f1e43640d.tar.gz?AWSAccessKeyId=715203df6482458ba839e73e6dab634b&Signature=qSH3QkieWldbr6RHKYM8m6wUAPI%3D&Expires=1788277470"
DEBUG 2026-09-01 14:44:30.255 UTC: 	 exitcode: 0
stdout: b''
DEBUG 2026-09-01 14:44:30.255 UTC: 	 sandbox /afs/cern.ch/user/f/ffiore/work/produzione/crab_MC_private/VBS_semilep_ZZ_EWK_2024_v15/crab_VBS_semilep_ZZ_EWK_2024_v15/inputs/534dc354-98dc-4c3b-92f6-2a415f093ec7default.tgz successfully uploaded to S3
DEBUG 2026-09-01 14:44:30.255 UTC: 	 Loading required information from the environment
DEBUG 2026-09-01 14:44:30.256 UTC: 	 Found CMSSW_14_0_19 for el8_amd64_gcc12 with base /afs/cern.ch/user/f/ffiore/work/produzione/crab_MC_private/CMSSW_14_0_19
DEBUG 2026-09-01 14:44:30.256 UTC: 	 Making tarball in /afs/cern.ch/user/f/ffiore/work/produzione/crab_MC_private/VBS_semilep_ZZ_EWK_2024_v15/crab_VBS_semilep_ZZ_EWK_2024_v15/inputs/debugFiles.tgz
DEBUG 2026-09-01 14:44:30.261 UTC: 	 Uploading archive /afs/cern.ch/user/f/ffiore/work/produzione/crab_MC_private/VBS_semilep_ZZ_EWK_2024_v15/crab_VBS_semilep_ZZ_EWK_2024_v15/inputs/debugFiles.tgz (1 KB) to the CRAB cache.
DEBUG 2026-09-01 14:44:30.264 UTC: 	 Encoded data for curl request: subresource=upload&objecttype=sandbox&tarballname=94a8f19f1e3b9ef3cc8dadb1c94796add14982c3c24a1b0d73813a0222aa640c.tar.gz
DEBUG 2026-09-01 14:44:30.322 UTC: 	 Will execute:
curl -f -v -X POST  -H "User-Agent: CRAB" -F "key=ffiore/sandboxes/94a8f19f1e3b9ef3cc8dadb1c94796add14982c3c24a1b0d73813a0222aa640c.tar.gz" -F "AWSAccessKeyId=715203df6482458ba839e73e6dab634b" -F "policy=eyJleHBpcmF0aW9uIjogIjIwMjYtMDktMDFUMTU6NDQ6MzBaIiwgImNvbmRpdGlvbnMiOiBbeyJidWNrZXQiOiAiY3JhYmNhY2hlX3Byb2QifSwgeyJrZXkiOiAiZmZpb3JlL3NhbmRib3hlcy85NGE4ZjE5ZjFlM2I5ZWYzY2M4ZGFkYjFjOTQ3OTZhZGQxNDk4MmMzYzI0YTFiMGQ3MzgxM2EwMjIyYWE2NDBjLnRhci5neiJ9XX0=" -F "signature=bquSTrQdEytaSkA2lHJ4xglBN5U=" -F "file=@/afs/cern.ch/user/f/ffiore/work/produzione/crab_MC_private/VBS_semilep_ZZ_EWK_2024_v15/crab_VBS_semilep_ZZ_EWK_2024_v15/inputs/debugFiles.tgz" "https://s3.cern.ch/crabcache_prod"
DEBUG 2026-09-01 14:44:30.483 UTC: 	 exitcode: 0
stdout: b''
DEBUG 2026-09-01 14:44:30.483 UTC: 	 upload to S3 of sandbox /afs/cern.ch/user/f/ffiore/work/produzione/crab_MC_private/VBS_semilep_ZZ_EWK_2024_v15/crab_VBS_semilep_ZZ_EWK_2024_v15/inputs/debugFiles.tgz completed
DEBUG 2026-09-01 14:44:30.483 UTC: 	 make sure that object is ready for retrieve
DEBUG 2026-09-01 14:44:31.485 UTC: 	 Encoded data for curl request: subresource=download&objecttype=sandbox&tarballname=94a8f19f1e3b9ef3cc8dadb1c94796add14982c3c24a1b0d73813a0222aa640c.tar.gz&clientmethod=head_object
DEBUG 2026-09-01 14:44:31.532 UTC: 	 PreSignedUrl to download sandbox received OK
DEBUG 2026-09-01 14:44:31.535 UTC: 	 Will execute:
 curl -v -s -f -o /dev/null --head  "https://s3.cern.ch/crabcache_prod/ffiore/sandboxes/94a8f19f1e3b9ef3cc8dadb1c94796add14982c3c24a1b0d73813a0222aa640c.tar.gz?AWSAccessKeyId=715203df6482458ba839e73e6dab634b&Signature=FLKahn3dbO0aoKuYSk9ic1uw%2FPo%3D&Expires=1788277471"
DEBUG 2026-09-01 14:44:31.570 UTC: 	 exitcode: 0
stdout: b''
DEBUG 2026-09-01 14:44:31.570 UTC: 	 sandbox /afs/cern.ch/user/f/ffiore/work/produzione/crab_MC_private/VBS_semilep_ZZ_EWK_2024_v15/crab_VBS_semilep_ZZ_EWK_2024_v15/inputs/debugFiles.tgz successfully uploaded to S3
DEBUG 2026-09-01 14:44:31.570 UTC: 	 Result uploading input files: 327bd52f595f48c090078a053cc387f51dc21d47f20d04959cb8ce4f1e43640d.tar.gz 
DEBUG 2026-09-01 14:44:31.571 UTC: 	 submit() - self.configuration from WMCore.Configuration import Configuration
config = Configuration()
config.section_('General')
config.General.requestName = 'VBS_semilep_ZZ_EWK_2024_v15'
config.General.workArea = 'VBS_semilep_ZZ_EWK_2024_v15'
config.section_('JobType')
config.JobType.inputFiles = ['CMSSW_15_0_2.tar.gz', 'modifyCfg.py', 'copy_gridpack.py', 'get_disk_files.py', 'runners/2024_nAODv15/run_chain_Run3.sh', 'runners/2024_nAODv15/chain_step_0_LHEGS.sh', 'runners/2024_nAODv15/chain_step_1_DRPreMix.sh', 'runners/2024_nAODv15/chain_step_4_MiniAOD.sh', 'runners/2024_nAODv15/chain_step_5_NanoAOD.sh', 'Run3/Summer24_nAODv15/cfg_RunIII2024Summer24DRPremix_0.py', 'Run3/Summer24_nAODv15/cfg_RunIII2024Summer24DRPremix.py', 'Run3/Summer24_nAODv15/cfg_RunIII2024Summer24MiniAODv6.py', 'Run3/Summer24_nAODv15/cfg_RunIII2024Summer24NanoAODv15.py', 'Run3/Summer24_nAODv15/cfg_RunIII2024Summer24wmLHEGS.py']
config.JobType.scriptExe = 'runners/2024_nAODv15/run_chain_Run3.sh'
config.JobType.psetName = 'do_nothing_cfg.py'
config.JobType.scriptArgs = ['inputGridpack=/eos/user/f/ffiore/VBS/Gridpacks/ZZ/VBS_ZZ_semilep_el8_amd64_gcc10_CMSSW_12_4_8_tarball.tar.xz', 'nEvents=20', 'nThreads=4']
config.JobType.disableAutomaticOutputCollection = False
config.JobType.outputFiles = ['RunIII2024Summer24NanoAODv15.root']
config.JobType.numCores = 4
config.JobType.allowUndistributedCMSSW = True
config.JobType.eventsPerLumi = 20
config.JobType.maxMemoryMB = 8000
config.JobType.pluginName = 'PrivateMC'
config.section_('Data')
config.Data.outputPrimaryDataset = 'VBS_semilep_ZZ_EWK_2024_v15'
config.Data.unitsPerJob = 20
config.Data.outLFNDirBase = '/store/user/ffiore/'
config.Data.outputDatasetTag = 'VBS_semilep_ZZ_EWK_2024_v15'
config.Data.publication = False
config.Data.splitting = 'EventBased'
config.Data.totalUnits = 40
config.section_('User')
config.section_('Site')
config.Site.storageSite = 'T2_IT_Legnaro'

DEBUG 2026-09-01 14:44:31.571 UTC: 	 submit() - self.configreq {'dryrun': 0, 'workflow': 'crab_VBS_semilep_ZZ_EWK_2024_v15', 'saveoutput': 1, 'savelogsflag': 0, 'primarydataset': 'VBS_semilep_ZZ_EWK_2024_v15', 'nonvaliddata': 0, 'userfiles': [], 'dbsurl': 'https://cmsweb.cern.ch/dbs/prod/global/DBSReader', 'useparent': 0, 'ignorelocality': 0, 'splitalgo': 'EventBased', 'algoargs': 20, 'totalunits': 40, 'lfn': '/store/user/ffiore/', 'publication': 0, 'publishdbsurl': 'https://cmsweb.cern.ch/dbs/prod/phys03/DBSWriter', 'publishname2': 'VBS_semilep_ZZ_EWK_2024_v15', 'jobtype': 'PrivateMC', 'generator': 'pythia', 'addoutputfiles': ['RunIII2024Summer24NanoAODv15.root'], 'maxjobruntime': 1250, 'numcores': 4, 'maxmemory': 8000, 'priority': 10, 'nonprodsw': 1, 'scriptexe': 'run_chain_Run3.sh', 'scriptargs': ['inputGridpack=/eos/user/f/ffiore/VBS/Gridpacks/ZZ/VBS_ZZ_semilep_el8_amd64_gcc10_CMSSW_12_4_8_tarball.tar.xz', 'nEvents=20', 'nThreads=4'], 'asyncdest': 'T2_IT_Legnaro', 'requireaccelerator': 0, 'oneEventMode': 0, 'extrajdl': [], 'ignoreglobalblacklist': 0, 'partialdataset': 0, 'inputblocks': [], 'eventsperlumi': 20}
DEBUG 2026-09-01 14:44:31.571 UTC: 	 submit() - jobconfig {'addoutputfiles': ['RunIII2024Summer24NanoAODv15.root'], 'tfileoutfiles': [], 'edmoutfiles': [], 'jobarch': 'el8_amd64_gcc12', 'jobminuarch': 'any', 'jobsw': 'CMSSW_14_0_19', 'cachefilename': '327bd52f595f48c090078a053cc387f51dc21d47f20d04959cb8ce4f1e43640d.tar.gz', 'debugfilename': '94a8f19f1e3b9ef3cc8dadb1c94796add14982c3c24a1b0d73813a0222aa640c.tar.gz', 'jobtype': 'PrivateMC', 'primarydataset': 'VBS_semilep_ZZ_EWK_2024_v15'}
INFO 2026-09-01 14:44:31.571 UTC: 	 Sending the request to the server at cmsweb.cern.ch
DEBUG 2026-09-01 14:44:31.571 UTC: 	 Submitting {'dryrun': 0, 'workflow': 'crab_VBS_semilep_ZZ_EWK_2024_v15', 'saveoutput': 1, 'savelogsflag': 0, 'primarydataset': 'VBS_semilep_ZZ_EWK_2024_v15', 'nonvaliddata': 0, 'userfiles': [], 'dbsurl': 'https://cmsweb.cern.ch/dbs/prod/global/DBSReader', 'useparent': 0, 'ignorelocality': 0, 'splitalgo': 'EventBased', 'algoargs': 20, 'totalunits': 40, 'lfn': '/store/user/ffiore/', 'publication': 0, 'publishdbsurl': 'https://cmsweb.cern.ch/dbs/prod/phys03/DBSWriter', 'publishname2': 'VBS_semilep_ZZ_EWK_2024_v15', 'jobtype': 'PrivateMC', 'generator': 'pythia', 'addoutputfiles': ['RunIII2024Summer24NanoAODv15.root'], 'maxjobruntime': 1250, 'numcores': 4, 'maxmemory': 8000, 'priority': 10, 'nonprodsw': 1, 'scriptexe': 'run_chain_Run3.sh', 'scriptargs': ['inputGridpack=/eos/user/f/ffiore/VBS/Gridpacks/ZZ/VBS_ZZ_semilep_el8_amd64_gcc10_CMSSW_12_4_8_tarball.tar.xz', 'nEvents=20', 'nThreads=4'], 'asyncdest': 'T2_IT_Legnaro', 'requireaccelerator': 0, 'oneEventMode': 0, 'extrajdl': [], 'ignoreglobalblacklist': 0, 'partialdataset': 0, 'inputblocks': [], 'eventsperlumi': 20, 'tfileoutfiles': [], 'edmoutfiles': [], 'jobarch': 'el8_amd64_gcc12', 'jobminuarch': 'any', 'jobsw': 'CMSSW_14_0_19', 'cachefilename': '327bd52f595f48c090078a053cc387f51dc21d47f20d04959cb8ce4f1e43640d.tar.gz', 'debugfilename': '94a8f19f1e3b9ef3cc8dadb1c94796add14982c3c24a1b0d73813a0222aa640c.tar.gz'} 
DEBUG 2026-09-01 14:44:31.571 UTC: 	 Encoded data for curl request: dryrun=0&workflow=crab_VBS_semilep_ZZ_EWK_2024_v15&saveoutput=1&savelogsflag=0&primarydataset=VBS_semilep_ZZ_EWK_2024_v15&nonvaliddata=0&dbsurl=https%3A%2F%2Fcmsweb.cern.ch%2Fdbs%2Fprod%2Fglobal%2FDBSReader&useparent=0&ignorelocality=0&splitalgo=EventBased&algoargs=20&totalunits=40&lfn=%2Fstore%2Fuser%2Fffiore%2F&publication=0&publishdbsurl=https%3A%2F%2Fcmsweb.cern.ch%2Fdbs%2Fprod%2Fphys03%2FDBSWriter&publishname2=VBS_semilep_ZZ_EWK_2024_v15&jobtype=PrivateMC&generator=pythia&maxjobruntime=1250&numcores=4&maxmemory=8000&priority=10&nonprodsw=1&scriptexe=run_chain_Run3.sh&asyncdest=T2_IT_Legnaro&requireaccelerator=0&oneEventMode=0&ignoreglobalblacklist=0&partialdataset=0&eventsperlumi=20&jobarch=el8_amd64_gcc12&jobminuarch=any&jobsw=CMSSW_14_0_19&cachefilename=327bd52f595f48c090078a053cc387f51dc21d47f20d04959cb8ce4f1e43640d.tar.gz&debugfilename=94a8f19f1e3b9ef3cc8dadb1c94796add14982c3c24a1b0d73813a0222aa640c.tar.gz&addoutputfiles=RunIII2024Summer24NanoAODv15.root&scriptargs=inputGridpack%3D/eos/user/f/ffiore/VBS/Gridpacks/ZZ/VBS_ZZ_semilep_el8_amd64_gcc10_CMSSW_12_4_8_tarball.tar.xz&scriptargs=nEvents%3D20&scriptargs=nThreads%3D4
DEBUG 2026-09-01 14:44:31.625 UTC: 	 Result: {'result': [{'RequestName': '260901_144431:ffiore_crab_VBS_semilep_ZZ_EWK_2024_v15'}]}
INFO 2026-09-01 14:44:31.628 UTC: 	 Success: Your task has been delivered to the prod CRAB3 server.
INFO 2026-09-01 14:44:31.628 UTC: 	 Task name: 260901_144431:ffiore_crab_VBS_semilep_ZZ_EWK_2024_v15
INFO 2026-09-01 14:44:31.628 UTC: 	 Project dir: VBS_semilep_ZZ_EWK_2024_v15/crab_VBS_semilep_ZZ_EWK_2024_v15
INFO 2026-09-01 14:44:31.628 UTC: 	 Please use ' crab status -d VBS_semilep_ZZ_EWK_2024_v15/crab_VBS_semilep_ZZ_EWK_2024_v15 ' to check how the submission process proceeds.
DEBUG 2026-09-01 14:44:31.628 UTC: 	 About to return
INFO 2026-09-01 14:44:31.634 UTC: 	 Log file is /afs/cern.ch/user/f/ffiore/work/produzione/crab_MC_private/VBS_semilep_ZZ_EWK_2024_v15/crab_VBS_semilep_ZZ_EWK_2024_v15/crab.log
DEBUG 2026-09-01 14:45:01.303 UTC: 	 CRAB Client version: v3.260630
DEBUG 2026-09-01 14:45:01.303 UTC: 	 Running on: Linux lxplus813.cern.ch 4.18.0-553.151.1.el8_10.x86_64 #1 SMP Sun Aug 2 20:57:00 EDT 2026 x86_64 x86_64 x86_64 GNU/Linux
DEBUG 2026-09-01 14:45:01.303 UTC: 	 Not using Singularity
DEBUG 2026-09-01 14:45:01.303 UTC: 	 Operating System: Red Hat Enterprise Linux 8.10 (Ootpa)
DEBUG 2026-09-01 14:45:01.303 UTC: 	 Executing command: 'status'
DEBUG 2026-09-01 14:45:01.303 UTC: 	 Found CRAB cache file /afs/cern.ch/user/f/ffiore/.crab3
DEBUG 2026-09-01 14:45:01.309 UTC: 	 Checking credentials
DEBUG 2026-09-01 14:45:01.310 UTC: 	 Found proxy file /tmp/x509up_u178888
DEBUG 2026-09-01 14:45:01.310 UTC: 	 Making sure it has proper VOMS extension
DEBUG 2026-09-01 14:45:01.310 UTC: 	 Executing command :
 voms-proxy-info --vo --file /tmp/x509up_u178888
DEBUG 2026-09-01 14:45:01.345 UTC: 	 output : cms

 error: 
 retcode : 0
DEBUG 2026-09-01 14:45:01.345 UTC: 	 Getting proxy life time left
DEBUG 2026-09-01 14:45:01.345 UTC: 	 Executing command :
 voms-proxy-info --actimeleft --timeleft --file /tmp/x509up_u178888
DEBUG 2026-09-01 14:45:01.373 UTC: 	 output : 604021
604021

 error: 
 retcode : 0
DEBUG 2026-09-01 14:45:01.374 UTC: 	 Proxy valid for 167:47:01 hours
DEBUG 2026-09-01 14:45:01.374 UTC: 	 Encoded data for curl request: subresource=delegatedn
DEBUG 2026-09-01 14:45:01.420 UTC: 	 Registering user credentials on myproxy for /DC=ch/DC=cern/OU=Organic Units/OU=Users/CN=cmscrab/CN=(817881|373708)/CN=Robot: cms crab|/DC=ch/DC=cern/OU=Organic Units/OU=Users/CN=crabint1/CN=373708/CN=Robot: CMS CRAB Integration 1
DEBUG 2026-09-01 14:45:01.420 UTC: 	 Executing command :
 voms-proxy-info --identity --file /tmp/x509up_u178888
DEBUG 2026-09-01 14:45:01.444 UTC: 	 output : /DC=ch/DC=cern/OU=Organic Units/OU=Users/CN=ffiore/CN=883264/CN=Francesca Fiore

 error: 
 retcode : 0
DEBUG 2026-09-01 14:45:01.444 UTC: 	 Getting myproxy life time left for 1108dd7240a979e136768c977b197b9a1dace71c
DEBUG 2026-09-01 14:45:01.444 UTC: 	 Executing command :
 myproxy-info -s myproxy.cern.ch -l 1108dd7240a979e136768c977b197b9a1dace71c
DEBUG 2026-09-01 14:45:01.739 UTC: 	 output : username: 1108dd7240a979e136768c977b197b9a1dace71c
owner: /DC=ch/DC=cern/OU=Organic Units/OU=Users/CN=ffiore/CN=883264/CN=Francesca Fiore
  renewal policy: /DC=ch/DC=cern/OU=Organic Units/OU=Users/CN=cmscrab/CN=(817881|373708)/CN=Robot: cms crab|/DC=ch/DC=cern/OU=Organic Units/OU=Users/CN=crabint1/CN=373708/CN=Robot: CMS CRAB Integration 1
  trusted retrieval policy: /DC=ch/DC=cern/OU=Organic Units/OU=Users/CN=cmscrab/CN=(817881|373708)/CN=Robot: cms crab|/DC=ch/DC=cern/OU=Organic Units/OU=Users/CN=crabint1/CN=373708/CN=Robot: CMS CRAB Integration 1
  timeleft: 719:53:41  (30.0 days)

 error: 
 retcode : 0
DEBUG 2026-09-01 14:45:01.739 UTC: 	 Myproxy is valid: 2591580
DEBUG 2026-09-01 14:45:01.739 UTC: 	 Result of myproxy credential check:
  Credential exists on myproxy: username: 1108dd7240a979e136768c977b197b9a1dace71c  - validity: 29 days, 23:53:00
DEBUG 2026-09-01 14:45:01.739 UTC: 	 Retrieving username ...
DEBUG 2026-09-01 14:45:01.739 UTC: 	 Retrieving username from CRIC...
DEBUG 2026-09-01 14:45:02.527 UTC: 	 username is ffiore
INFO 2026-09-01 14:45:04.502 UTC: 	 Rucio client intialized for account ffiore
DEBUG 2026-09-01 14:45:04.503 UTC: 	 Command use: status
DEBUG 2026-09-01 14:45:04.503 UTC: 	 Options use: ['-d', 'VBS_semilep_ZZ_EWK_2024_v15/crab_VBS_semilep_ZZ_EWK_2024_v15']
DEBUG 2026-09-01 14:45:04.503 UTC: 	 Encoded data for curl request: subresource=version
DEBUG 2026-09-01 14:45:04.550 UTC: 	 CRABClient version: v3.260630
DEBUG 2026-09-01 14:45:04.550 UTC: 	 Instance is prod
DEBUG 2026-09-01 14:45:04.550 UTC: 	 Server base url is cmsweb.cern.ch
DEBUG 2026-09-01 14:45:04.550 UTC: 	 Command api workflow
DEBUG 2026-09-01 14:45:04.551 UTC: 	 Encoded data for curl request: subresource=search&workflow=260901_144431%3Affiore_crab_VBS_semilep_ZZ_EWK_2024_v15
DEBUG 2026-09-01 14:45:04.603 UTC: 	 Got information from server oracle database: {'desc': {'columns': ['tm_taskname', 'tm_activity', 'tm_task_status', 'tm_task_command', 'tm_start_time', 'tm_start_injection', 'tm_end_injection', 'tm_task_failure', 'tm_job_sw', 'tm_job_arch', 'tm_input_dataset', 'tm_nonvalid_input_dataset', 'tm_use_parent', 'tm_site_whitelist', 'tm_site_blacklist', 'tm_split_algo', 'tm_split_args', 'tm_user_sandbox', 'tm_cache_url', 'tm_username', 'tm_user_dn', 'tm_user_vo', 'tm_user_role', 'tm_user_group', 'tm_publish_name', 'tm_publish_groupname', 'tm_asyncdest', 'tm_dbs_url', 'tm_publish_dbs_url', 'tm_publication', 'tm_outfiles', 'tm_tfile_outfiles', 'tm_edm_outfiles', 'tm_job_type', 'tm_generator', 'tm_events_per_lumi', 'tm_arguments', 'tm_save_logs', 'tw_name', 'tm_user_infiles', 'tm_maxjobruntime', 'tm_numcores', 'tm_maxmemory', 'tm_priority', 'tm_output_dataset', 'tm_task_warnings', 'tm_user_webdir', 'tm_scriptexe', 'tm_scriptargs', 'tm_extrajdl', 'tm_collector', 'tm_schedd', 'tm_dry_run', 'tm_user_files', 'tm_transfer_outputs', 'tm_output_lfn', 'tm_ignore_locality', 'tm_fail_limit', 'tm_one_event_mode', 'tm_secondary_input_dataset', 'tm_primary_dataset', 'tm_last_publication', 'tm_debug_files', 'clusterid', 'tm_ignore_global_blacklist', 'tm_submitter_ip_addr', 'tm_totalunits', 'tm_ddm_reqid', 'tm_user_config', 'tm_transfer_container', 'tm_transfer_rule', 'tm_publish_rule', 'tm_multipub_rule', 'tm_job_min_microarch', 'tm_dagman_status', 'tm_num_jobs', 'tm_uploaded']}, 'result': ['260901_144431:ffiore_crab_VBS_semilep_ZZ_EWK_2024_v15', 'None', 'QUEUED', 'SUBMIT', '2026-09-01 14:44:31.616930', 'None', 'None', 'None', 'CMSSW_14_0_19', 'el8_amd64_gcc12', 'None', 'F', '0', '[]', '[]', 'EventBased', "{'halt_job_on_file_boundaries': False, 'splitOnRun': False, 'events_per_job': 20, 'runs': [], 'lumis': []}", '327bd52f595f48c090078a053cc387f51dc21d47f20d04959cb8ce4f1e43640d.tar.gz', 'S3/crabcache_prod', 'ffiore', '/DC=ch/DC=cern/OU=Organic Units/OU=Users/CN=ffiore/CN=883264/CN=Francesca Fiore', 'cms', 'None', 'None', 'VBS_semilep_ZZ_EWK_2024_v15-00000000000000000000000000000000', 'F', 'T2_IT_Legnaro', 'https://cmsweb.cern.ch/dbs/prod/global/DBSReader', 'https://cmsweb.cern.ch/dbs/prod/phys03/DBSWriter', 'F', "['RunIII2024Summer24NanoAODv15.root']", '[]', '[]', 'PrivateMC', 'pythia', '20', '{}', 'F', 'crab-prod-tw01', '[]', '1250', '4', '8000', '10', 'None', '[]', 'None', 'run_chain_Run3.sh', "['inputGridpack=/eos/user/f/ffiore/VBS/Gridpacks/ZZ/VBS_ZZ_semilep_el8_amd64_gcc10_CMSSW_12_4_8_tarball.tar.xz', 'nEvents=20', 'nThreads=4']", '[]', 'None', 'None', 'F', '[]', 'T', '/store/user/ffiore/', 'F', 'None', 'F', 'None', 'VBS_semilep_ZZ_EWK_2024_v15', 'None', '94a8f19f1e3b9ef3cc8dadb1c94796add14982c3c24a1b0d73813a0222aa640c.tar.gz', 'None', 'F', '188.184.75.82', '40.0', 'None', '{"partialdataset": false, "requireaccelerator": false, "acceleratorparams": null, "inputblocks": null}', 'None', 'None', 'None', 'None', 'any', 'NOT_READY', '2', 'F']}
INFO 2026-09-01 14:45:04.603 UTC: 	 CRAB project directory:		/afs/cern.ch/user/f/ffiore/work/produzione/crab_MC_private/VBS_semilep_ZZ_EWK_2024_v15/crab_VBS_semilep_ZZ_EWK_2024_v15
INFO 2026-09-01 14:45:04.603 UTC: 	 Task name:			260901_144431:ffiore_crab_VBS_semilep_ZZ_EWK_2024_v15
INFO 2026-09-01 14:45:04.603 UTC: 	 Grid scheduler - Task Worker:	N/A yet - crab-prod-tw01
INFO 2026-09-01 14:45:04.603 UTC: 	 Status on the CRAB server:	QUEUED on command SUBMIT
INFO 2026-09-01 14:45:04.603 UTC: 	 Task URL to use for HELP:	https://cmsweb.cern.ch/crabserver/ui/task/260901_144431%3Affiore_crab_VBS_semilep_ZZ_EWK_2024_v15
INFO 2026-09-01 14:45:04.614 UTC: 	 Dashboard monitoring URL:	https://monit-grafana.cern.ch/d/cmsTMDetail/cms-task-monitoring-task-view?orgId=11&var-user=ffiore&var-task=260901_144431%3Affiore_crab_VBS_semilep_ZZ_EWK_2024_v15&from=1788270271000&to=now
DEBUG 2026-09-01 14:45:04.615 UTC: 	 The task has not been submitted to the Grid scheduler yet. Not printing job information.
INFO 2026-09-01 14:45:04.617 UTC: 	 Log file is /afs/cern.ch/user/f/ffiore/work/produzione/crab_MC_private/VBS_semilep_ZZ_EWK_2024_v15/crab_VBS_semilep_ZZ_EWK_2024_v15/crab.log
DEBUG 2026-09-01 14:45:09.178 UTC: 	 CRAB Client version: v3.260630
DEBUG 2026-09-01 14:45:09.179 UTC: 	 Running on: Linux lxplus813.cern.ch 4.18.0-553.151.1.el8_10.x86_64 #1 SMP Sun Aug 2 20:57:00 EDT 2026 x86_64 x86_64 x86_64 GNU/Linux
DEBUG 2026-09-01 14:45:09.179 UTC: 	 Not using Singularity
DEBUG 2026-09-01 14:45:09.179 UTC: 	 Operating System: Red Hat Enterprise Linux 8.10 (Ootpa)
DEBUG 2026-09-01 14:45:09.179 UTC: 	 Executing command: 'status'
DEBUG 2026-09-01 14:45:09.179 UTC: 	 Found CRAB cache file /afs/cern.ch/user/f/ffiore/.crab3
DEBUG 2026-09-01 14:45:09.185 UTC: 	 Checking credentials
DEBUG 2026-09-01 14:45:09.185 UTC: 	 Found proxy file /tmp/x509up_u178888
DEBUG 2026-09-01 14:45:09.185 UTC: 	 Making sure it has proper VOMS extension
DEBUG 2026-09-01 14:45:09.185 UTC: 	 Executing command :
 voms-proxy-info --vo --file /tmp/x509up_u178888
DEBUG 2026-09-01 14:45:09.218 UTC: 	 output : cms

 error: 
 retcode : 0
DEBUG 2026-09-01 14:45:09.218 UTC: 	 Getting proxy life time left
DEBUG 2026-09-01 14:45:09.218 UTC: 	 Executing command :
 voms-proxy-info --actimeleft --timeleft --file /tmp/x509up_u178888
DEBUG 2026-09-01 14:45:09.260 UTC: 	 output : 604013
604013

 error: 
 retcode : 0
DEBUG 2026-09-01 14:45:09.260 UTC: 	 Proxy valid for 167:46:53 hours
DEBUG 2026-09-01 14:45:09.261 UTC: 	 Encoded data for curl request: subresource=delegatedn
DEBUG 2026-09-01 14:45:09.310 UTC: 	 Registering user credentials on myproxy for /DC=ch/DC=cern/OU=Organic Units/OU=Users/CN=cmscrab/CN=(817881|373708)/CN=Robot: cms crab|/DC=ch/DC=cern/OU=Organic Units/OU=Users/CN=crabint1/CN=373708/CN=Robot: CMS CRAB Integration 1
DEBUG 2026-09-01 14:45:09.310 UTC: 	 Executing command :
 voms-proxy-info --identity --file /tmp/x509up_u178888
DEBUG 2026-09-01 14:45:09.339 UTC: 	 output : /DC=ch/DC=cern/OU=Organic Units/OU=Users/CN=ffiore/CN=883264/CN=Francesca Fiore

 error: 
 retcode : 0
DEBUG 2026-09-01 14:45:09.340 UTC: 	 Getting myproxy life time left for 1108dd7240a979e136768c977b197b9a1dace71c
DEBUG 2026-09-01 14:45:09.340 UTC: 	 Executing command :
 myproxy-info -s myproxy.cern.ch -l 1108dd7240a979e136768c977b197b9a1dace71c
DEBUG 2026-09-01 14:45:09.614 UTC: 	 output : username: 1108dd7240a979e136768c977b197b9a1dace71c
owner: /DC=ch/DC=cern/OU=Organic Units/OU=Users/CN=ffiore/CN=883264/CN=Francesca Fiore
  renewal policy: /DC=ch/DC=cern/OU=Organic Units/OU=Users/CN=cmscrab/CN=(817881|373708)/CN=Robot: cms crab|/DC=ch/DC=cern/OU=Organic Units/OU=Users/CN=crabint1/CN=373708/CN=Robot: CMS CRAB Integration 1
  trusted retrieval policy: /DC=ch/DC=cern/OU=Organic Units/OU=Users/CN=cmscrab/CN=(817881|373708)/CN=Robot: cms crab|/DC=ch/DC=cern/OU=Organic Units/OU=Users/CN=crabint1/CN=373708/CN=Robot: CMS CRAB Integration 1
  timeleft: 719:53:33  (30.0 days)

 error: 
 retcode : 0
DEBUG 2026-09-01 14:45:09.615 UTC: 	 Myproxy is valid: 2591580
DEBUG 2026-09-01 14:45:09.615 UTC: 	 Result of myproxy credential check:
  Credential exists on myproxy: username: 1108dd7240a979e136768c977b197b9a1dace71c  - validity: 29 days, 23:53:00
DEBUG 2026-09-01 14:45:09.615 UTC: 	 Retrieving username ...
DEBUG 2026-09-01 14:45:09.615 UTC: 	 Retrieving username from CRIC...
DEBUG 2026-09-01 14:45:10.480 UTC: 	 username is ffiore
INFO 2026-09-01 14:45:12.035 UTC: 	 Rucio client intialized for account ffiore
DEBUG 2026-09-01 14:45:12.036 UTC: 	 Command use: status
DEBUG 2026-09-01 14:45:12.036 UTC: 	 Options use: ['-d', 'VBS_semilep_ZZ_EWK_2024_v15/crab_VBS_semilep_ZZ_EWK_2024_v15']
DEBUG 2026-09-01 14:45:12.036 UTC: 	 Encoded data for curl request: subresource=version
DEBUG 2026-09-01 14:45:12.088 UTC: 	 CRABClient version: v3.260630
DEBUG 2026-09-01 14:45:12.088 UTC: 	 Instance is prod
DEBUG 2026-09-01 14:45:12.088 UTC: 	 Server base url is cmsweb.cern.ch
DEBUG 2026-09-01 14:45:12.088 UTC: 	 Command api workflow
DEBUG 2026-09-01 14:45:12.088 UTC: 	 Encoded data for curl request: subresource=search&workflow=260901_144431%3Affiore_crab_VBS_semilep_ZZ_EWK_2024_v15
DEBUG 2026-09-01 14:45:12.144 UTC: 	 Got information from server oracle database: {'desc': {'columns': ['tm_taskname', 'tm_activity', 'tm_task_status', 'tm_task_command', 'tm_start_time', 'tm_start_injection', 'tm_end_injection', 'tm_task_failure', 'tm_job_sw', 'tm_job_arch', 'tm_input_dataset', 'tm_nonvalid_input_dataset', 'tm_use_parent', 'tm_site_whitelist', 'tm_site_blacklist', 'tm_split_algo', 'tm_split_args', 'tm_user_sandbox', 'tm_cache_url', 'tm_username', 'tm_user_dn', 'tm_user_vo', 'tm_user_role', 'tm_user_group', 'tm_publish_name', 'tm_publish_groupname', 'tm_asyncdest', 'tm_dbs_url', 'tm_publish_dbs_url', 'tm_publication', 'tm_outfiles', 'tm_tfile_outfiles', 'tm_edm_outfiles', 'tm_job_type', 'tm_generator', 'tm_events_per_lumi', 'tm_arguments', 'tm_save_logs', 'tw_name', 'tm_user_infiles', 'tm_maxjobruntime', 'tm_numcores', 'tm_maxmemory', 'tm_priority', 'tm_output_dataset', 'tm_task_warnings', 'tm_user_webdir', 'tm_scriptexe', 'tm_scriptargs', 'tm_extrajdl', 'tm_collector', 'tm_schedd', 'tm_dry_run', 'tm_user_files', 'tm_transfer_outputs', 'tm_output_lfn', 'tm_ignore_locality', 'tm_fail_limit', 'tm_one_event_mode', 'tm_secondary_input_dataset', 'tm_primary_dataset', 'tm_last_publication', 'tm_debug_files', 'clusterid', 'tm_ignore_global_blacklist', 'tm_submitter_ip_addr', 'tm_totalunits', 'tm_ddm_reqid', 'tm_user_config', 'tm_transfer_container', 'tm_transfer_rule', 'tm_publish_rule', 'tm_multipub_rule', 'tm_job_min_microarch', 'tm_dagman_status', 'tm_num_jobs', 'tm_uploaded']}, 'result': ['260901_144431:ffiore_crab_VBS_semilep_ZZ_EWK_2024_v15', 'None', 'SUBMITTED', 'SUBMIT', '2026-09-01 14:44:31.616930', 'None', '2026-09-01 14:45:08.868905', 'None', 'CMSSW_14_0_19', 'el8_amd64_gcc12', 'None', 'F', '0', '[]', '[]', 'EventBased', "{'halt_job_on_file_boundaries': False, 'splitOnRun': False, 'events_per_job': 20, 'runs': [], 'lumis': []}", '327bd52f595f48c090078a053cc387f51dc21d47f20d04959cb8ce4f1e43640d.tar.gz', 'S3/crabcache_prod', 'ffiore', '/DC=ch/DC=cern/OU=Organic Units/OU=Users/CN=ffiore/CN=883264/CN=Francesca Fiore', 'cms', 'None', 'None', 'VBS_semilep_ZZ_EWK_2024_v15-00000000000000000000000000000000', 'F', 'T2_IT_Legnaro', 'https://cmsweb.cern.ch/dbs/prod/global/DBSReader', 'https://cmsweb.cern.ch/dbs/prod/phys03/DBSWriter', 'F', "['RunIII2024Summer24NanoAODv15.root']", '[]', '[]', 'PrivateMC', 'pythia', '20', '{}', 'F', 'crab-prod-tw01', '[]', '1250', '4', '8000', '10', 'None', '[]', 'None', 'run_chain_Run3.sh', "['inputGridpack=/eos/user/f/ffiore/VBS/Gridpacks/ZZ/VBS_ZZ_semilep_el8_amd64_gcc10_CMSSW_12_4_8_tarball.tar.xz', 'nEvents=20', 'nThreads=4']", '[]', 'None', 'crab3@vocms0107.cern.ch', 'F', '[]', 'T', '/store/user/ffiore/', 'F', 'None', 'F', 'None', 'VBS_semilep_ZZ_EWK_2024_v15', 'None', '94a8f19f1e3b9ef3cc8dadb1c94796add14982c3c24a1b0d73813a0222aa640c.tar.gz', '157556329', 'F', '188.184.75.82', '40.0', 'None', '{"partialdataset": false, "requireaccelerator": false, "acceleratorparams": null, "inputblocks": null}', 'None', 'None', 'None', 'None', 'any', 'NOT_READY', '2', 'T']}
INFO 2026-09-01 14:45:12.144 UTC: 	 CRAB project directory:		/afs/cern.ch/user/f/ffiore/work/produzione/crab_MC_private/VBS_semilep_ZZ_EWK_2024_v15/crab_VBS_semilep_ZZ_EWK_2024_v15
INFO 2026-09-01 14:45:12.144 UTC: 	 Task name:			260901_144431:ffiore_crab_VBS_semilep_ZZ_EWK_2024_v15
INFO 2026-09-01 14:45:12.144 UTC: 	 Grid scheduler - Task Worker:	crab3@vocms0107.cern.ch - crab-prod-tw01
INFO 2026-09-01 14:45:12.144 UTC: 	 Status on the CRAB server:	SUBMITTED
INFO 2026-09-01 14:45:12.144 UTC: 	 Task URL to use for HELP:	https://cmsweb.cern.ch/crabserver/ui/task/260901_144431%3Affiore_crab_VBS_semilep_ZZ_EWK_2024_v15
INFO 2026-09-01 14:45:12.156 UTC: 	 Dashboard monitoring URL:	https://monit-grafana.cern.ch/d/cmsTMDetail/cms-task-monitoring-task-view?orgId=11&var-user=ffiore&var-task=260901_144431%3Affiore_crab_VBS_semilep_ZZ_EWK_2024_v15&from=1788270271000&to=now
DEBUG 2026-09-01 14:45:12.157 UTC: 	 The CRAB server submitted your task to the Grid scheduler (cluster ID: 157556329)
INFO 2026-09-01 14:45:12.157 UTC: 	 Waiting for the Grid scheduler to bootstrap your task
DEBUG 2026-09-01 14:45:12.157 UTC: 	 Schedd has not reported back the webdir (yet)
INFO 2026-09-01 14:45:12.159 UTC: 	 Log file is /afs/cern.ch/user/f/ffiore/work/produzione/crab_MC_private/VBS_semilep_ZZ_EWK_2024_v15/crab_VBS_semilep_ZZ_EWK_2024_v15/crab.log
DEBUG 2026-09-01 14:45:17.669 UTC: 	 CRAB Client version: v3.260630
DEBUG 2026-09-01 14:45:17.669 UTC: 	 Running on: Linux lxplus813.cern.ch 4.18.0-553.151.1.el8_10.x86_64 #1 SMP Sun Aug 2 20:57:00 EDT 2026 x86_64 x86_64 x86_64 GNU/Linux
DEBUG 2026-09-01 14:45:17.669 UTC: 	 Not using Singularity
DEBUG 2026-09-01 14:45:17.669 UTC: 	 Operating System: Red Hat Enterprise Linux 8.10 (Ootpa)
DEBUG 2026-09-01 14:45:17.669 UTC: 	 Executing command: 'status'
DEBUG 2026-09-01 14:45:17.670 UTC: 	 Found CRAB cache file /afs/cern.ch/user/f/ffiore/.crab3
DEBUG 2026-09-01 14:45:17.676 UTC: 	 Checking credentials
DEBUG 2026-09-01 14:45:17.677 UTC: 	 Found proxy file /tmp/x509up_u178888
DEBUG 2026-09-01 14:45:17.677 UTC: 	 Making sure it has proper VOMS extension
DEBUG 2026-09-01 14:45:17.677 UTC: 	 Executing command :
 voms-proxy-info --vo --file /tmp/x509up_u178888
DEBUG 2026-09-01 14:45:17.706 UTC: 	 output : cms

 error: 
 retcode : 0
DEBUG 2026-09-01 14:45:17.707 UTC: 	 Getting proxy life time left
DEBUG 2026-09-01 14:45:17.707 UTC: 	 Executing command :
 voms-proxy-info --actimeleft --timeleft --file /tmp/x509up_u178888
DEBUG 2026-09-01 14:45:17.738 UTC: 	 output : 604005
604005

 error: 
 retcode : 0
DEBUG 2026-09-01 14:45:17.738 UTC: 	 Proxy valid for 167:46:45 hours
DEBUG 2026-09-01 14:45:17.738 UTC: 	 Encoded data for curl request: subresource=delegatedn
DEBUG 2026-09-01 14:45:17.792 UTC: 	 Registering user credentials on myproxy for /DC=ch/DC=cern/OU=Organic Units/OU=Users/CN=cmscrab/CN=(817881|373708)/CN=Robot: cms crab|/DC=ch/DC=cern/OU=Organic Units/OU=Users/CN=crabint1/CN=373708/CN=Robot: CMS CRAB Integration 1
DEBUG 2026-09-01 14:45:17.793 UTC: 	 Executing command :
 voms-proxy-info --identity --file /tmp/x509up_u178888
DEBUG 2026-09-01 14:45:17.818 UTC: 	 output : /DC=ch/DC=cern/OU=Organic Units/OU=Users/CN=ffiore/CN=883264/CN=Francesca Fiore

 error: 
 retcode : 0
DEBUG 2026-09-01 14:45:17.818 UTC: 	 Getting myproxy life time left for 1108dd7240a979e136768c977b197b9a1dace71c
DEBUG 2026-09-01 14:45:17.818 UTC: 	 Executing command :
 myproxy-info -s myproxy.cern.ch -l 1108dd7240a979e136768c977b197b9a1dace71c
DEBUG 2026-09-01 14:45:18.119 UTC: 	 output : username: 1108dd7240a979e136768c977b197b9a1dace71c
owner: /DC=ch/DC=cern/OU=Organic Units/OU=Users/CN=ffiore/CN=883264/CN=Francesca Fiore
  renewal policy: /DC=ch/DC=cern/OU=Organic Units/OU=Users/CN=cmscrab/CN=(817881|373708)/CN=Robot: cms crab|/DC=ch/DC=cern/OU=Organic Units/OU=Users/CN=crabint1/CN=373708/CN=Robot: CMS CRAB Integration 1
  trusted retrieval policy: /DC=ch/DC=cern/OU=Organic Units/OU=Users/CN=cmscrab/CN=(817881|373708)/CN=Robot: cms crab|/DC=ch/DC=cern/OU=Organic Units/OU=Users/CN=crabint1/CN=373708/CN=Robot: CMS CRAB Integration 1
  timeleft: 719:53:24  (30.0 days)

 error: 
 retcode : 0
DEBUG 2026-09-01 14:45:18.119 UTC: 	 Myproxy is valid: 2591580
DEBUG 2026-09-01 14:45:18.119 UTC: 	 Result of myproxy credential check:
  Credential exists on myproxy: username: 1108dd7240a979e136768c977b197b9a1dace71c  - validity: 29 days, 23:53:00
DEBUG 2026-09-01 14:45:18.119 UTC: 	 Retrieving username ...
DEBUG 2026-09-01 14:45:18.119 UTC: 	 Retrieving username from CRIC...
DEBUG 2026-09-01 14:45:18.995 UTC: 	 username is ffiore
INFO 2026-09-01 14:45:20.117 UTC: 	 Rucio client intialized for account ffiore
DEBUG 2026-09-01 14:45:20.118 UTC: 	 Command use: status
DEBUG 2026-09-01 14:45:20.118 UTC: 	 Options use: ['-d', 'VBS_semilep_ZZ_EWK_2024_v15/crab_VBS_semilep_ZZ_EWK_2024_v15']
DEBUG 2026-09-01 14:45:20.118 UTC: 	 Encoded data for curl request: subresource=version
DEBUG 2026-09-01 14:45:20.164 UTC: 	 CRABClient version: v3.260630
DEBUG 2026-09-01 14:45:20.164 UTC: 	 Instance is prod
DEBUG 2026-09-01 14:45:20.164 UTC: 	 Server base url is cmsweb.cern.ch
DEBUG 2026-09-01 14:45:20.164 UTC: 	 Command api workflow
DEBUG 2026-09-01 14:45:20.165 UTC: 	 Encoded data for curl request: subresource=search&workflow=260901_144431%3Affiore_crab_VBS_semilep_ZZ_EWK_2024_v15
DEBUG 2026-09-01 14:45:20.219 UTC: 	 Got information from server oracle database: {'desc': {'columns': ['tm_taskname', 'tm_activity', 'tm_task_status', 'tm_task_command', 'tm_start_time', 'tm_start_injection', 'tm_end_injection', 'tm_task_failure', 'tm_job_sw', 'tm_job_arch', 'tm_input_dataset', 'tm_nonvalid_input_dataset', 'tm_use_parent', 'tm_site_whitelist', 'tm_site_blacklist', 'tm_split_algo', 'tm_split_args', 'tm_user_sandbox', 'tm_cache_url', 'tm_username', 'tm_user_dn', 'tm_user_vo', 'tm_user_role', 'tm_user_group', 'tm_publish_name', 'tm_publish_groupname', 'tm_asyncdest', 'tm_dbs_url', 'tm_publish_dbs_url', 'tm_publication', 'tm_outfiles', 'tm_tfile_outfiles', 'tm_edm_outfiles', 'tm_job_type', 'tm_generator', 'tm_events_per_lumi', 'tm_arguments', 'tm_save_logs', 'tw_name', 'tm_user_infiles', 'tm_maxjobruntime', 'tm_numcores', 'tm_maxmemory', 'tm_priority', 'tm_output_dataset', 'tm_task_warnings', 'tm_user_webdir', 'tm_scriptexe', 'tm_scriptargs', 'tm_extrajdl', 'tm_collector', 'tm_schedd', 'tm_dry_run', 'tm_user_files', 'tm_transfer_outputs', 'tm_output_lfn', 'tm_ignore_locality', 'tm_fail_limit', 'tm_one_event_mode', 'tm_secondary_input_dataset', 'tm_primary_dataset', 'tm_last_publication', 'tm_debug_files', 'clusterid', 'tm_ignore_global_blacklist', 'tm_submitter_ip_addr', 'tm_totalunits', 'tm_ddm_reqid', 'tm_user_config', 'tm_transfer_container', 'tm_transfer_rule', 'tm_publish_rule', 'tm_multipub_rule', 'tm_job_min_microarch', 'tm_dagman_status', 'tm_num_jobs', 'tm_uploaded']}, 'result': ['260901_144431:ffiore_crab_VBS_semilep_ZZ_EWK_2024_v15', 'None', 'SUBMITTED', 'SUBMIT', '2026-09-01 14:44:31.616930', 'None', '2026-09-01 14:45:08.868905', 'None', 'CMSSW_14_0_19', 'el8_amd64_gcc12', 'None', 'F', '0', '[]', '[]', 'EventBased', "{'halt_job_on_file_boundaries': False, 'splitOnRun': False, 'events_per_job': 20, 'runs': [], 'lumis': []}", '327bd52f595f48c090078a053cc387f51dc21d47f20d04959cb8ce4f1e43640d.tar.gz', 'S3/crabcache_prod', 'ffiore', '/DC=ch/DC=cern/OU=Organic Units/OU=Users/CN=ffiore/CN=883264/CN=Francesca Fiore', 'cms', 'None', 'None', 'VBS_semilep_ZZ_EWK_2024_v15-00000000000000000000000000000000', 'F', 'T2_IT_Legnaro', 'https://cmsweb.cern.ch/dbs/prod/global/DBSReader', 'https://cmsweb.cern.ch/dbs/prod/phys03/DBSWriter', 'F', "['RunIII2024Summer24NanoAODv15.root']", '[]', '[]', 'PrivateMC', 'pythia', '20', '{}', 'F', 'crab-prod-tw01', '[]', '1250', '4', '8000', '10', 'None', '[]', 'None', 'run_chain_Run3.sh', "['inputGridpack=/eos/user/f/ffiore/VBS/Gridpacks/ZZ/VBS_ZZ_semilep_el8_amd64_gcc10_CMSSW_12_4_8_tarball.tar.xz', 'nEvents=20', 'nThreads=4']", '[]', 'None', 'crab3@vocms0107.cern.ch', 'F', '[]', 'T', '/store/user/ffiore/', 'F', 'None', 'F', 'None', 'VBS_semilep_ZZ_EWK_2024_v15', 'None', '94a8f19f1e3b9ef3cc8dadb1c94796add14982c3c24a1b0d73813a0222aa640c.tar.gz', '157556329', 'F', '188.184.75.82', '40.0', 'None', '{"partialdataset": false, "requireaccelerator": false, "acceleratorparams": null, "inputblocks": null}', 'None', 'None', 'None', 'None', 'any', 'NOT_READY', '2', 'T']}
INFO 2026-09-01 14:45:20.220 UTC: 	 CRAB project directory:		/afs/cern.ch/user/f/ffiore/work/produzione/crab_MC_private/VBS_semilep_ZZ_EWK_2024_v15/crab_VBS_semilep_ZZ_EWK_2024_v15
INFO 2026-09-01 14:45:20.220 UTC: 	 Task name:			260901_144431:ffiore_crab_VBS_semilep_ZZ_EWK_2024_v15
INFO 2026-09-01 14:45:20.220 UTC: 	 Grid scheduler - Task Worker:	crab3@vocms0107.cern.ch - crab-prod-tw01
INFO 2026-09-01 14:45:20.220 UTC: 	 Status on the CRAB server:	SUBMITTED
INFO 2026-09-01 14:45:20.220 UTC: 	 Task URL to use for HELP:	https://cmsweb.cern.ch/crabserver/ui/task/260901_144431%3Affiore_crab_VBS_semilep_ZZ_EWK_2024_v15
INFO 2026-09-01 14:45:20.228 UTC: 	 Dashboard monitoring URL:	https://monit-grafana.cern.ch/d/cmsTMDetail/cms-task-monitoring-task-view?orgId=11&var-user=ffiore&var-task=260901_144431%3Affiore_crab_VBS_semilep_ZZ_EWK_2024_v15&from=1788270271000&to=now
DEBUG 2026-09-01 14:45:20.228 UTC: 	 The CRAB server submitted your task to the Grid scheduler (cluster ID: 157556329)
INFO 2026-09-01 14:45:20.228 UTC: 	 Waiting for the Grid scheduler to bootstrap your task
DEBUG 2026-09-01 14:45:20.228 UTC: 	 Schedd has not reported back the webdir (yet)
INFO 2026-09-01 14:45:20.230 UTC: 	 Log file is /afs/cern.ch/user/f/ffiore/work/produzione/crab_MC_private/VBS_semilep_ZZ_EWK_2024_v15/crab_VBS_semilep_ZZ_EWK_2024_v15/crab.log
DEBUG 2026-09-01 14:45:24.786 UTC: 	 CRAB Client version: v3.260630
DEBUG 2026-09-01 14:45:24.786 UTC: 	 Running on: Linux lxplus813.cern.ch 4.18.0-553.151.1.el8_10.x86_64 #1 SMP Sun Aug 2 20:57:00 EDT 2026 x86_64 x86_64 x86_64 GNU/Linux
DEBUG 2026-09-01 14:45:24.786 UTC: 	 Not using Singularity
DEBUG 2026-09-01 14:45:24.786 UTC: 	 Operating System: Red Hat Enterprise Linux 8.10 (Ootpa)
DEBUG 2026-09-01 14:45:24.786 UTC: 	 Executing command: 'status'
DEBUG 2026-09-01 14:45:24.786 UTC: 	 Found CRAB cache file /afs/cern.ch/user/f/ffiore/.crab3
DEBUG 2026-09-01 14:45:24.793 UTC: 	 Checking credentials
DEBUG 2026-09-01 14:45:24.793 UTC: 	 Found proxy file /tmp/x509up_u178888
DEBUG 2026-09-01 14:45:24.793 UTC: 	 Making sure it has proper VOMS extension
DEBUG 2026-09-01 14:45:24.793 UTC: 	 Executing command :
 voms-proxy-info --vo --file /tmp/x509up_u178888
DEBUG 2026-09-01 14:45:24.826 UTC: 	 output : cms

 error: 
 retcode : 0
DEBUG 2026-09-01 14:45:24.826 UTC: 	 Getting proxy life time left
DEBUG 2026-09-01 14:45:24.826 UTC: 	 Executing command :
 voms-proxy-info --actimeleft --timeleft --file /tmp/x509up_u178888
DEBUG 2026-09-01 14:45:24.859 UTC: 	 output : 603998
603998

 error: 
 retcode : 0
DEBUG 2026-09-01 14:45:24.860 UTC: 	 Proxy valid for 167:46:38 hours
DEBUG 2026-09-01 14:45:24.860 UTC: 	 Encoded data for curl request: subresource=delegatedn
DEBUG 2026-09-01 14:45:24.904 UTC: 	 Registering user credentials on myproxy for /DC=ch/DC=cern/OU=Organic Units/OU=Users/CN=cmscrab/CN=(817881|373708)/CN=Robot: cms crab|/DC=ch/DC=cern/OU=Organic Units/OU=Users/CN=crabint1/CN=373708/CN=Robot: CMS CRAB Integration 1
DEBUG 2026-09-01 14:45:24.905 UTC: 	 Executing command :
 voms-proxy-info --identity --file /tmp/x509up_u178888
DEBUG 2026-09-01 14:45:24.938 UTC: 	 output : /DC=ch/DC=cern/OU=Organic Units/OU=Users/CN=ffiore/CN=883264/CN=Francesca Fiore

 error: 
 retcode : 0
DEBUG 2026-09-01 14:45:24.939 UTC: 	 Getting myproxy life time left for 1108dd7240a979e136768c977b197b9a1dace71c
DEBUG 2026-09-01 14:45:24.939 UTC: 	 Executing command :
 myproxy-info -s myproxy.cern.ch -l 1108dd7240a979e136768c977b197b9a1dace71c
DEBUG 2026-09-01 14:45:25.215 UTC: 	 output : username: 1108dd7240a979e136768c977b197b9a1dace71c
owner: /DC=ch/DC=cern/OU=Organic Units/OU=Users/CN=ffiore/CN=883264/CN=Francesca Fiore
  renewal policy: /DC=ch/DC=cern/OU=Organic Units/OU=Users/CN=cmscrab/CN=(817881|373708)/CN=Robot: cms crab|/DC=ch/DC=cern/OU=Organic Units/OU=Users/CN=crabint1/CN=373708/CN=Robot: CMS CRAB Integration 1
  trusted retrieval policy: /DC=ch/DC=cern/OU=Organic Units/OU=Users/CN=cmscrab/CN=(817881|373708)/CN=Robot: cms crab|/DC=ch/DC=cern/OU=Organic Units/OU=Users/CN=crabint1/CN=373708/CN=Robot: CMS CRAB Integration 1
  timeleft: 719:53:17  (30.0 days)

 error: 
 retcode : 0
DEBUG 2026-09-01 14:45:25.216 UTC: 	 Myproxy is valid: 2591580
DEBUG 2026-09-01 14:45:25.216 UTC: 	 Result of myproxy credential check:
  Credential exists on myproxy: username: 1108dd7240a979e136768c977b197b9a1dace71c  - validity: 29 days, 23:53:00
DEBUG 2026-09-01 14:45:25.216 UTC: 	 Retrieving username ...
DEBUG 2026-09-01 14:45:25.216 UTC: 	 Retrieving username from CRIC...
DEBUG 2026-09-01 14:45:26.086 UTC: 	 username is ffiore
INFO 2026-09-01 14:45:27.084 UTC: 	 Rucio client intialized for account ffiore
DEBUG 2026-09-01 14:45:27.085 UTC: 	 Command use: status
DEBUG 2026-09-01 14:45:27.085 UTC: 	 Options use: ['-d', 'VBS_semilep_ZZ_EWK_2024_v15/crab_VBS_semilep_ZZ_EWK_2024_v15']
DEBUG 2026-09-01 14:45:27.085 UTC: 	 Encoded data for curl request: subresource=version
DEBUG 2026-09-01 14:45:27.128 UTC: 	 CRABClient version: v3.260630
DEBUG 2026-09-01 14:45:27.128 UTC: 	 Instance is prod
DEBUG 2026-09-01 14:45:27.128 UTC: 	 Server base url is cmsweb.cern.ch
DEBUG 2026-09-01 14:45:27.128 UTC: 	 Command api workflow
DEBUG 2026-09-01 14:45:27.128 UTC: 	 Encoded data for curl request: subresource=search&workflow=260901_144431%3Affiore_crab_VBS_semilep_ZZ_EWK_2024_v15
DEBUG 2026-09-01 14:45:27.182 UTC: 	 Got information from server oracle database: {'desc': {'columns': ['tm_taskname', 'tm_activity', 'tm_task_status', 'tm_task_command', 'tm_start_time', 'tm_start_injection', 'tm_end_injection', 'tm_task_failure', 'tm_job_sw', 'tm_job_arch', 'tm_input_dataset', 'tm_nonvalid_input_dataset', 'tm_use_parent', 'tm_site_whitelist', 'tm_site_blacklist', 'tm_split_algo', 'tm_split_args', 'tm_user_sandbox', 'tm_cache_url', 'tm_username', 'tm_user_dn', 'tm_user_vo', 'tm_user_role', 'tm_user_group', 'tm_publish_name', 'tm_publish_groupname', 'tm_asyncdest', 'tm_dbs_url', 'tm_publish_dbs_url', 'tm_publication', 'tm_outfiles', 'tm_tfile_outfiles', 'tm_edm_outfiles', 'tm_job_type', 'tm_generator', 'tm_events_per_lumi', 'tm_arguments', 'tm_save_logs', 'tw_name', 'tm_user_infiles', 'tm_maxjobruntime', 'tm_numcores', 'tm_maxmemory', 'tm_priority', 'tm_output_dataset', 'tm_task_warnings', 'tm_user_webdir', 'tm_scriptexe', 'tm_scriptargs', 'tm_extrajdl', 'tm_collector', 'tm_schedd', 'tm_dry_run', 'tm_user_files', 'tm_transfer_outputs', 'tm_output_lfn', 'tm_ignore_locality', 'tm_fail_limit', 'tm_one_event_mode', 'tm_secondary_input_dataset', 'tm_primary_dataset', 'tm_last_publication', 'tm_debug_files', 'clusterid', 'tm_ignore_global_blacklist', 'tm_submitter_ip_addr', 'tm_totalunits', 'tm_ddm_reqid', 'tm_user_config', 'tm_transfer_container', 'tm_transfer_rule', 'tm_publish_rule', 'tm_multipub_rule', 'tm_job_min_microarch', 'tm_dagman_status', 'tm_num_jobs', 'tm_uploaded']}, 'result': ['260901_144431:ffiore_crab_VBS_semilep_ZZ_EWK_2024_v15', 'None', 'SUBMITTED', 'SUBMIT', '2026-09-01 14:44:31.616930', 'None', '2026-09-01 14:45:08.868905', 'None', 'CMSSW_14_0_19', 'el8_amd64_gcc12', 'None', 'F', '0', '[]', '[]', 'EventBased', "{'halt_job_on_file_boundaries': False, 'splitOnRun': False, 'events_per_job': 20, 'runs': [], 'lumis': []}", '327bd52f595f48c090078a053cc387f51dc21d47f20d04959cb8ce4f1e43640d.tar.gz', 'S3/crabcache_prod', 'ffiore', '/DC=ch/DC=cern/OU=Organic Units/OU=Users/CN=ffiore/CN=883264/CN=Francesca Fiore', 'cms', 'None', 'None', 'VBS_semilep_ZZ_EWK_2024_v15-00000000000000000000000000000000', 'F', 'T2_IT_Legnaro', 'https://cmsweb.cern.ch/dbs/prod/global/DBSReader', 'https://cmsweb.cern.ch/dbs/prod/phys03/DBSWriter', 'F', "['RunIII2024Summer24NanoAODv15.root']", '[]', '[]', 'PrivateMC', 'pythia', '20', '{}', 'F', 'crab-prod-tw01', '[]', '1250', '4', '8000', '10', 'None', '[]', 'None', 'run_chain_Run3.sh', "['inputGridpack=/eos/user/f/ffiore/VBS/Gridpacks/ZZ/VBS_ZZ_semilep_el8_amd64_gcc10_CMSSW_12_4_8_tarball.tar.xz', 'nEvents=20', 'nThreads=4']", '[]', 'None', 'crab3@vocms0107.cern.ch', 'F', '[]', 'T', '/store/user/ffiore/', 'F', 'None', 'F', 'None', 'VBS_semilep_ZZ_EWK_2024_v15', 'None', '94a8f19f1e3b9ef3cc8dadb1c94796add14982c3c24a1b0d73813a0222aa640c.tar.gz', '157556329', 'F', '188.184.75.82', '40.0', 'None', '{"partialdataset": false, "requireaccelerator": false, "acceleratorparams": null, "inputblocks": null}', 'None', 'None', 'None', 'None', 'any', 'NOT_READY', '2', 'T']}
INFO 2026-09-01 14:45:27.182 UTC: 	 CRAB project directory:		/afs/cern.ch/user/f/ffiore/work/produzione/crab_MC_private/VBS_semilep_ZZ_EWK_2024_v15/crab_VBS_semilep_ZZ_EWK_2024_v15
INFO 2026-09-01 14:45:27.182 UTC: 	 Task name:			260901_144431:ffiore_crab_VBS_semilep_ZZ_EWK_2024_v15
INFO 2026-09-01 14:45:27.183 UTC: 	 Grid scheduler - Task Worker:	crab3@vocms0107.cern.ch - crab-prod-tw01
INFO 2026-09-01 14:45:27.183 UTC: 	 Status on the CRAB server:	SUBMITTED
INFO 2026-09-01 14:45:27.183 UTC: 	 Task URL to use for HELP:	https://cmsweb.cern.ch/crabserver/ui/task/260901_144431%3Affiore_crab_VBS_semilep_ZZ_EWK_2024_v15
INFO 2026-09-01 14:45:27.190 UTC: 	 Dashboard monitoring URL:	https://monit-grafana.cern.ch/d/cmsTMDetail/cms-task-monitoring-task-view?orgId=11&var-user=ffiore&var-task=260901_144431%3Affiore_crab_VBS_semilep_ZZ_EWK_2024_v15&from=1788270271000&to=now
DEBUG 2026-09-01 14:45:27.191 UTC: 	 The CRAB server submitted your task to the Grid scheduler (cluster ID: 157556329)
INFO 2026-09-01 14:45:27.191 UTC: 	 Waiting for the Grid scheduler to bootstrap your task
DEBUG 2026-09-01 14:45:27.191 UTC: 	 Schedd has not reported back the webdir (yet)
INFO 2026-09-01 14:45:27.192 UTC: 	 Log file is /afs/cern.ch/user/f/ffiore/work/produzione/crab_MC_private/VBS_semilep_ZZ_EWK_2024_v15/crab_VBS_semilep_ZZ_EWK_2024_v15/crab.log
DEBUG 2026-09-01 14:45:31.982 UTC: 	 CRAB Client version: v3.260630
DEBUG 2026-09-01 14:45:31.982 UTC: 	 Running on: Linux lxplus813.cern.ch 4.18.0-553.151.1.el8_10.x86_64 #1 SMP Sun Aug 2 20:57:00 EDT 2026 x86_64 x86_64 x86_64 GNU/Linux
DEBUG 2026-09-01 14:45:31.982 UTC: 	 Not using Singularity
DEBUG 2026-09-01 14:45:31.982 UTC: 	 Operating System: Red Hat Enterprise Linux 8.10 (Ootpa)
DEBUG 2026-09-01 14:45:31.982 UTC: 	 Executing command: 'status'
DEBUG 2026-09-01 14:45:31.982 UTC: 	 Found CRAB cache file /afs/cern.ch/user/f/ffiore/.crab3
DEBUG 2026-09-01 14:45:31.989 UTC: 	 Checking credentials
DEBUG 2026-09-01 14:45:31.990 UTC: 	 Found proxy file /tmp/x509up_u178888
DEBUG 2026-09-01 14:45:31.990 UTC: 	 Making sure it has proper VOMS extension
DEBUG 2026-09-01 14:45:31.990 UTC: 	 Executing command :
 voms-proxy-info --vo --file /tmp/x509up_u178888
DEBUG 2026-09-01 14:45:32.022 UTC: 	 output : cms

 error: 
 retcode : 0
DEBUG 2026-09-01 14:45:32.023 UTC: 	 Getting proxy life time left
DEBUG 2026-09-01 14:45:32.023 UTC: 	 Executing command :
 voms-proxy-info --actimeleft --timeleft --file /tmp/x509up_u178888
DEBUG 2026-09-01 14:45:32.052 UTC: 	 output : 603990
603990

 error: 
 retcode : 0
DEBUG 2026-09-01 14:45:32.052 UTC: 	 Proxy valid for 167:46:30 hours
DEBUG 2026-09-01 14:45:32.052 UTC: 	 Encoded data for curl request: subresource=delegatedn
DEBUG 2026-09-01 14:45:32.103 UTC: 	 Registering user credentials on myproxy for /DC=ch/DC=cern/OU=Organic Units/OU=Users/CN=cmscrab/CN=(817881|373708)/CN=Robot: cms crab|/DC=ch/DC=cern/OU=Organic Units/OU=Users/CN=crabint1/CN=373708/CN=Robot: CMS CRAB Integration 1
DEBUG 2026-09-01 14:45:32.104 UTC: 	 Executing command :
 voms-proxy-info --identity --file /tmp/x509up_u178888
DEBUG 2026-09-01 14:45:32.134 UTC: 	 output : /DC=ch/DC=cern/OU=Organic Units/OU=Users/CN=ffiore/CN=883264/CN=Francesca Fiore

 error: 
 retcode : 0
DEBUG 2026-09-01 14:45:32.135 UTC: 	 Getting myproxy life time left for 1108dd7240a979e136768c977b197b9a1dace71c
DEBUG 2026-09-01 14:45:32.135 UTC: 	 Executing command :
 myproxy-info -s myproxy.cern.ch -l 1108dd7240a979e136768c977b197b9a1dace71c
DEBUG 2026-09-01 14:45:32.417 UTC: 	 output : username: 1108dd7240a979e136768c977b197b9a1dace71c
owner: /DC=ch/DC=cern/OU=Organic Units/OU=Users/CN=ffiore/CN=883264/CN=Francesca Fiore
  renewal policy: /DC=ch/DC=cern/OU=Organic Units/OU=Users/CN=cmscrab/CN=(817881|373708)/CN=Robot: cms crab|/DC=ch/DC=cern/OU=Organic Units/OU=Users/CN=crabint1/CN=373708/CN=Robot: CMS CRAB Integration 1
  trusted retrieval policy: /DC=ch/DC=cern/OU=Organic Units/OU=Users/CN=cmscrab/CN=(817881|373708)/CN=Robot: cms crab|/DC=ch/DC=cern/OU=Organic Units/OU=Users/CN=crabint1/CN=373708/CN=Robot: CMS CRAB Integration 1
  timeleft: 719:53:10  (30.0 days)

 error: 
 retcode : 0
DEBUG 2026-09-01 14:45:32.417 UTC: 	 Myproxy is valid: 2591580
DEBUG 2026-09-01 14:45:32.418 UTC: 	 Result of myproxy credential check:
  Credential exists on myproxy: username: 1108dd7240a979e136768c977b197b9a1dace71c  - validity: 29 days, 23:53:00
DEBUG 2026-09-01 14:45:32.418 UTC: 	 Retrieving username ...
DEBUG 2026-09-01 14:45:32.418 UTC: 	 Retrieving username from CRIC...
DEBUG 2026-09-01 14:45:33.245 UTC: 	 username is ffiore
INFO 2026-09-01 14:45:34.299 UTC: 	 Rucio client intialized for account ffiore
DEBUG 2026-09-01 14:45:34.299 UTC: 	 Command use: status
DEBUG 2026-09-01 14:45:34.299 UTC: 	 Options use: ['-d', 'VBS_semilep_ZZ_EWK_2024_v15/crab_VBS_semilep_ZZ_EWK_2024_v15']
DEBUG 2026-09-01 14:45:34.300 UTC: 	 Encoded data for curl request: subresource=version
DEBUG 2026-09-01 14:45:34.344 UTC: 	 CRABClient version: v3.260630
DEBUG 2026-09-01 14:45:34.344 UTC: 	 Instance is prod
DEBUG 2026-09-01 14:45:34.344 UTC: 	 Server base url is cmsweb.cern.ch
DEBUG 2026-09-01 14:45:34.344 UTC: 	 Command api workflow
DEBUG 2026-09-01 14:45:34.344 UTC: 	 Encoded data for curl request: subresource=search&workflow=260901_144431%3Affiore_crab_VBS_semilep_ZZ_EWK_2024_v15
DEBUG 2026-09-01 14:45:34.394 UTC: 	 Got information from server oracle database: {'desc': {'columns': ['tm_taskname', 'tm_activity', 'tm_task_status', 'tm_task_command', 'tm_start_time', 'tm_start_injection', 'tm_end_injection', 'tm_task_failure', 'tm_job_sw', 'tm_job_arch', 'tm_input_dataset', 'tm_nonvalid_input_dataset', 'tm_use_parent', 'tm_site_whitelist', 'tm_site_blacklist', 'tm_split_algo', 'tm_split_args', 'tm_user_sandbox', 'tm_cache_url', 'tm_username', 'tm_user_dn', 'tm_user_vo', 'tm_user_role', 'tm_user_group', 'tm_publish_name', 'tm_publish_groupname', 'tm_asyncdest', 'tm_dbs_url', 'tm_publish_dbs_url', 'tm_publication', 'tm_outfiles', 'tm_tfile_outfiles', 'tm_edm_outfiles', 'tm_job_type', 'tm_generator', 'tm_events_per_lumi', 'tm_arguments', 'tm_save_logs', 'tw_name', 'tm_user_infiles', 'tm_maxjobruntime', 'tm_numcores', 'tm_maxmemory', 'tm_priority', 'tm_output_dataset', 'tm_task_warnings', 'tm_user_webdir', 'tm_scriptexe', 'tm_scriptargs', 'tm_extrajdl', 'tm_collector', 'tm_schedd', 'tm_dry_run', 'tm_user_files', 'tm_transfer_outputs', 'tm_output_lfn', 'tm_ignore_locality', 'tm_fail_limit', 'tm_one_event_mode', 'tm_secondary_input_dataset', 'tm_primary_dataset', 'tm_last_publication', 'tm_debug_files', 'clusterid', 'tm_ignore_global_blacklist', 'tm_submitter_ip_addr', 'tm_totalunits', 'tm_ddm_reqid', 'tm_user_config', 'tm_transfer_container', 'tm_transfer_rule', 'tm_publish_rule', 'tm_multipub_rule', 'tm_job_min_microarch', 'tm_dagman_status', 'tm_num_jobs', 'tm_uploaded']}, 'result': ['260901_144431:ffiore_crab_VBS_semilep_ZZ_EWK_2024_v15', 'None', 'SUBMITTED', 'SUBMIT', '2026-09-01 14:44:31.616930', 'None', '2026-09-01 14:45:08.868905', 'None', 'CMSSW_14_0_19', 'el8_amd64_gcc12', 'None', 'F', '0', '[]', '[]', 'EventBased', "{'halt_job_on_file_boundaries': False, 'splitOnRun': False, 'events_per_job': 20, 'runs': [], 'lumis': []}", '327bd52f595f48c090078a053cc387f51dc21d47f20d04959cb8ce4f1e43640d.tar.gz', 'S3/crabcache_prod', 'ffiore', '/DC=ch/DC=cern/OU=Organic Units/OU=Users/CN=ffiore/CN=883264/CN=Francesca Fiore', 'cms', 'None', 'None', 'VBS_semilep_ZZ_EWK_2024_v15-00000000000000000000000000000000', 'F', 'T2_IT_Legnaro', 'https://cmsweb.cern.ch/dbs/prod/global/DBSReader', 'https://cmsweb.cern.ch/dbs/prod/phys03/DBSWriter', 'F', "['RunIII2024Summer24NanoAODv15.root']", '[]', '[]', 'PrivateMC', 'pythia', '20', '{}', 'F', 'crab-prod-tw01', '[]', '1250', '4', '8000', '10', 'None', '[]', 'None', 'run_chain_Run3.sh', "['inputGridpack=/eos/user/f/ffiore/VBS/Gridpacks/ZZ/VBS_ZZ_semilep_el8_amd64_gcc10_CMSSW_12_4_8_tarball.tar.xz', 'nEvents=20', 'nThreads=4']", '[]', 'None', 'crab3@vocms0107.cern.ch', 'F', '[]', 'T', '/store/user/ffiore/', 'F', 'None', 'F', 'None', 'VBS_semilep_ZZ_EWK_2024_v15', 'None', '94a8f19f1e3b9ef3cc8dadb1c94796add14982c3c24a1b0d73813a0222aa640c.tar.gz', '157556329', 'F', '188.184.75.82', '40.0', 'None', '{"partialdataset": false, "requireaccelerator": false, "acceleratorparams": null, "inputblocks": null}', 'None', 'None', 'None', 'None', 'any', 'NOT_READY', '2', 'T']}
INFO 2026-09-01 14:45:34.394 UTC: 	 CRAB project directory:		/afs/cern.ch/user/f/ffiore/work/produzione/crab_MC_private/VBS_semilep_ZZ_EWK_2024_v15/crab_VBS_semilep_ZZ_EWK_2024_v15
INFO 2026-09-01 14:45:34.394 UTC: 	 Task name:			260901_144431:ffiore_crab_VBS_semilep_ZZ_EWK_2024_v15
INFO 2026-09-01 14:45:34.394 UTC: 	 Grid scheduler - Task Worker:	crab3@vocms0107.cern.ch - crab-prod-tw01
INFO 2026-09-01 14:45:34.395 UTC: 	 Status on the CRAB server:	SUBMITTED
INFO 2026-09-01 14:45:34.395 UTC: 	 Task URL to use for HELP:	https://cmsweb.cern.ch/crabserver/ui/task/260901_144431%3Affiore_crab_VBS_semilep_ZZ_EWK_2024_v15
INFO 2026-09-01 14:45:34.405 UTC: 	 Dashboard monitoring URL:	https://monit-grafana.cern.ch/d/cmsTMDetail/cms-task-monitoring-task-view?orgId=11&var-user=ffiore&var-task=260901_144431%3Affiore_crab_VBS_semilep_ZZ_EWK_2024_v15&from=1788270271000&to=now
DEBUG 2026-09-01 14:45:34.405 UTC: 	 The CRAB server submitted your task to the Grid scheduler (cluster ID: 157556329)
INFO 2026-09-01 14:45:34.405 UTC: 	 Waiting for the Grid scheduler to bootstrap your task
DEBUG 2026-09-01 14:45:34.405 UTC: 	 Schedd has not reported back the webdir (yet)
INFO 2026-09-01 14:45:34.406 UTC: 	 Log file is /afs/cern.ch/user/f/ffiore/work/produzione/crab_MC_private/VBS_semilep_ZZ_EWK_2024_v15/crab_VBS_semilep_ZZ_EWK_2024_v15/crab.log
DEBUG 2026-09-01 14:45:39.134 UTC: 	 CRAB Client version: v3.260630
DEBUG 2026-09-01 14:45:39.135 UTC: 	 Running on: Linux lxplus813.cern.ch 4.18.0-553.151.1.el8_10.x86_64 #1 SMP Sun Aug 2 20:57:00 EDT 2026 x86_64 x86_64 x86_64 GNU/Linux
DEBUG 2026-09-01 14:45:39.135 UTC: 	 Not using Singularity
DEBUG 2026-09-01 14:45:39.135 UTC: 	 Operating System: Red Hat Enterprise Linux 8.10 (Ootpa)
DEBUG 2026-09-01 14:45:39.135 UTC: 	 Executing command: 'status'
DEBUG 2026-09-01 14:45:39.135 UTC: 	 Found CRAB cache file /afs/cern.ch/user/f/ffiore/.crab3
DEBUG 2026-09-01 14:45:39.141 UTC: 	 Checking credentials
DEBUG 2026-09-01 14:45:39.142 UTC: 	 Found proxy file /tmp/x509up_u178888
DEBUG 2026-09-01 14:45:39.142 UTC: 	 Making sure it has proper VOMS extension
DEBUG 2026-09-01 14:45:39.142 UTC: 	 Executing command :
 voms-proxy-info --vo --file /tmp/x509up_u178888
DEBUG 2026-09-01 14:45:39.177 UTC: 	 output : cms

 error: 
 retcode : 0
DEBUG 2026-09-01 14:45:39.177 UTC: 	 Getting proxy life time left
DEBUG 2026-09-01 14:45:39.177 UTC: 	 Executing command :
 voms-proxy-info --actimeleft --timeleft --file /tmp/x509up_u178888
DEBUG 2026-09-01 14:45:39.213 UTC: 	 output : 603983
603983

 error: 
 retcode : 0
DEBUG 2026-09-01 14:45:39.213 UTC: 	 Proxy valid for 167:46:23 hours
DEBUG 2026-09-01 14:45:39.213 UTC: 	 Encoded data for curl request: subresource=delegatedn
DEBUG 2026-09-01 14:45:39.264 UTC: 	 Registering user credentials on myproxy for /DC=ch/DC=cern/OU=Organic Units/OU=Users/CN=cmscrab/CN=(817881|373708)/CN=Robot: cms crab|/DC=ch/DC=cern/OU=Organic Units/OU=Users/CN=crabint1/CN=373708/CN=Robot: CMS CRAB Integration 1
DEBUG 2026-09-01 14:45:39.264 UTC: 	 Executing command :
 voms-proxy-info --identity --file /tmp/x509up_u178888
DEBUG 2026-09-01 14:45:39.291 UTC: 	 output : /DC=ch/DC=cern/OU=Organic Units/OU=Users/CN=ffiore/CN=883264/CN=Francesca Fiore

 error: 
 retcode : 0
DEBUG 2026-09-01 14:45:39.292 UTC: 	 Getting myproxy life time left for 1108dd7240a979e136768c977b197b9a1dace71c
DEBUG 2026-09-01 14:45:39.292 UTC: 	 Executing command :
 myproxy-info -s myproxy.cern.ch -l 1108dd7240a979e136768c977b197b9a1dace71c
DEBUG 2026-09-01 14:45:39.548 UTC: 	 output : username: 1108dd7240a979e136768c977b197b9a1dace71c
owner: /DC=ch/DC=cern/OU=Organic Units/OU=Users/CN=ffiore/CN=883264/CN=Francesca Fiore
  renewal policy: /DC=ch/DC=cern/OU=Organic Units/OU=Users/CN=cmscrab/CN=(817881|373708)/CN=Robot: cms crab|/DC=ch/DC=cern/OU=Organic Units/OU=Users/CN=crabint1/CN=373708/CN=Robot: CMS CRAB Integration 1
  trusted retrieval policy: /DC=ch/DC=cern/OU=Organic Units/OU=Users/CN=cmscrab/CN=(817881|373708)/CN=Robot: cms crab|/DC=ch/DC=cern/OU=Organic Units/OU=Users/CN=crabint1/CN=373708/CN=Robot: CMS CRAB Integration 1
  timeleft: 719:53:03  (30.0 days)

 error: 
 retcode : 0
DEBUG 2026-09-01 14:45:39.548 UTC: 	 Myproxy is valid: 2591580
DEBUG 2026-09-01 14:45:39.548 UTC: 	 Result of myproxy credential check:
  Credential exists on myproxy: username: 1108dd7240a979e136768c977b197b9a1dace71c  - validity: 29 days, 23:53:00
DEBUG 2026-09-01 14:45:39.548 UTC: 	 Retrieving username ...
DEBUG 2026-09-01 14:45:39.548 UTC: 	 Retrieving username from CRIC...
DEBUG 2026-09-01 14:45:40.428 UTC: 	 username is ffiore
INFO 2026-09-01 14:45:41.513 UTC: 	 Rucio client intialized for account ffiore
DEBUG 2026-09-01 14:45:41.513 UTC: 	 Command use: status
DEBUG 2026-09-01 14:45:41.513 UTC: 	 Options use: ['-d', 'VBS_semilep_ZZ_EWK_2024_v15/crab_VBS_semilep_ZZ_EWK_2024_v15']
DEBUG 2026-09-01 14:45:41.513 UTC: 	 Encoded data for curl request: subresource=version
DEBUG 2026-09-01 14:45:41.557 UTC: 	 CRABClient version: v3.260630
DEBUG 2026-09-01 14:45:41.557 UTC: 	 Instance is prod
DEBUG 2026-09-01 14:45:41.557 UTC: 	 Server base url is cmsweb.cern.ch
DEBUG 2026-09-01 14:45:41.557 UTC: 	 Command api workflow
DEBUG 2026-09-01 14:45:41.557 UTC: 	 Encoded data for curl request: subresource=search&workflow=260901_144431%3Affiore_crab_VBS_semilep_ZZ_EWK_2024_v15
DEBUG 2026-09-01 14:45:41.607 UTC: 	 Got information from server oracle database: {'desc': {'columns': ['tm_taskname', 'tm_activity', 'tm_task_status', 'tm_task_command', 'tm_start_time', 'tm_start_injection', 'tm_end_injection', 'tm_task_failure', 'tm_job_sw', 'tm_job_arch', 'tm_input_dataset', 'tm_nonvalid_input_dataset', 'tm_use_parent', 'tm_site_whitelist', 'tm_site_blacklist', 'tm_split_algo', 'tm_split_args', 'tm_user_sandbox', 'tm_cache_url', 'tm_username', 'tm_user_dn', 'tm_user_vo', 'tm_user_role', 'tm_user_group', 'tm_publish_name', 'tm_publish_groupname', 'tm_asyncdest', 'tm_dbs_url', 'tm_publish_dbs_url', 'tm_publication', 'tm_outfiles', 'tm_tfile_outfiles', 'tm_edm_outfiles', 'tm_job_type', 'tm_generator', 'tm_events_per_lumi', 'tm_arguments', 'tm_save_logs', 'tw_name', 'tm_user_infiles', 'tm_maxjobruntime', 'tm_numcores', 'tm_maxmemory', 'tm_priority', 'tm_output_dataset', 'tm_task_warnings', 'tm_user_webdir', 'tm_scriptexe', 'tm_scriptargs', 'tm_extrajdl', 'tm_collector', 'tm_schedd', 'tm_dry_run', 'tm_user_files', 'tm_transfer_outputs', 'tm_output_lfn', 'tm_ignore_locality', 'tm_fail_limit', 'tm_one_event_mode', 'tm_secondary_input_dataset', 'tm_primary_dataset', 'tm_last_publication', 'tm_debug_files', 'clusterid', 'tm_ignore_global_blacklist', 'tm_submitter_ip_addr', 'tm_totalunits', 'tm_ddm_reqid', 'tm_user_config', 'tm_transfer_container', 'tm_transfer_rule', 'tm_publish_rule', 'tm_multipub_rule', 'tm_job_min_microarch', 'tm_dagman_status', 'tm_num_jobs', 'tm_uploaded']}, 'result': ['260901_144431:ffiore_crab_VBS_semilep_ZZ_EWK_2024_v15', 'None', 'SUBMITTED', 'SUBMIT', '2026-09-01 14:44:31.616930', 'None', '2026-09-01 14:45:08.868905', 'None', 'CMSSW_14_0_19', 'el8_amd64_gcc12', 'None', 'F', '0', '[]', '[]', 'EventBased', "{'halt_job_on_file_boundaries': False, 'splitOnRun': False, 'events_per_job': 20, 'runs': [], 'lumis': []}", '327bd52f595f48c090078a053cc387f51dc21d47f20d04959cb8ce4f1e43640d.tar.gz', 'S3/crabcache_prod', 'ffiore', '/DC=ch/DC=cern/OU=Organic Units/OU=Users/CN=ffiore/CN=883264/CN=Francesca Fiore', 'cms', 'None', 'None', 'VBS_semilep_ZZ_EWK_2024_v15-00000000000000000000000000000000', 'F', 'T2_IT_Legnaro', 'https://cmsweb.cern.ch/dbs/prod/global/DBSReader', 'https://cmsweb.cern.ch/dbs/prod/phys03/DBSWriter', 'F', "['RunIII2024Summer24NanoAODv15.root']", '[]', '[]', 'PrivateMC', 'pythia', '20', '{}', 'F', 'crab-prod-tw01', '[]', '1250', '4', '8000', '10', 'None', '[]', 'None', 'run_chain_Run3.sh', "['inputGridpack=/eos/user/f/ffiore/VBS/Gridpacks/ZZ/VBS_ZZ_semilep_el8_amd64_gcc10_CMSSW_12_4_8_tarball.tar.xz', 'nEvents=20', 'nThreads=4']", '[]', 'None', 'crab3@vocms0107.cern.ch', 'F', '[]', 'T', '/store/user/ffiore/', 'F', 'None', 'F', 'None', 'VBS_semilep_ZZ_EWK_2024_v15', 'None', '94a8f19f1e3b9ef3cc8dadb1c94796add14982c3c24a1b0d73813a0222aa640c.tar.gz', '157556329', 'F', '188.184.75.82', '40.0', 'None', '{"partialdataset": false, "requireaccelerator": false, "acceleratorparams": null, "inputblocks": null}', 'None', 'None', 'None', 'None', 'any', 'NOT_READY', '2', 'T']}
INFO 2026-09-01 14:45:41.608 UTC: 	 CRAB project directory:		/afs/cern.ch/user/f/ffiore/work/produzione/crab_MC_private/VBS_semilep_ZZ_EWK_2024_v15/crab_VBS_semilep_ZZ_EWK_2024_v15
INFO 2026-09-01 14:45:41.608 UTC: 	 Task name:			260901_144431:ffiore_crab_VBS_semilep_ZZ_EWK_2024_v15
INFO 2026-09-01 14:45:41.608 UTC: 	 Grid scheduler - Task Worker:	crab3@vocms0107.cern.ch - crab-prod-tw01
INFO 2026-09-01 14:45:41.608 UTC: 	 Status on the CRAB server:	SUBMITTED
INFO 2026-09-01 14:45:41.608 UTC: 	 Task URL to use for HELP:	https://cmsweb.cern.ch/crabserver/ui/task/260901_144431%3Affiore_crab_VBS_semilep_ZZ_EWK_2024_v15
INFO 2026-09-01 14:45:41.620 UTC: 	 Dashboard monitoring URL:	https://monit-grafana.cern.ch/d/cmsTMDetail/cms-task-monitoring-task-view?orgId=11&var-user=ffiore&var-task=260901_144431%3Affiore_crab_VBS_semilep_ZZ_EWK_2024_v15&from=1788270271000&to=now
DEBUG 2026-09-01 14:45:41.620 UTC: 	 The CRAB server submitted your task to the Grid scheduler (cluster ID: 157556329)
INFO 2026-09-01 14:45:41.620 UTC: 	 Waiting for the Grid scheduler to bootstrap your task
DEBUG 2026-09-01 14:45:41.620 UTC: 	 Schedd has not reported back the webdir (yet)
INFO 2026-09-01 14:45:41.621 UTC: 	 Log file is /afs/cern.ch/user/f/ffiore/work/produzione/crab_MC_private/VBS_semilep_ZZ_EWK_2024_v15/crab_VBS_semilep_ZZ_EWK_2024_v15/crab.log
DEBUG 2026-09-01 14:45:46.256 UTC: 	 CRAB Client version: v3.260630
DEBUG 2026-09-01 14:45:46.256 UTC: 	 Running on: Linux lxplus813.cern.ch 4.18.0-553.151.1.el8_10.x86_64 #1 SMP Sun Aug 2 20:57:00 EDT 2026 x86_64 x86_64 x86_64 GNU/Linux
DEBUG 2026-09-01 14:45:46.256 UTC: 	 Not using Singularity
DEBUG 2026-09-01 14:45:46.256 UTC: 	 Operating System: Red Hat Enterprise Linux 8.10 (Ootpa)
DEBUG 2026-09-01 14:45:46.256 UTC: 	 Executing command: 'status'
DEBUG 2026-09-01 14:45:46.256 UTC: 	 Found CRAB cache file /afs/cern.ch/user/f/ffiore/.crab3
DEBUG 2026-09-01 14:45:46.263 UTC: 	 Checking credentials
DEBUG 2026-09-01 14:45:46.263 UTC: 	 Found proxy file /tmp/x509up_u178888
DEBUG 2026-09-01 14:45:46.263 UTC: 	 Making sure it has proper VOMS extension
DEBUG 2026-09-01 14:45:46.264 UTC: 	 Executing command :
 voms-proxy-info --vo --file /tmp/x509up_u178888
DEBUG 2026-09-01 14:45:46.287 UTC: 	 output : cms

 error: 
 retcode : 0
DEBUG 2026-09-01 14:45:46.287 UTC: 	 Getting proxy life time left
DEBUG 2026-09-01 14:45:46.287 UTC: 	 Executing command :
 voms-proxy-info --actimeleft --timeleft --file /tmp/x509up_u178888
DEBUG 2026-09-01 14:45:46.311 UTC: 	 output : 603976
603976

 error: 
 retcode : 0
DEBUG 2026-09-01 14:45:46.312 UTC: 	 Proxy valid for 167:46:16 hours
DEBUG 2026-09-01 14:45:46.312 UTC: 	 Encoded data for curl request: subresource=delegatedn
DEBUG 2026-09-01 14:45:46.363 UTC: 	 Registering user credentials on myproxy for /DC=ch/DC=cern/OU=Organic Units/OU=Users/CN=cmscrab/CN=(817881|373708)/CN=Robot: cms crab|/DC=ch/DC=cern/OU=Organic Units/OU=Users/CN=crabint1/CN=373708/CN=Robot: CMS CRAB Integration 1
DEBUG 2026-09-01 14:45:46.363 UTC: 	 Executing command :
 voms-proxy-info --identity --file /tmp/x509up_u178888
DEBUG 2026-09-01 14:45:46.434 UTC: 	 output : /DC=ch/DC=cern/OU=Organic Units/OU=Users/CN=ffiore/CN=883264/CN=Francesca Fiore

 error: 
 retcode : 0
DEBUG 2026-09-01 14:45:46.434 UTC: 	 Getting myproxy life time left for 1108dd7240a979e136768c977b197b9a1dace71c
DEBUG 2026-09-01 14:45:46.434 UTC: 	 Executing command :
 myproxy-info -s myproxy.cern.ch -l 1108dd7240a979e136768c977b197b9a1dace71c
DEBUG 2026-09-01 14:45:46.707 UTC: 	 output : username: 1108dd7240a979e136768c977b197b9a1dace71c
owner: /DC=ch/DC=cern/OU=Organic Units/OU=Users/CN=ffiore/CN=883264/CN=Francesca Fiore
  renewal policy: /DC=ch/DC=cern/OU=Organic Units/OU=Users/CN=cmscrab/CN=(817881|373708)/CN=Robot: cms crab|/DC=ch/DC=cern/OU=Organic Units/OU=Users/CN=crabint1/CN=373708/CN=Robot: CMS CRAB Integration 1
  trusted retrieval policy: /DC=ch/DC=cern/OU=Organic Units/OU=Users/CN=cmscrab/CN=(817881|373708)/CN=Robot: cms crab|/DC=ch/DC=cern/OU=Organic Units/OU=Users/CN=crabint1/CN=373708/CN=Robot: CMS CRAB Integration 1
  timeleft: 719:52:56  (30.0 days)

 error: 
 retcode : 0
DEBUG 2026-09-01 14:45:46.707 UTC: 	 Myproxy is valid: 2591520
DEBUG 2026-09-01 14:45:46.707 UTC: 	 Result of myproxy credential check:
  Credential exists on myproxy: username: 1108dd7240a979e136768c977b197b9a1dace71c  - validity: 29 days, 23:52:00
DEBUG 2026-09-01 14:45:46.707 UTC: 	 Retrieving username ...
DEBUG 2026-09-01 14:45:46.707 UTC: 	 Retrieving username from CRIC...
DEBUG 2026-09-01 14:45:47.564 UTC: 	 username is ffiore
INFO 2026-09-01 14:45:48.752 UTC: 	 Rucio client intialized for account ffiore
DEBUG 2026-09-01 14:45:48.753 UTC: 	 Command use: status
DEBUG 2026-09-01 14:45:48.753 UTC: 	 Options use: ['-d', 'VBS_semilep_ZZ_EWK_2024_v15/crab_VBS_semilep_ZZ_EWK_2024_v15']
DEBUG 2026-09-01 14:45:48.753 UTC: 	 Encoded data for curl request: subresource=version
DEBUG 2026-09-01 14:45:48.808 UTC: 	 CRABClient version: v3.260630
DEBUG 2026-09-01 14:45:48.808 UTC: 	 Instance is prod
DEBUG 2026-09-01 14:45:48.808 UTC: 	 Server base url is cmsweb.cern.ch
DEBUG 2026-09-01 14:45:48.808 UTC: 	 Command api workflow
DEBUG 2026-09-01 14:45:48.809 UTC: 	 Encoded data for curl request: subresource=search&workflow=260901_144431%3Affiore_crab_VBS_semilep_ZZ_EWK_2024_v15
DEBUG 2026-09-01 14:45:48.877 UTC: 	 Got information from server oracle database: {'desc': {'columns': ['tm_taskname', 'tm_activity', 'tm_task_status', 'tm_task_command', 'tm_start_time', 'tm_start_injection', 'tm_end_injection', 'tm_task_failure', 'tm_job_sw', 'tm_job_arch', 'tm_input_dataset', 'tm_nonvalid_input_dataset', 'tm_use_parent', 'tm_site_whitelist', 'tm_site_blacklist', 'tm_split_algo', 'tm_split_args', 'tm_user_sandbox', 'tm_cache_url', 'tm_username', 'tm_user_dn', 'tm_user_vo', 'tm_user_role', 'tm_user_group', 'tm_publish_name', 'tm_publish_groupname', 'tm_asyncdest', 'tm_dbs_url', 'tm_publish_dbs_url', 'tm_publication', 'tm_outfiles', 'tm_tfile_outfiles', 'tm_edm_outfiles', 'tm_job_type', 'tm_generator', 'tm_events_per_lumi', 'tm_arguments', 'tm_save_logs', 'tw_name', 'tm_user_infiles', 'tm_maxjobruntime', 'tm_numcores', 'tm_maxmemory', 'tm_priority', 'tm_output_dataset', 'tm_task_warnings', 'tm_user_webdir', 'tm_scriptexe', 'tm_scriptargs', 'tm_extrajdl', 'tm_collector', 'tm_schedd', 'tm_dry_run', 'tm_user_files', 'tm_transfer_outputs', 'tm_output_lfn', 'tm_ignore_locality', 'tm_fail_limit', 'tm_one_event_mode', 'tm_secondary_input_dataset', 'tm_primary_dataset', 'tm_last_publication', 'tm_debug_files', 'clusterid', 'tm_ignore_global_blacklist', 'tm_submitter_ip_addr', 'tm_totalunits', 'tm_ddm_reqid', 'tm_user_config', 'tm_transfer_container', 'tm_transfer_rule', 'tm_publish_rule', 'tm_multipub_rule', 'tm_job_min_microarch', 'tm_dagman_status', 'tm_num_jobs', 'tm_uploaded']}, 'result': ['260901_144431:ffiore_crab_VBS_semilep_ZZ_EWK_2024_v15', 'None', 'SUBMITTED', 'SUBMIT', '2026-09-01 14:44:31.616930', 'None', '2026-09-01 14:45:08.868905', 'None', 'CMSSW_14_0_19', 'el8_amd64_gcc12', 'None', 'F', '0', '[]', '[]', 'EventBased', "{'halt_job_on_file_boundaries': False, 'splitOnRun': False, 'events_per_job': 20, 'runs': [], 'lumis': []}", '327bd52f595f48c090078a053cc387f51dc21d47f20d04959cb8ce4f1e43640d.tar.gz', 'S3/crabcache_prod', 'ffiore', '/DC=ch/DC=cern/OU=Organic Units/OU=Users/CN=ffiore/CN=883264/CN=Francesca Fiore', 'cms', 'None', 'None', 'VBS_semilep_ZZ_EWK_2024_v15-00000000000000000000000000000000', 'F', 'T2_IT_Legnaro', 'https://cmsweb.cern.ch/dbs/prod/global/DBSReader', 'https://cmsweb.cern.ch/dbs/prod/phys03/DBSWriter', 'F', "['RunIII2024Summer24NanoAODv15.root']", '[]', '[]', 'PrivateMC', 'pythia', '20', '{}', 'F', 'crab-prod-tw01', '[]', '1250', '4', '8000', '10', 'None', '[]', 'None', 'run_chain_Run3.sh', "['inputGridpack=/eos/user/f/ffiore/VBS/Gridpacks/ZZ/VBS_ZZ_semilep_el8_amd64_gcc10_CMSSW_12_4_8_tarball.tar.xz', 'nEvents=20', 'nThreads=4']", '[]', 'None', 'crab3@vocms0107.cern.ch', 'F', '[]', 'T', '/store/user/ffiore/', 'F', 'None', 'F', 'None', 'VBS_semilep_ZZ_EWK_2024_v15', 'None', '94a8f19f1e3b9ef3cc8dadb1c94796add14982c3c24a1b0d73813a0222aa640c.tar.gz', '157556329', 'F', '188.184.75.82', '40.0', 'None', '{"partialdataset": false, "requireaccelerator": false, "acceleratorparams": null, "inputblocks": null}', 'None', 'None', 'None', 'None', 'any', 'NOT_READY', '2', 'T']}
INFO 2026-09-01 14:45:48.877 UTC: 	 CRAB project directory:		/afs/cern.ch/user/f/ffiore/work/produzione/crab_MC_private/VBS_semilep_ZZ_EWK_2024_v15/crab_VBS_semilep_ZZ_EWK_2024_v15
INFO 2026-09-01 14:45:48.877 UTC: 	 Task name:			260901_144431:ffiore_crab_VBS_semilep_ZZ_EWK_2024_v15
INFO 2026-09-01 14:45:48.877 UTC: 	 Grid scheduler - Task Worker:	crab3@vocms0107.cern.ch - crab-prod-tw01
INFO 2026-09-01 14:45:48.877 UTC: 	 Status on the CRAB server:	SUBMITTED
INFO 2026-09-01 14:45:48.878 UTC: 	 Task URL to use for HELP:	https://cmsweb.cern.ch/crabserver/ui/task/260901_144431%3Affiore_crab_VBS_semilep_ZZ_EWK_2024_v15
INFO 2026-09-01 14:45:48.887 UTC: 	 Dashboard monitoring URL:	https://monit-grafana.cern.ch/d/cmsTMDetail/cms-task-monitoring-task-view?orgId=11&var-user=ffiore&var-task=260901_144431%3Affiore_crab_VBS_semilep_ZZ_EWK_2024_v15&from=1788270271000&to=now
DEBUG 2026-09-01 14:45:48.887 UTC: 	 The CRAB server submitted your task to the Grid scheduler (cluster ID: 157556329)
INFO 2026-09-01 14:45:48.887 UTC: 	 Waiting for the Grid scheduler to bootstrap your task
DEBUG 2026-09-01 14:45:48.887 UTC: 	 Schedd has not reported back the webdir (yet)
INFO 2026-09-01 14:45:48.889 UTC: 	 Log file is /afs/cern.ch/user/f/ffiore/work/produzione/crab_MC_private/VBS_semilep_ZZ_EWK_2024_v15/crab_VBS_semilep_ZZ_EWK_2024_v15/crab.log
DEBUG 2026-09-01 14:45:53.537 UTC: 	 CRAB Client version: v3.260630
DEBUG 2026-09-01 14:45:53.537 UTC: 	 Running on: Linux lxplus813.cern.ch 4.18.0-553.151.1.el8_10.x86_64 #1 SMP Sun Aug 2 20:57:00 EDT 2026 x86_64 x86_64 x86_64 GNU/Linux
DEBUG 2026-09-01 14:45:53.537 UTC: 	 Not using Singularity
DEBUG 2026-09-01 14:45:53.537 UTC: 	 Operating System: Red Hat Enterprise Linux 8.10 (Ootpa)
DEBUG 2026-09-01 14:45:53.537 UTC: 	 Executing command: 'status'
DEBUG 2026-09-01 14:45:53.538 UTC: 	 Found CRAB cache file /afs/cern.ch/user/f/ffiore/.crab3
DEBUG 2026-09-01 14:45:53.546 UTC: 	 Checking credentials
DEBUG 2026-09-01 14:45:53.546 UTC: 	 Found proxy file /tmp/x509up_u178888
DEBUG 2026-09-01 14:45:53.546 UTC: 	 Making sure it has proper VOMS extension
DEBUG 2026-09-01 14:45:53.546 UTC: 	 Executing command :
 voms-proxy-info --vo --file /tmp/x509up_u178888
DEBUG 2026-09-01 14:45:53.568 UTC: 	 output : cms

 error: 
 retcode : 0
DEBUG 2026-09-01 14:45:53.568 UTC: 	 Getting proxy life time left
DEBUG 2026-09-01 14:45:53.568 UTC: 	 Executing command :
 voms-proxy-info --actimeleft --timeleft --file /tmp/x509up_u178888
DEBUG 2026-09-01 14:45:53.591 UTC: 	 output : 603969
603969

 error: 
 retcode : 0
DEBUG 2026-09-01 14:45:53.591 UTC: 	 Proxy valid for 167:46:09 hours
DEBUG 2026-09-01 14:45:53.591 UTC: 	 Encoded data for curl request: subresource=delegatedn
DEBUG 2026-09-01 14:45:53.631 UTC: 	 Registering user credentials on myproxy for /DC=ch/DC=cern/OU=Organic Units/OU=Users/CN=cmscrab/CN=(817881|373708)/CN=Robot: cms crab|/DC=ch/DC=cern/OU=Organic Units/OU=Users/CN=crabint1/CN=373708/CN=Robot: CMS CRAB Integration 1
DEBUG 2026-09-01 14:45:53.631 UTC: 	 Executing command :
 voms-proxy-info --identity --file /tmp/x509up_u178888
DEBUG 2026-09-01 14:45:53.660 UTC: 	 output : /DC=ch/DC=cern/OU=Organic Units/OU=Users/CN=ffiore/CN=883264/CN=Francesca Fiore

 error: 
 retcode : 0
DEBUG 2026-09-01 14:45:53.660 UTC: 	 Getting myproxy life time left for 1108dd7240a979e136768c977b197b9a1dace71c
DEBUG 2026-09-01 14:45:53.660 UTC: 	 Executing command :
 myproxy-info -s myproxy.cern.ch -l 1108dd7240a979e136768c977b197b9a1dace71c
DEBUG 2026-09-01 14:45:53.956 UTC: 	 output : username: 1108dd7240a979e136768c977b197b9a1dace71c
owner: /DC=ch/DC=cern/OU=Organic Units/OU=Users/CN=ffiore/CN=883264/CN=Francesca Fiore
  renewal policy: /DC=ch/DC=cern/OU=Organic Units/OU=Users/CN=cmscrab/CN=(817881|373708)/CN=Robot: cms crab|/DC=ch/DC=cern/OU=Organic Units/OU=Users/CN=crabint1/CN=373708/CN=Robot: CMS CRAB Integration 1
  trusted retrieval policy: /DC=ch/DC=cern/OU=Organic Units/OU=Users/CN=cmscrab/CN=(817881|373708)/CN=Robot: cms crab|/DC=ch/DC=cern/OU=Organic Units/OU=Users/CN=crabint1/CN=373708/CN=Robot: CMS CRAB Integration 1
  timeleft: 719:52:49  (30.0 days)

 error: 
 retcode : 0
DEBUG 2026-09-01 14:45:53.956 UTC: 	 Myproxy is valid: 2591520
DEBUG 2026-09-01 14:45:53.956 UTC: 	 Result of myproxy credential check:
  Credential exists on myproxy: username: 1108dd7240a979e136768c977b197b9a1dace71c  - validity: 29 days, 23:52:00
DEBUG 2026-09-01 14:45:53.956 UTC: 	 Retrieving username ...
DEBUG 2026-09-01 14:45:53.956 UTC: 	 Retrieving username from CRIC...
DEBUG 2026-09-01 14:45:54.921 UTC: 	 username is ffiore
INFO 2026-09-01 14:45:56.025 UTC: 	 Rucio client intialized for account ffiore
DEBUG 2026-09-01 14:45:56.025 UTC: 	 Command use: status
DEBUG 2026-09-01 14:45:56.025 UTC: 	 Options use: ['-d', 'VBS_semilep_ZZ_EWK_2024_v15/crab_VBS_semilep_ZZ_EWK_2024_v15']
DEBUG 2026-09-01 14:45:56.026 UTC: 	 Encoded data for curl request: subresource=version
DEBUG 2026-09-01 14:45:56.090 UTC: 	 CRABClient version: v3.260630
DEBUG 2026-09-01 14:45:56.090 UTC: 	 Instance is prod
DEBUG 2026-09-01 14:45:56.090 UTC: 	 Server base url is cmsweb.cern.ch
DEBUG 2026-09-01 14:45:56.090 UTC: 	 Command api workflow
DEBUG 2026-09-01 14:45:56.090 UTC: 	 Encoded data for curl request: subresource=search&workflow=260901_144431%3Affiore_crab_VBS_semilep_ZZ_EWK_2024_v15
DEBUG 2026-09-01 14:45:56.144 UTC: 	 Got information from server oracle database: {'desc': {'columns': ['tm_taskname', 'tm_activity', 'tm_task_status', 'tm_task_command', 'tm_start_time', 'tm_start_injection', 'tm_end_injection', 'tm_task_failure', 'tm_job_sw', 'tm_job_arch', 'tm_input_dataset', 'tm_nonvalid_input_dataset', 'tm_use_parent', 'tm_site_whitelist', 'tm_site_blacklist', 'tm_split_algo', 'tm_split_args', 'tm_user_sandbox', 'tm_cache_url', 'tm_username', 'tm_user_dn', 'tm_user_vo', 'tm_user_role', 'tm_user_group', 'tm_publish_name', 'tm_publish_groupname', 'tm_asyncdest', 'tm_dbs_url', 'tm_publish_dbs_url', 'tm_publication', 'tm_outfiles', 'tm_tfile_outfiles', 'tm_edm_outfiles', 'tm_job_type', 'tm_generator', 'tm_events_per_lumi', 'tm_arguments', 'tm_save_logs', 'tw_name', 'tm_user_infiles', 'tm_maxjobruntime', 'tm_numcores', 'tm_maxmemory', 'tm_priority', 'tm_output_dataset', 'tm_task_warnings', 'tm_user_webdir', 'tm_scriptexe', 'tm_scriptargs', 'tm_extrajdl', 'tm_collector', 'tm_schedd', 'tm_dry_run', 'tm_user_files', 'tm_transfer_outputs', 'tm_output_lfn', 'tm_ignore_locality', 'tm_fail_limit', 'tm_one_event_mode', 'tm_secondary_input_dataset', 'tm_primary_dataset', 'tm_last_publication', 'tm_debug_files', 'clusterid', 'tm_ignore_global_blacklist', 'tm_submitter_ip_addr', 'tm_totalunits', 'tm_ddm_reqid', 'tm_user_config', 'tm_transfer_container', 'tm_transfer_rule', 'tm_publish_rule', 'tm_multipub_rule', 'tm_job_min_microarch', 'tm_dagman_status', 'tm_num_jobs', 'tm_uploaded']}, 'result': ['260901_144431:ffiore_crab_VBS_semilep_ZZ_EWK_2024_v15', 'None', 'SUBMITTED', 'SUBMIT', '2026-09-01 14:44:31.616930', 'None', '2026-09-01 14:45:08.868905', 'None', 'CMSSW_14_0_19', 'el8_amd64_gcc12', 'None', 'F', '0', '[]', '[]', 'EventBased', "{'halt_job_on_file_boundaries': False, 'splitOnRun': False, 'events_per_job': 20, 'runs': [], 'lumis': []}", '327bd52f595f48c090078a053cc387f51dc21d47f20d04959cb8ce4f1e43640d.tar.gz', 'S3/crabcache_prod', 'ffiore', '/DC=ch/DC=cern/OU=Organic Units/OU=Users/CN=ffiore/CN=883264/CN=Francesca Fiore', 'cms', 'None', 'None', 'VBS_semilep_ZZ_EWK_2024_v15-00000000000000000000000000000000', 'F', 'T2_IT_Legnaro', 'https://cmsweb.cern.ch/dbs/prod/global/DBSReader', 'https://cmsweb.cern.ch/dbs/prod/phys03/DBSWriter', 'F', "['RunIII2024Summer24NanoAODv15.root']", '[]', '[]', 'PrivateMC', 'pythia', '20', '{}', 'F', 'crab-prod-tw01', '[]', '1250', '4', '8000', '10', 'None', '[]', 'None', 'run_chain_Run3.sh', "['inputGridpack=/eos/user/f/ffiore/VBS/Gridpacks/ZZ/VBS_ZZ_semilep_el8_amd64_gcc10_CMSSW_12_4_8_tarball.tar.xz', 'nEvents=20', 'nThreads=4']", '[]', 'None', 'crab3@vocms0107.cern.ch', 'F', '[]', 'T', '/store/user/ffiore/', 'F', 'None', 'F', 'None', 'VBS_semilep_ZZ_EWK_2024_v15', 'None', '94a8f19f1e3b9ef3cc8dadb1c94796add14982c3c24a1b0d73813a0222aa640c.tar.gz', '157556329', 'F', '188.184.75.82', '40.0', 'None', '{"partialdataset": false, "requireaccelerator": false, "acceleratorparams": null, "inputblocks": null}', 'None', 'None', 'None', 'None', 'any', 'NOT_READY', '2', 'T']}
INFO 2026-09-01 14:45:56.144 UTC: 	 CRAB project directory:		/afs/cern.ch/user/f/ffiore/work/produzione/crab_MC_private/VBS_semilep_ZZ_EWK_2024_v15/crab_VBS_semilep_ZZ_EWK_2024_v15
INFO 2026-09-01 14:45:56.144 UTC: 	 Task name:			260901_144431:ffiore_crab_VBS_semilep_ZZ_EWK_2024_v15
INFO 2026-09-01 14:45:56.144 UTC: 	 Grid scheduler - Task Worker:	crab3@vocms0107.cern.ch - crab-prod-tw01
INFO 2026-09-01 14:45:56.144 UTC: 	 Status on the CRAB server:	SUBMITTED
INFO 2026-09-01 14:45:56.144 UTC: 	 Task URL to use for HELP:	https://cmsweb.cern.ch/crabserver/ui/task/260901_144431%3Affiore_crab_VBS_semilep_ZZ_EWK_2024_v15
INFO 2026-09-01 14:45:56.153 UTC: 	 Dashboard monitoring URL:	https://monit-grafana.cern.ch/d/cmsTMDetail/cms-task-monitoring-task-view?orgId=11&var-user=ffiore&var-task=260901_144431%3Affiore_crab_VBS_semilep_ZZ_EWK_2024_v15&from=1788270271000&to=now
DEBUG 2026-09-01 14:45:56.154 UTC: 	 The CRAB server submitted your task to the Grid scheduler (cluster ID: 157556329)
INFO 2026-09-01 14:45:56.154 UTC: 	 Waiting for the Grid scheduler to bootstrap your task
DEBUG 2026-09-01 14:45:56.154 UTC: 	 Schedd has not reported back the webdir (yet)
INFO 2026-09-01 14:45:56.155 UTC: 	 Log file is /afs/cern.ch/user/f/ffiore/work/produzione/crab_MC_private/VBS_semilep_ZZ_EWK_2024_v15/crab_VBS_semilep_ZZ_EWK_2024_v15/crab.log
DEBUG 2026-09-01 14:46:00.659 UTC: 	 CRAB Client version: v3.260630
DEBUG 2026-09-01 14:46:00.659 UTC: 	 Running on: Linux lxplus813.cern.ch 4.18.0-553.151.1.el8_10.x86_64 #1 SMP Sun Aug 2 20:57:00 EDT 2026 x86_64 x86_64 x86_64 GNU/Linux
DEBUG 2026-09-01 14:46:00.659 UTC: 	 Not using Singularity
DEBUG 2026-09-01 14:46:00.659 UTC: 	 Operating System: Red Hat Enterprise Linux 8.10 (Ootpa)
DEBUG 2026-09-01 14:46:00.659 UTC: 	 Executing command: 'status'
DEBUG 2026-09-01 14:46:00.659 UTC: 	 Found CRAB cache file /afs/cern.ch/user/f/ffiore/.crab3
DEBUG 2026-09-01 14:46:00.666 UTC: 	 Checking credentials
DEBUG 2026-09-01 14:46:00.666 UTC: 	 Found proxy file /tmp/x509up_u178888
DEBUG 2026-09-01 14:46:00.666 UTC: 	 Making sure it has proper VOMS extension
DEBUG 2026-09-01 14:46:00.666 UTC: 	 Executing command :
 voms-proxy-info --vo --file /tmp/x509up_u178888
DEBUG 2026-09-01 14:46:00.693 UTC: 	 output : cms

 error: 
 retcode : 0
DEBUG 2026-09-01 14:46:00.694 UTC: 	 Getting proxy life time left
DEBUG 2026-09-01 14:46:00.694 UTC: 	 Executing command :
 voms-proxy-info --actimeleft --timeleft --file /tmp/x509up_u178888
DEBUG 2026-09-01 14:46:00.716 UTC: 	 output : 603962
603962

 error: 
 retcode : 0
DEBUG 2026-09-01 14:46:00.716 UTC: 	 Proxy valid for 167:46:02 hours
DEBUG 2026-09-01 14:46:00.717 UTC: 	 Encoded data for curl request: subresource=delegatedn
DEBUG 2026-09-01 14:46:00.760 UTC: 	 Registering user credentials on myproxy for /DC=ch/DC=cern/OU=Organic Units/OU=Users/CN=cmscrab/CN=(817881|373708)/CN=Robot: cms crab|/DC=ch/DC=cern/OU=Organic Units/OU=Users/CN=crabint1/CN=373708/CN=Robot: CMS CRAB Integration 1
DEBUG 2026-09-01 14:46:00.760 UTC: 	 Executing command :
 voms-proxy-info --identity --file /tmp/x509up_u178888
DEBUG 2026-09-01 14:46:00.790 UTC: 	 output : /DC=ch/DC=cern/OU=Organic Units/OU=Users/CN=ffiore/CN=883264/CN=Francesca Fiore

 error: 
 retcode : 0
DEBUG 2026-09-01 14:46:00.790 UTC: 	 Getting myproxy life time left for 1108dd7240a979e136768c977b197b9a1dace71c
DEBUG 2026-09-01 14:46:00.790 UTC: 	 Executing command :
 myproxy-info -s myproxy.cern.ch -l 1108dd7240a979e136768c977b197b9a1dace71c
DEBUG 2026-09-01 14:46:01.225 UTC: 	 output : username: 1108dd7240a979e136768c977b197b9a1dace71c
owner: /DC=ch/DC=cern/OU=Organic Units/OU=Users/CN=ffiore/CN=883264/CN=Francesca Fiore
  renewal policy: /DC=ch/DC=cern/OU=Organic Units/OU=Users/CN=cmscrab/CN=(817881|373708)/CN=Robot: cms crab|/DC=ch/DC=cern/OU=Organic Units/OU=Users/CN=crabint1/CN=373708/CN=Robot: CMS CRAB Integration 1
  trusted retrieval policy: /DC=ch/DC=cern/OU=Organic Units/OU=Users/CN=cmscrab/CN=(817881|373708)/CN=Robot: cms crab|/DC=ch/DC=cern/OU=Organic Units/OU=Users/CN=crabint1/CN=373708/CN=Robot: CMS CRAB Integration 1
  timeleft: 719:52:41  (30.0 days)

 error: 
 retcode : 0
DEBUG 2026-09-01 14:46:01.225 UTC: 	 Myproxy is valid: 2591520
DEBUG 2026-09-01 14:46:01.226 UTC: 	 Result of myproxy credential check:
  Credential exists on myproxy: username: 1108dd7240a979e136768c977b197b9a1dace71c  - validity: 29 days, 23:52:00
DEBUG 2026-09-01 14:46:01.226 UTC: 	 Retrieving username ...
DEBUG 2026-09-01 14:46:01.226 UTC: 	 Retrieving username from CRIC...
DEBUG 2026-09-01 14:46:02.723 UTC: 	 username is ffiore
INFO 2026-09-01 14:46:03.845 UTC: 	 Rucio client intialized for account ffiore
DEBUG 2026-09-01 14:46:03.846 UTC: 	 Command use: status
DEBUG 2026-09-01 14:46:03.846 UTC: 	 Options use: ['-d', 'VBS_semilep_ZZ_EWK_2024_v15/crab_VBS_semilep_ZZ_EWK_2024_v15']
DEBUG 2026-09-01 14:46:03.846 UTC: 	 Encoded data for curl request: subresource=version
DEBUG 2026-09-01 14:46:03.899 UTC: 	 CRABClient version: v3.260630
DEBUG 2026-09-01 14:46:03.899 UTC: 	 Instance is prod
DEBUG 2026-09-01 14:46:03.899 UTC: 	 Server base url is cmsweb.cern.ch
DEBUG 2026-09-01 14:46:03.899 UTC: 	 Command api workflow
DEBUG 2026-09-01 14:46:03.899 UTC: 	 Encoded data for curl request: subresource=search&workflow=260901_144431%3Affiore_crab_VBS_semilep_ZZ_EWK_2024_v15
DEBUG 2026-09-01 14:46:03.955 UTC: 	 Got information from server oracle database: {'desc': {'columns': ['tm_taskname', 'tm_activity', 'tm_task_status', 'tm_task_command', 'tm_start_time', 'tm_start_injection', 'tm_end_injection', 'tm_task_failure', 'tm_job_sw', 'tm_job_arch', 'tm_input_dataset', 'tm_nonvalid_input_dataset', 'tm_use_parent', 'tm_site_whitelist', 'tm_site_blacklist', 'tm_split_algo', 'tm_split_args', 'tm_user_sandbox', 'tm_cache_url', 'tm_username', 'tm_user_dn', 'tm_user_vo', 'tm_user_role', 'tm_user_group', 'tm_publish_name', 'tm_publish_groupname', 'tm_asyncdest', 'tm_dbs_url', 'tm_publish_dbs_url', 'tm_publication', 'tm_outfiles', 'tm_tfile_outfiles', 'tm_edm_outfiles', 'tm_job_type', 'tm_generator', 'tm_events_per_lumi', 'tm_arguments', 'tm_save_logs', 'tw_name', 'tm_user_infiles', 'tm_maxjobruntime', 'tm_numcores', 'tm_maxmemory', 'tm_priority', 'tm_output_dataset', 'tm_task_warnings', 'tm_user_webdir', 'tm_scriptexe', 'tm_scriptargs', 'tm_extrajdl', 'tm_collector', 'tm_schedd', 'tm_dry_run', 'tm_user_files', 'tm_transfer_outputs', 'tm_output_lfn', 'tm_ignore_locality', 'tm_fail_limit', 'tm_one_event_mode', 'tm_secondary_input_dataset', 'tm_primary_dataset', 'tm_last_publication', 'tm_debug_files', 'clusterid', 'tm_ignore_global_blacklist', 'tm_submitter_ip_addr', 'tm_totalunits', 'tm_ddm_reqid', 'tm_user_config', 'tm_transfer_container', 'tm_transfer_rule', 'tm_publish_rule', 'tm_multipub_rule', 'tm_job_min_microarch', 'tm_dagman_status', 'tm_num_jobs', 'tm_uploaded']}, 'result': ['260901_144431:ffiore_crab_VBS_semilep_ZZ_EWK_2024_v15', 'None', 'SUBMITTED', 'SUBMIT', '2026-09-01 14:44:31.616930', 'None', '2026-09-01 14:45:08.868905', 'None', 'CMSSW_14_0_19', 'el8_amd64_gcc12', 'None', 'F', '0', '[]', '[]', 'EventBased', "{'halt_job_on_file_boundaries': False, 'splitOnRun': False, 'events_per_job': 20, 'runs': [], 'lumis': []}", '327bd52f595f48c090078a053cc387f51dc21d47f20d04959cb8ce4f1e43640d.tar.gz', 'S3/crabcache_prod', 'ffiore', '/DC=ch/DC=cern/OU=Organic Units/OU=Users/CN=ffiore/CN=883264/CN=Francesca Fiore', 'cms', 'None', 'None', 'VBS_semilep_ZZ_EWK_2024_v15-00000000000000000000000000000000', 'F', 'T2_IT_Legnaro', 'https://cmsweb.cern.ch/dbs/prod/global/DBSReader', 'https://cmsweb.cern.ch/dbs/prod/phys03/DBSWriter', 'F', "['RunIII2024Summer24NanoAODv15.root']", '[]', '[]', 'PrivateMC', 'pythia', '20', '{}', 'F', 'crab-prod-tw01', '[]', '1250', '4', '8000', '10', 'None', '[]', 'None', 'run_chain_Run3.sh', "['inputGridpack=/eos/user/f/ffiore/VBS/Gridpacks/ZZ/VBS_ZZ_semilep_el8_amd64_gcc10_CMSSW_12_4_8_tarball.tar.xz', 'nEvents=20', 'nThreads=4']", '[]', 'None', 'crab3@vocms0107.cern.ch', 'F', '[]', 'T', '/store/user/ffiore/', 'F', 'None', 'F', 'None', 'VBS_semilep_ZZ_EWK_2024_v15', 'None', '94a8f19f1e3b9ef3cc8dadb1c94796add14982c3c24a1b0d73813a0222aa640c.tar.gz', '157556329', 'F', '188.184.75.82', '40.0', 'None', '{"partialdataset": false, "requireaccelerator": false, "acceleratorparams": null, "inputblocks": null}', 'None', 'None', 'None', 'None', 'any', 'NOT_READY', '2', 'T']}
INFO 2026-09-01 14:46:03.956 UTC: 	 CRAB project directory:		/afs/cern.ch/user/f/ffiore/work/produzione/crab_MC_private/VBS_semilep_ZZ_EWK_2024_v15/crab_VBS_semilep_ZZ_EWK_2024_v15
INFO 2026-09-01 14:46:03.956 UTC: 	 Task name:			260901_144431:ffiore_crab_VBS_semilep_ZZ_EWK_2024_v15
INFO 2026-09-01 14:46:03.956 UTC: 	 Grid scheduler - Task Worker:	crab3@vocms0107.cern.ch - crab-prod-tw01
INFO 2026-09-01 14:46:03.956 UTC: 	 Status on the CRAB server:	SUBMITTED
INFO 2026-09-01 14:46:03.956 UTC: 	 Task URL to use for HELP:	https://cmsweb.cern.ch/crabserver/ui/task/260901_144431%3Affiore_crab_VBS_semilep_ZZ_EWK_2024_v15
INFO 2026-09-01 14:46:03.966 UTC: 	 Dashboard monitoring URL:	https://monit-grafana.cern.ch/d/cmsTMDetail/cms-task-monitoring-task-view?orgId=11&var-user=ffiore&var-task=260901_144431%3Affiore_crab_VBS_semilep_ZZ_EWK_2024_v15&from=1788270271000&to=now
DEBUG 2026-09-01 14:46:03.966 UTC: 	 The CRAB server submitted your task to the Grid scheduler (cluster ID: 157556329)
INFO 2026-09-01 14:46:03.966 UTC: 	 Waiting for the Grid scheduler to bootstrap your task
DEBUG 2026-09-01 14:46:03.966 UTC: 	 Schedd has not reported back the webdir (yet)
INFO 2026-09-01 14:46:03.968 UTC: 	 Log file is /afs/cern.ch/user/f/ffiore/work/produzione/crab_MC_private/VBS_semilep_ZZ_EWK_2024_v15/crab_VBS_semilep_ZZ_EWK_2024_v15/crab.log
DEBUG 2026-09-01 14:46:09.009 UTC: 	 CRAB Client version: v3.260630
DEBUG 2026-09-01 14:46:09.010 UTC: 	 Running on: Linux lxplus813.cern.ch 4.18.0-553.151.1.el8_10.x86_64 #1 SMP Sun Aug 2 20:57:00 EDT 2026 x86_64 x86_64 x86_64 GNU/Linux
DEBUG 2026-09-01 14:46:09.010 UTC: 	 Not using Singularity
DEBUG 2026-09-01 14:46:09.010 UTC: 	 Operating System: Red Hat Enterprise Linux 8.10 (Ootpa)
DEBUG 2026-09-01 14:46:09.010 UTC: 	 Executing command: 'status'
DEBUG 2026-09-01 14:46:09.010 UTC: 	 Found CRAB cache file /afs/cern.ch/user/f/ffiore/.crab3
DEBUG 2026-09-01 14:46:09.016 UTC: 	 Checking credentials
DEBUG 2026-09-01 14:46:09.017 UTC: 	 Found proxy file /tmp/x509up_u178888
DEBUG 2026-09-01 14:46:09.017 UTC: 	 Making sure it has proper VOMS extension
DEBUG 2026-09-01 14:46:09.017 UTC: 	 Executing command :
 voms-proxy-info --vo --file /tmp/x509up_u178888
DEBUG 2026-09-01 14:46:09.051 UTC: 	 output : cms

 error: 
 retcode : 0
DEBUG 2026-09-01 14:46:09.051 UTC: 	 Getting proxy life time left
DEBUG 2026-09-01 14:46:09.051 UTC: 	 Executing command :
 voms-proxy-info --actimeleft --timeleft --file /tmp/x509up_u178888
DEBUG 2026-09-01 14:46:09.084 UTC: 	 output : 603953
603953

 error: 
 retcode : 0
DEBUG 2026-09-01 14:46:09.084 UTC: 	 Proxy valid for 167:45:53 hours
DEBUG 2026-09-01 14:46:09.084 UTC: 	 Encoded data for curl request: subresource=delegatedn
DEBUG 2026-09-01 14:46:09.135 UTC: 	 Registering user credentials on myproxy for /DC=ch/DC=cern/OU=Organic Units/OU=Users/CN=cmscrab/CN=(817881|373708)/CN=Robot: cms crab|/DC=ch/DC=cern/OU=Organic Units/OU=Users/CN=crabint1/CN=373708/CN=Robot: CMS CRAB Integration 1
DEBUG 2026-09-01 14:46:09.135 UTC: 	 Executing command :
 voms-proxy-info --identity --file /tmp/x509up_u178888
DEBUG 2026-09-01 14:46:09.163 UTC: 	 output : /DC=ch/DC=cern/OU=Organic Units/OU=Users/CN=ffiore/CN=883264/CN=Francesca Fiore

 error: 
 retcode : 0
DEBUG 2026-09-01 14:46:09.163 UTC: 	 Getting myproxy life time left for 1108dd7240a979e136768c977b197b9a1dace71c
DEBUG 2026-09-01 14:46:09.163 UTC: 	 Executing command :
 myproxy-info -s myproxy.cern.ch -l 1108dd7240a979e136768c977b197b9a1dace71c
DEBUG 2026-09-01 14:46:09.456 UTC: 	 output : username: 1108dd7240a979e136768c977b197b9a1dace71c
owner: /DC=ch/DC=cern/OU=Organic Units/OU=Users/CN=ffiore/CN=883264/CN=Francesca Fiore
  renewal policy: /DC=ch/DC=cern/OU=Organic Units/OU=Users/CN=cmscrab/CN=(817881|373708)/CN=Robot: cms crab|/DC=ch/DC=cern/OU=Organic Units/OU=Users/CN=crabint1/CN=373708/CN=Robot: CMS CRAB Integration 1
  trusted retrieval policy: /DC=ch/DC=cern/OU=Organic Units/OU=Users/CN=cmscrab/CN=(817881|373708)/CN=Robot: cms crab|/DC=ch/DC=cern/OU=Organic Units/OU=Users/CN=crabint1/CN=373708/CN=Robot: CMS CRAB Integration 1
  timeleft: 719:52:33  (30.0 days)

 error: 
 retcode : 0
DEBUG 2026-09-01 14:46:09.457 UTC: 	 Myproxy is valid: 2591520
DEBUG 2026-09-01 14:46:09.457 UTC: 	 Result of myproxy credential check:
  Credential exists on myproxy: username: 1108dd7240a979e136768c977b197b9a1dace71c  - validity: 29 days, 23:52:00
DEBUG 2026-09-01 14:46:09.457 UTC: 	 Retrieving username ...
DEBUG 2026-09-01 14:46:09.457 UTC: 	 Retrieving username from CRIC...
DEBUG 2026-09-01 14:46:10.631 UTC: 	 username is ffiore
INFO 2026-09-01 14:46:11.728 UTC: 	 Rucio client intialized for account ffiore
DEBUG 2026-09-01 14:46:11.729 UTC: 	 Command use: status
DEBUG 2026-09-01 14:46:11.729 UTC: 	 Options use: ['-d', 'VBS_semilep_ZZ_EWK_2024_v15/crab_VBS_semilep_ZZ_EWK_2024_v15']
DEBUG 2026-09-01 14:46:11.729 UTC: 	 Encoded data for curl request: subresource=version
DEBUG 2026-09-01 14:46:11.791 UTC: 	 CRABClient version: v3.260630
DEBUG 2026-09-01 14:46:11.791 UTC: 	 Instance is prod
DEBUG 2026-09-01 14:46:11.791 UTC: 	 Server base url is cmsweb.cern.ch
DEBUG 2026-09-01 14:46:11.791 UTC: 	 Command api workflow
DEBUG 2026-09-01 14:46:11.792 UTC: 	 Encoded data for curl request: subresource=search&workflow=260901_144431%3Affiore_crab_VBS_semilep_ZZ_EWK_2024_v15
DEBUG 2026-09-01 14:46:11.853 UTC: 	 Got information from server oracle database: {'desc': {'columns': ['tm_taskname', 'tm_activity', 'tm_task_status', 'tm_task_command', 'tm_start_time', 'tm_start_injection', 'tm_end_injection', 'tm_task_failure', 'tm_job_sw', 'tm_job_arch', 'tm_input_dataset', 'tm_nonvalid_input_dataset', 'tm_use_parent', 'tm_site_whitelist', 'tm_site_blacklist', 'tm_split_algo', 'tm_split_args', 'tm_user_sandbox', 'tm_cache_url', 'tm_username', 'tm_user_dn', 'tm_user_vo', 'tm_user_role', 'tm_user_group', 'tm_publish_name', 'tm_publish_groupname', 'tm_asyncdest', 'tm_dbs_url', 'tm_publish_dbs_url', 'tm_publication', 'tm_outfiles', 'tm_tfile_outfiles', 'tm_edm_outfiles', 'tm_job_type', 'tm_generator', 'tm_events_per_lumi', 'tm_arguments', 'tm_save_logs', 'tw_name', 'tm_user_infiles', 'tm_maxjobruntime', 'tm_numcores', 'tm_maxmemory', 'tm_priority', 'tm_output_dataset', 'tm_task_warnings', 'tm_user_webdir', 'tm_scriptexe', 'tm_scriptargs', 'tm_extrajdl', 'tm_collector', 'tm_schedd', 'tm_dry_run', 'tm_user_files', 'tm_transfer_outputs', 'tm_output_lfn', 'tm_ignore_locality', 'tm_fail_limit', 'tm_one_event_mode', 'tm_secondary_input_dataset', 'tm_primary_dataset', 'tm_last_publication', 'tm_debug_files', 'clusterid', 'tm_ignore_global_blacklist', 'tm_submitter_ip_addr', 'tm_totalunits', 'tm_ddm_reqid', 'tm_user_config', 'tm_transfer_container', 'tm_transfer_rule', 'tm_publish_rule', 'tm_multipub_rule', 'tm_job_min_microarch', 'tm_dagman_status', 'tm_num_jobs', 'tm_uploaded']}, 'result': ['260901_144431:ffiore_crab_VBS_semilep_ZZ_EWK_2024_v15', 'None', 'SUBMITTED', 'SUBMIT', '2026-09-01 14:44:31.616930', 'None', '2026-09-01 14:45:08.868905', 'None', 'CMSSW_14_0_19', 'el8_amd64_gcc12', 'None', 'F', '0', '[]', '[]', 'EventBased', "{'halt_job_on_file_boundaries': False, 'splitOnRun': False, 'events_per_job': 20, 'runs': [], 'lumis': []}", '327bd52f595f48c090078a053cc387f51dc21d47f20d04959cb8ce4f1e43640d.tar.gz', 'S3/crabcache_prod', 'ffiore', '/DC=ch/DC=cern/OU=Organic Units/OU=Users/CN=ffiore/CN=883264/CN=Francesca Fiore', 'cms', 'None', 'None', 'VBS_semilep_ZZ_EWK_2024_v15-00000000000000000000000000000000', 'F', 'T2_IT_Legnaro', 'https://cmsweb.cern.ch/dbs/prod/global/DBSReader', 'https://cmsweb.cern.ch/dbs/prod/phys03/DBSWriter', 'F', "['RunIII2024Summer24NanoAODv15.root']", '[]', '[]', 'PrivateMC', 'pythia', '20', '{}', 'F', 'crab-prod-tw01', '[]', '1250', '4', '8000', '10', 'None', '[]', 'http://vocms0107.cern.ch/mon/ffiore/260901_144431:ffiore_crab_VBS_semilep_ZZ_EWK_2024_v15', 'run_chain_Run3.sh', "['inputGridpack=/eos/user/f/ffiore/VBS/Gridpacks/ZZ/VBS_ZZ_semilep_el8_amd64_gcc10_CMSSW_12_4_8_tarball.tar.xz', 'nEvents=20', 'nThreads=4']", '[]', 'None', 'crab3@vocms0107.cern.ch', 'F', '[]', 'T', '/store/user/ffiore/', 'F', 'None', 'F', 'None', 'VBS_semilep_ZZ_EWK_2024_v15', 'None', '94a8f19f1e3b9ef3cc8dadb1c94796add14982c3c24a1b0d73813a0222aa640c.tar.gz', '157556329', 'F', '188.184.75.82', '40.0', 'None', '{"partialdataset": false, "requireaccelerator": false, "acceleratorparams": null, "inputblocks": null}', 'None', 'None', 'None', 'None', 'any', 'NOT_READY', '2', 'T']}
INFO 2026-09-01 14:46:11.854 UTC: 	 CRAB project directory:		/afs/cern.ch/user/f/ffiore/work/produzione/crab_MC_private/VBS_semilep_ZZ_EWK_2024_v15/crab_VBS_semilep_ZZ_EWK_2024_v15
INFO 2026-09-01 14:46:11.854 UTC: 	 Task name:			260901_144431:ffiore_crab_VBS_semilep_ZZ_EWK_2024_v15
INFO 2026-09-01 14:46:11.854 UTC: 	 Grid scheduler - Task Worker:	crab3@vocms0107.cern.ch - crab-prod-tw01
INFO 2026-09-01 14:46:11.854 UTC: 	 Status on the CRAB server:	SUBMITTED
INFO 2026-09-01 14:46:11.854 UTC: 	 Task URL to use for HELP:	https://cmsweb.cern.ch/crabserver/ui/task/260901_144431%3Affiore_crab_VBS_semilep_ZZ_EWK_2024_v15
INFO 2026-09-01 14:46:11.862 UTC: 	 Dashboard monitoring URL:	https://monit-grafana.cern.ch/d/cmsTMDetail/cms-task-monitoring-task-view?orgId=11&var-user=ffiore&var-task=260901_144431%3Affiore_crab_VBS_semilep_ZZ_EWK_2024_v15&from=1788270271000&to=now
DEBUG 2026-09-01 14:46:11.862 UTC: 	 The CRAB server submitted your task to the Grid scheduler (cluster ID: 157556329)
DEBUG 2026-09-01 14:46:11.863 UTC: 	 Webdir is located at http://vocms0107.cern.ch/mon/ffiore/260901_144431:ffiore_crab_VBS_semilep_ZZ_EWK_2024_v15
DEBUG 2026-09-01 14:46:11.863 UTC: 	 Encoded data for curl request: subresource=webdirprx&workflow=260901_144431%3Affiore_crab_VBS_semilep_ZZ_EWK_2024_v15
DEBUG 2026-09-01 14:46:11.906 UTC: 	 Proxied webdir is located at https://cmsweb.cern.ch/scheddmon/0107/ffiore/260901_144431:ffiore_crab_VBS_semilep_ZZ_EWK_2024_v15
DEBUG 2026-09-01 14:46:11.907 UTC: 	 Retrieving 'status_cache' file from https://cmsweb.cern.ch/scheddmon/0107/ffiore/260901_144431:ffiore_crab_VBS_semilep_ZZ_EWK_2024_v15/status_cache.pkl
DEBUG 2026-09-01 14:46:11.907 UTC: 	 Will execute:
curl -sS --capath /etc/grid-security/certificates --cert /tmp/x509up_u178888 --key /tmp/x509up_u178888 -o /tmp/crab_status-cache-jwi7x0g1.pkl -w %"{http_code}" "https://cmsweb.cern.ch/scheddmon/0107/ffiore/260901_144431:ffiore_crab_VBS_semilep_ZZ_EWK_2024_v15/status_cache.pkl"
DEBUG 2026-09-01 14:46:11.907 UTC: 	 Executing command :
 curl -sS --capath /etc/grid-security/certificates --cert /tmp/x509up_u178888 --key /tmp/x509up_u178888 -o /tmp/crab_status-cache-jwi7x0g1.pkl -w %"{http_code}" "https://cmsweb.cern.ch/scheddmon/0107/ffiore/260901_144431:ffiore_crab_VBS_semilep_ZZ_EWK_2024_v15/status_cache.pkl"
DEBUG 2026-09-01 14:46:11.947 UTC: 	 output : 200
 error: 
 retcode : 0
DEBUG 2026-09-01 14:46:11.947 UTC: 	 exitcode: 0
stdout: 200
stderr: 
error details: 
INFO 2026-09-01 14:46:11.947 UTC: 	 Task bootstrapped at 2026-09-01 14:46:11 UTC. 0 seconds ago
INFO 2026-09-01 14:46:11.947 UTC: 	 Status information will be available within a few minutes
INFO 2026-09-01 14:46:11.950 UTC: 	 Log file is /afs/cern.ch/user/f/ffiore/work/produzione/crab_MC_private/VBS_semilep_ZZ_EWK_2024_v15/crab_VBS_semilep_ZZ_EWK_2024_v15/crab.log
DEBUG 2026-09-01 14:46:16.468 UTC: 	 CRAB Client version: v3.260630
DEBUG 2026-09-01 14:46:16.468 UTC: 	 Running on: Linux lxplus813.cern.ch 4.18.0-553.151.1.el8_10.x86_64 #1 SMP Sun Aug 2 20:57:00 EDT 2026 x86_64 x86_64 x86_64 GNU/Linux
DEBUG 2026-09-01 14:46:16.468 UTC: 	 Not using Singularity
DEBUG 2026-09-01 14:46:16.468 UTC: 	 Operating System: Red Hat Enterprise Linux 8.10 (Ootpa)
DEBUG 2026-09-01 14:46:16.468 UTC: 	 Executing command: 'status'
DEBUG 2026-09-01 14:46:16.469 UTC: 	 Found CRAB cache file /afs/cern.ch/user/f/ffiore/.crab3
DEBUG 2026-09-01 14:46:16.476 UTC: 	 Checking credentials
DEBUG 2026-09-01 14:46:16.476 UTC: 	 Found proxy file /tmp/x509up_u178888
DEBUG 2026-09-01 14:46:16.476 UTC: 	 Making sure it has proper VOMS extension
DEBUG 2026-09-01 14:46:16.476 UTC: 	 Executing command :
 voms-proxy-info --vo --file /tmp/x509up_u178888
DEBUG 2026-09-01 14:46:16.502 UTC: 	 output : cms

 error: 
 retcode : 0
DEBUG 2026-09-01 14:46:16.502 UTC: 	 Getting proxy life time left
DEBUG 2026-09-01 14:46:16.502 UTC: 	 Executing command :
 voms-proxy-info --actimeleft --timeleft --file /tmp/x509up_u178888
DEBUG 2026-09-01 14:46:16.549 UTC: 	 output : 603946
603946

 error: 
 retcode : 0
DEBUG 2026-09-01 14:46:16.549 UTC: 	 Proxy valid for 167:45:46 hours
DEBUG 2026-09-01 14:46:16.549 UTC: 	 Encoded data for curl request: subresource=delegatedn
DEBUG 2026-09-01 14:46:16.604 UTC: 	 Registering user credentials on myproxy for /DC=ch/DC=cern/OU=Organic Units/OU=Users/CN=cmscrab/CN=(817881|373708)/CN=Robot: cms crab|/DC=ch/DC=cern/OU=Organic Units/OU=Users/CN=crabint1/CN=373708/CN=Robot: CMS CRAB Integration 1
DEBUG 2026-09-01 14:46:16.604 UTC: 	 Executing command :
 voms-proxy-info --identity --file /tmp/x509up_u178888
DEBUG 2026-09-01 14:46:16.640 UTC: 	 output : /DC=ch/DC=cern/OU=Organic Units/OU=Users/CN=ffiore/CN=883264/CN=Francesca Fiore

 error: 
 retcode : 0
DEBUG 2026-09-01 14:46:16.640 UTC: 	 Getting myproxy life time left for 1108dd7240a979e136768c977b197b9a1dace71c
DEBUG 2026-09-01 14:46:16.640 UTC: 	 Executing command :
 myproxy-info -s myproxy.cern.ch -l 1108dd7240a979e136768c977b197b9a1dace71c
DEBUG 2026-09-01 14:46:16.937 UTC: 	 output : username: 1108dd7240a979e136768c977b197b9a1dace71c
owner: /DC=ch/DC=cern/OU=Organic Units/OU=Users/CN=ffiore/CN=883264/CN=Francesca Fiore
  renewal policy: /DC=ch/DC=cern/OU=Organic Units/OU=Users/CN=cmscrab/CN=(817881|373708)/CN=Robot: cms crab|/DC=ch/DC=cern/OU=Organic Units/OU=Users/CN=crabint1/CN=373708/CN=Robot: CMS CRAB Integration 1
  trusted retrieval policy: /DC=ch/DC=cern/OU=Organic Units/OU=Users/CN=cmscrab/CN=(817881|373708)/CN=Robot: cms crab|/DC=ch/DC=cern/OU=Organic Units/OU=Users/CN=crabint1/CN=373708/CN=Robot: CMS CRAB Integration 1
  timeleft: 719:52:26  (30.0 days)

 error: 
 retcode : 0
DEBUG 2026-09-01 14:46:16.938 UTC: 	 Myproxy is valid: 2591520
DEBUG 2026-09-01 14:46:16.938 UTC: 	 Result of myproxy credential check:
  Credential exists on myproxy: username: 1108dd7240a979e136768c977b197b9a1dace71c  - validity: 29 days, 23:52:00
DEBUG 2026-09-01 14:46:16.938 UTC: 	 Retrieving username ...
DEBUG 2026-09-01 14:46:16.938 UTC: 	 Retrieving username from CRIC...
DEBUG 2026-09-01 14:46:17.745 UTC: 	 username is ffiore
INFO 2026-09-01 14:46:18.830 UTC: 	 Rucio client intialized for account ffiore
DEBUG 2026-09-01 14:46:18.830 UTC: 	 Command use: status
DEBUG 2026-09-01 14:46:18.831 UTC: 	 Options use: ['-d', 'VBS_semilep_ZZ_EWK_2024_v15/crab_VBS_semilep_ZZ_EWK_2024_v15']
DEBUG 2026-09-01 14:46:18.831 UTC: 	 Encoded data for curl request: subresource=version
DEBUG 2026-09-01 14:46:18.884 UTC: 	 CRABClient version: v3.260630
DEBUG 2026-09-01 14:46:18.885 UTC: 	 Instance is prod
DEBUG 2026-09-01 14:46:18.885 UTC: 	 Server base url is cmsweb.cern.ch
DEBUG 2026-09-01 14:46:18.885 UTC: 	 Command api workflow
DEBUG 2026-09-01 14:46:18.885 UTC: 	 Encoded data for curl request: subresource=search&workflow=260901_144431%3Affiore_crab_VBS_semilep_ZZ_EWK_2024_v15
DEBUG 2026-09-01 14:46:18.935 UTC: 	 Got information from server oracle database: {'desc': {'columns': ['tm_taskname', 'tm_activity', 'tm_task_status', 'tm_task_command', 'tm_start_time', 'tm_start_injection', 'tm_end_injection', 'tm_task_failure', 'tm_job_sw', 'tm_job_arch', 'tm_input_dataset', 'tm_nonvalid_input_dataset', 'tm_use_parent', 'tm_site_whitelist', 'tm_site_blacklist', 'tm_split_algo', 'tm_split_args', 'tm_user_sandbox', 'tm_cache_url', 'tm_username', 'tm_user_dn', 'tm_user_vo', 'tm_user_role', 'tm_user_group', 'tm_publish_name', 'tm_publish_groupname', 'tm_asyncdest', 'tm_dbs_url', 'tm_publish_dbs_url', 'tm_publication', 'tm_outfiles', 'tm_tfile_outfiles', 'tm_edm_outfiles', 'tm_job_type', 'tm_generator', 'tm_events_per_lumi', 'tm_arguments', 'tm_save_logs', 'tw_name', 'tm_user_infiles', 'tm_maxjobruntime', 'tm_numcores', 'tm_maxmemory', 'tm_priority', 'tm_output_dataset', 'tm_task_warnings', 'tm_user_webdir', 'tm_scriptexe', 'tm_scriptargs', 'tm_extrajdl', 'tm_collector', 'tm_schedd', 'tm_dry_run', 'tm_user_files', 'tm_transfer_outputs', 'tm_output_lfn', 'tm_ignore_locality', 'tm_fail_limit', 'tm_one_event_mode', 'tm_secondary_input_dataset', 'tm_primary_dataset', 'tm_last_publication', 'tm_debug_files', 'clusterid', 'tm_ignore_global_blacklist', 'tm_submitter_ip_addr', 'tm_totalunits', 'tm_ddm_reqid', 'tm_user_config', 'tm_transfer_container', 'tm_transfer_rule', 'tm_publish_rule', 'tm_multipub_rule', 'tm_job_min_microarch', 'tm_dagman_status', 'tm_num_jobs', 'tm_uploaded']}, 'result': ['260901_144431:ffiore_crab_VBS_semilep_ZZ_EWK_2024_v15', 'None', 'SUBMITTED', 'SUBMIT', '2026-09-01 14:44:31.616930', 'None', '2026-09-01 14:45:08.868905', 'None', 'CMSSW_14_0_19', 'el8_amd64_gcc12', 'None', 'F', '0', '[]', '[]', 'EventBased', "{'halt_job_on_file_boundaries': False, 'splitOnRun': False, 'events_per_job': 20, 'runs': [], 'lumis': []}", '327bd52f595f48c090078a053cc387f51dc21d47f20d04959cb8ce4f1e43640d.tar.gz', 'S3/crabcache_prod', 'ffiore', '/DC=ch/DC=cern/OU=Organic Units/OU=Users/CN=ffiore/CN=883264/CN=Francesca Fiore', 'cms', 'None', 'None', 'VBS_semilep_ZZ_EWK_2024_v15-00000000000000000000000000000000', 'F', 'T2_IT_Legnaro', 'https://cmsweb.cern.ch/dbs/prod/global/DBSReader', 'https://cmsweb.cern.ch/dbs/prod/phys03/DBSWriter', 'F', "['RunIII2024Summer24NanoAODv15.root']", '[]', '[]', 'PrivateMC', 'pythia', '20', '{}', 'F', 'crab-prod-tw01', '[]', '1250', '4', '8000', '10', 'None', '[]', 'http://vocms0107.cern.ch/mon/ffiore/260901_144431:ffiore_crab_VBS_semilep_ZZ_EWK_2024_v15', 'run_chain_Run3.sh', "['inputGridpack=/eos/user/f/ffiore/VBS/Gridpacks/ZZ/VBS_ZZ_semilep_el8_amd64_gcc10_CMSSW_12_4_8_tarball.tar.xz', 'nEvents=20', 'nThreads=4']", '[]', 'None', 'crab3@vocms0107.cern.ch', 'F', '[]', 'T', '/store/user/ffiore/', 'F', 'None', 'F', 'None', 'VBS_semilep_ZZ_EWK_2024_v15', 'None', '94a8f19f1e3b9ef3cc8dadb1c94796add14982c3c24a1b0d73813a0222aa640c.tar.gz', '157556329', 'F', '188.184.75.82', '40.0', 'None', '{"partialdataset": false, "requireaccelerator": false, "acceleratorparams": null, "inputblocks": null}', 'None', 'None', 'None', 'None', 'any', 'NOT_READY', '2', 'T']}
INFO 2026-09-01 14:46:18.935 UTC: 	 CRAB project directory:		/afs/cern.ch/user/f/ffiore/work/produzione/crab_MC_private/VBS_semilep_ZZ_EWK_2024_v15/crab_VBS_semilep_ZZ_EWK_2024_v15
INFO 2026-09-01 14:46:18.935 UTC: 	 Task name:			260901_144431:ffiore_crab_VBS_semilep_ZZ_EWK_2024_v15
INFO 2026-09-01 14:46:18.935 UTC: 	 Grid scheduler - Task Worker:	crab3@vocms0107.cern.ch - crab-prod-tw01
INFO 2026-09-01 14:46:18.935 UTC: 	 Status on the CRAB server:	SUBMITTED
INFO 2026-09-01 14:46:18.935 UTC: 	 Task URL to use for HELP:	https://cmsweb.cern.ch/crabserver/ui/task/260901_144431%3Affiore_crab_VBS_semilep_ZZ_EWK_2024_v15
INFO 2026-09-01 14:46:18.945 UTC: 	 Dashboard monitoring URL:	https://monit-grafana.cern.ch/d/cmsTMDetail/cms-task-monitoring-task-view?orgId=11&var-user=ffiore&var-task=260901_144431%3Affiore_crab_VBS_semilep_ZZ_EWK_2024_v15&from=1788270271000&to=now
DEBUG 2026-09-01 14:46:18.946 UTC: 	 The CRAB server submitted your task to the Grid scheduler (cluster ID: 157556329)
DEBUG 2026-09-01 14:46:18.946 UTC: 	 Webdir is located at http://vocms0107.cern.ch/mon/ffiore/260901_144431:ffiore_crab_VBS_semilep_ZZ_EWK_2024_v15
DEBUG 2026-09-01 14:46:18.946 UTC: 	 Encoded data for curl request: subresource=webdirprx&workflow=260901_144431%3Affiore_crab_VBS_semilep_ZZ_EWK_2024_v15
DEBUG 2026-09-01 14:46:18.996 UTC: 	 Proxied webdir is located at https://cmsweb.cern.ch/scheddmon/0107/ffiore/260901_144431:ffiore_crab_VBS_semilep_ZZ_EWK_2024_v15
DEBUG 2026-09-01 14:46:18.997 UTC: 	 Retrieving 'status_cache' file from https://cmsweb.cern.ch/scheddmon/0107/ffiore/260901_144431:ffiore_crab_VBS_semilep_ZZ_EWK_2024_v15/status_cache.pkl
DEBUG 2026-09-01 14:46:18.997 UTC: 	 Will execute:
curl -sS --capath /etc/grid-security/certificates --cert /tmp/x509up_u178888 --key /tmp/x509up_u178888 -o /tmp/crab_status-cache-qrcblf7d.pkl -w %"{http_code}" "https://cmsweb.cern.ch/scheddmon/0107/ffiore/260901_144431:ffiore_crab_VBS_semilep_ZZ_EWK_2024_v15/status_cache.pkl"
DEBUG 2026-09-01 14:46:18.997 UTC: 	 Executing command :
 curl -sS --capath /etc/grid-security/certificates --cert /tmp/x509up_u178888 --key /tmp/x509up_u178888 -o /tmp/crab_status-cache-qrcblf7d.pkl -w %"{http_code}" "https://cmsweb.cern.ch/scheddmon/0107/ffiore/260901_144431:ffiore_crab_VBS_semilep_ZZ_EWK_2024_v15/status_cache.pkl"
DEBUG 2026-09-01 14:46:19.039 UTC: 	 output : 200
 error: 
 retcode : 0
DEBUG 2026-09-01 14:46:19.039 UTC: 	 exitcode: 0
stdout: 200
stderr: 
error details: 
INFO 2026-09-01 14:46:19.039 UTC: 	 Task bootstrapped at 2026-09-01 14:46:11 UTC. 8 seconds ago
INFO 2026-09-01 14:46:19.040 UTC: 	 Status information will be available within a few minutes
INFO 2026-09-01 14:46:19.042 UTC: 	 Log file is /afs/cern.ch/user/f/ffiore/work/produzione/crab_MC_private/VBS_semilep_ZZ_EWK_2024_v15/crab_VBS_semilep_ZZ_EWK_2024_v15/crab.log
DEBUG 2026-09-01 14:46:24.319 UTC: 	 CRAB Client version: v3.260630
DEBUG 2026-09-01 14:46:24.319 UTC: 	 Running on: Linux lxplus813.cern.ch 4.18.0-553.151.1.el8_10.x86_64 #1 SMP Sun Aug 2 20:57:00 EDT 2026 x86_64 x86_64 x86_64 GNU/Linux
DEBUG 2026-09-01 14:46:24.319 UTC: 	 Not using Singularity
DEBUG 2026-09-01 14:46:24.319 UTC: 	 Operating System: Red Hat Enterprise Linux 8.10 (Ootpa)
DEBUG 2026-09-01 14:46:24.319 UTC: 	 Executing command: 'status'
DEBUG 2026-09-01 14:46:24.319 UTC: 	 Found CRAB cache file /afs/cern.ch/user/f/ffiore/.crab3
DEBUG 2026-09-01 14:46:24.326 UTC: 	 Checking credentials
DEBUG 2026-09-01 14:46:24.326 UTC: 	 Found proxy file /tmp/x509up_u178888
DEBUG 2026-09-01 14:46:24.326 UTC: 	 Making sure it has proper VOMS extension
DEBUG 2026-09-01 14:46:24.326 UTC: 	 Executing command :
 voms-proxy-info --vo --file /tmp/x509up_u178888
DEBUG 2026-09-01 14:46:24.351 UTC: 	 output : cms

 error: 
 retcode : 0
DEBUG 2026-09-01 14:46:24.351 UTC: 	 Getting proxy life time left
DEBUG 2026-09-01 14:46:24.351 UTC: 	 Executing command :
 voms-proxy-info --actimeleft --timeleft --file /tmp/x509up_u178888
DEBUG 2026-09-01 14:46:24.376 UTC: 	 output : 603938
603938

 error: 
 retcode : 0
DEBUG 2026-09-01 14:46:24.377 UTC: 	 Proxy valid for 167:45:38 hours
DEBUG 2026-09-01 14:46:24.377 UTC: 	 Encoded data for curl request: subresource=delegatedn
DEBUG 2026-09-01 14:46:24.433 UTC: 	 Registering user credentials on myproxy for /DC=ch/DC=cern/OU=Organic Units/OU=Users/CN=cmscrab/CN=(817881|373708)/CN=Robot: cms crab|/DC=ch/DC=cern/OU=Organic Units/OU=Users/CN=crabint1/CN=373708/CN=Robot: CMS CRAB Integration 1
DEBUG 2026-09-01 14:46:24.433 UTC: 	 Executing command :
 voms-proxy-info --identity --file /tmp/x509up_u178888
DEBUG 2026-09-01 14:46:24.458 UTC: 	 output : /DC=ch/DC=cern/OU=Organic Units/OU=Users/CN=ffiore/CN=883264/CN=Francesca Fiore

 error: 
 retcode : 0
DEBUG 2026-09-01 14:46:24.459 UTC: 	 Getting myproxy life time left for 1108dd7240a979e136768c977b197b9a1dace71c
DEBUG 2026-09-01 14:46:24.459 UTC: 	 Executing command :
 myproxy-info -s myproxy.cern.ch -l 1108dd7240a979e136768c977b197b9a1dace71c
DEBUG 2026-09-01 14:46:24.780 UTC: 	 output : username: 1108dd7240a979e136768c977b197b9a1dace71c
owner: /DC=ch/DC=cern/OU=Organic Units/OU=Users/CN=ffiore/CN=883264/CN=Francesca Fiore
  renewal policy: /DC=ch/DC=cern/OU=Organic Units/OU=Users/CN=cmscrab/CN=(817881|373708)/CN=Robot: cms crab|/DC=ch/DC=cern/OU=Organic Units/OU=Users/CN=crabint1/CN=373708/CN=Robot: CMS CRAB Integration 1
  trusted retrieval policy: /DC=ch/DC=cern/OU=Organic Units/OU=Users/CN=cmscrab/CN=(817881|373708)/CN=Robot: cms crab|/DC=ch/DC=cern/OU=Organic Units/OU=Users/CN=crabint1/CN=373708/CN=Robot: CMS CRAB Integration 1
  timeleft: 719:52:18  (30.0 days)

 error: 
 retcode : 0
DEBUG 2026-09-01 14:46:24.780 UTC: 	 Myproxy is valid: 2591520
DEBUG 2026-09-01 14:46:24.780 UTC: 	 Result of myproxy credential check:
  Credential exists on myproxy: username: 1108dd7240a979e136768c977b197b9a1dace71c  - validity: 29 days, 23:52:00
DEBUG 2026-09-01 14:46:24.780 UTC: 	 Retrieving username ...
DEBUG 2026-09-01 14:46:24.780 UTC: 	 Retrieving username from CRIC...
DEBUG 2026-09-01 14:46:25.573 UTC: 	 username is ffiore
INFO 2026-09-01 14:46:26.498 UTC: 	 Rucio client intialized for account ffiore
DEBUG 2026-09-01 14:46:26.498 UTC: 	 Command use: status
DEBUG 2026-09-01 14:46:26.498 UTC: 	 Options use: ['-d', 'VBS_semilep_ZZ_EWK_2024_v15/crab_VBS_semilep_ZZ_EWK_2024_v15']
DEBUG 2026-09-01 14:46:26.499 UTC: 	 Encoded data for curl request: subresource=version
DEBUG 2026-09-01 14:46:26.541 UTC: 	 CRABClient version: v3.260630
DEBUG 2026-09-01 14:46:26.541 UTC: 	 Instance is prod
DEBUG 2026-09-01 14:46:26.541 UTC: 	 Server base url is cmsweb.cern.ch
DEBUG 2026-09-01 14:46:26.541 UTC: 	 Command api workflow
DEBUG 2026-09-01 14:46:26.541 UTC: 	 Encoded data for curl request: subresource=search&workflow=260901_144431%3Affiore_crab_VBS_semilep_ZZ_EWK_2024_v15
DEBUG 2026-09-01 14:46:26.595 UTC: 	 Got information from server oracle database: {'desc': {'columns': ['tm_taskname', 'tm_activity', 'tm_task_status', 'tm_task_command', 'tm_start_time', 'tm_start_injection', 'tm_end_injection', 'tm_task_failure', 'tm_job_sw', 'tm_job_arch', 'tm_input_dataset', 'tm_nonvalid_input_dataset', 'tm_use_parent', 'tm_site_whitelist', 'tm_site_blacklist', 'tm_split_algo', 'tm_split_args', 'tm_user_sandbox', 'tm_cache_url', 'tm_username', 'tm_user_dn', 'tm_user_vo', 'tm_user_role', 'tm_user_group', 'tm_publish_name', 'tm_publish_groupname', 'tm_asyncdest', 'tm_dbs_url', 'tm_publish_dbs_url', 'tm_publication', 'tm_outfiles', 'tm_tfile_outfiles', 'tm_edm_outfiles', 'tm_job_type', 'tm_generator', 'tm_events_per_lumi', 'tm_arguments', 'tm_save_logs', 'tw_name', 'tm_user_infiles', 'tm_maxjobruntime', 'tm_numcores', 'tm_maxmemory', 'tm_priority', 'tm_output_dataset', 'tm_task_warnings', 'tm_user_webdir', 'tm_scriptexe', 'tm_scriptargs', 'tm_extrajdl', 'tm_collector', 'tm_schedd', 'tm_dry_run', 'tm_user_files', 'tm_transfer_outputs', 'tm_output_lfn', 'tm_ignore_locality', 'tm_fail_limit', 'tm_one_event_mode', 'tm_secondary_input_dataset', 'tm_primary_dataset', 'tm_last_publication', 'tm_debug_files', 'clusterid', 'tm_ignore_global_blacklist', 'tm_submitter_ip_addr', 'tm_totalunits', 'tm_ddm_reqid', 'tm_user_config', 'tm_transfer_container', 'tm_transfer_rule', 'tm_publish_rule', 'tm_multipub_rule', 'tm_job_min_microarch', 'tm_dagman_status', 'tm_num_jobs', 'tm_uploaded']}, 'result': ['260901_144431:ffiore_crab_VBS_semilep_ZZ_EWK_2024_v15', 'None', 'SUBMITTED', 'SUBMIT', '2026-09-01 14:44:31.616930', 'None', '2026-09-01 14:45:08.868905', 'None', 'CMSSW_14_0_19', 'el8_amd64_gcc12', 'None', 'F', '0', '[]', '[]', 'EventBased', "{'halt_job_on_file_boundaries': False, 'splitOnRun': False, 'events_per_job': 20, 'runs': [], 'lumis': []}", '327bd52f595f48c090078a053cc387f51dc21d47f20d04959cb8ce4f1e43640d.tar.gz', 'S3/crabcache_prod', 'ffiore', '/DC=ch/DC=cern/OU=Organic Units/OU=Users/CN=ffiore/CN=883264/CN=Francesca Fiore', 'cms', 'None', 'None', 'VBS_semilep_ZZ_EWK_2024_v15-00000000000000000000000000000000', 'F', 'T2_IT_Legnaro', 'https://cmsweb.cern.ch/dbs/prod/global/DBSReader', 'https://cmsweb.cern.ch/dbs/prod/phys03/DBSWriter', 'F', "['RunIII2024Summer24NanoAODv15.root']", '[]', '[]', 'PrivateMC', 'pythia', '20', '{}', 'F', 'crab-prod-tw01', '[]', '1250', '4', '8000', '10', 'None', '[]', 'http://vocms0107.cern.ch/mon/ffiore/260901_144431:ffiore_crab_VBS_semilep_ZZ_EWK_2024_v15', 'run_chain_Run3.sh', "['inputGridpack=/eos/user/f/ffiore/VBS/Gridpacks/ZZ/VBS_ZZ_semilep_el8_amd64_gcc10_CMSSW_12_4_8_tarball.tar.xz', 'nEvents=20', 'nThreads=4']", '[]', 'None', 'crab3@vocms0107.cern.ch', 'F', '[]', 'T', '/store/user/ffiore/', 'F', 'None', 'F', 'None', 'VBS_semilep_ZZ_EWK_2024_v15', 'None', '94a8f19f1e3b9ef3cc8dadb1c94796add14982c3c24a1b0d73813a0222aa640c.tar.gz', '157556329', 'F', '188.184.75.82', '40.0', 'None', '{"partialdataset": false, "requireaccelerator": false, "acceleratorparams": null, "inputblocks": null}', 'None', 'None', 'None', 'None', 'any', 'NOT_READY', '2', 'T']}
INFO 2026-09-01 14:46:26.595 UTC: 	 CRAB project directory:		/afs/cern.ch/user/f/ffiore/work/produzione/crab_MC_private/VBS_semilep_ZZ_EWK_2024_v15/crab_VBS_semilep_ZZ_EWK_2024_v15
INFO 2026-09-01 14:46:26.595 UTC: 	 Task name:			260901_144431:ffiore_crab_VBS_semilep_ZZ_EWK_2024_v15
INFO 2026-09-01 14:46:26.595 UTC: 	 Grid scheduler - Task Worker:	crab3@vocms0107.cern.ch - crab-prod-tw01
INFO 2026-09-01 14:46:26.595 UTC: 	 Status on the CRAB server:	SUBMITTED
INFO 2026-09-01 14:46:26.596 UTC: 	 Task URL to use for HELP:	https://cmsweb.cern.ch/crabserver/ui/task/260901_144431%3Affiore_crab_VBS_semilep_ZZ_EWK_2024_v15
INFO 2026-09-01 14:46:26.606 UTC: 	 Dashboard monitoring URL:	https://monit-grafana.cern.ch/d/cmsTMDetail/cms-task-monitoring-task-view?orgId=11&var-user=ffiore&var-task=260901_144431%3Affiore_crab_VBS_semilep_ZZ_EWK_2024_v15&from=1788270271000&to=now
DEBUG 2026-09-01 14:46:26.606 UTC: 	 The CRAB server submitted your task to the Grid scheduler (cluster ID: 157556329)
DEBUG 2026-09-01 14:46:26.606 UTC: 	 Webdir is located at http://vocms0107.cern.ch/mon/ffiore/260901_144431:ffiore_crab_VBS_semilep_ZZ_EWK_2024_v15
DEBUG 2026-09-01 14:46:26.607 UTC: 	 Encoded data for curl request: subresource=webdirprx&workflow=260901_144431%3Affiore_crab_VBS_semilep_ZZ_EWK_2024_v15
DEBUG 2026-09-01 14:46:26.658 UTC: 	 Proxied webdir is located at https://cmsweb.cern.ch/scheddmon/0107/ffiore/260901_144431:ffiore_crab_VBS_semilep_ZZ_EWK_2024_v15
DEBUG 2026-09-01 14:46:26.659 UTC: 	 Retrieving 'status_cache' file from https://cmsweb.cern.ch/scheddmon/0107/ffiore/260901_144431:ffiore_crab_VBS_semilep_ZZ_EWK_2024_v15/status_cache.pkl
DEBUG 2026-09-01 14:46:26.659 UTC: 	 Will execute:
curl -sS --capath /etc/grid-security/certificates --cert /tmp/x509up_u178888 --key /tmp/x509up_u178888 -o /tmp/crab_status-cache-5gpsmrov.pkl -w %"{http_code}" "https://cmsweb.cern.ch/scheddmon/0107/ffiore/260901_144431:ffiore_crab_VBS_semilep_ZZ_EWK_2024_v15/status_cache.pkl"
DEBUG 2026-09-01 14:46:26.659 UTC: 	 Executing command :
 curl -sS --capath /etc/grid-security/certificates --cert /tmp/x509up_u178888 --key /tmp/x509up_u178888 -o /tmp/crab_status-cache-5gpsmrov.pkl -w %"{http_code}" "https://cmsweb.cern.ch/scheddmon/0107/ffiore/260901_144431:ffiore_crab_VBS_semilep_ZZ_EWK_2024_v15/status_cache.pkl"
DEBUG 2026-09-01 14:46:26.697 UTC: 	 output : 200
 error: 
 retcode : 0
DEBUG 2026-09-01 14:46:26.697 UTC: 	 exitcode: 0
stdout: 200
stderr: 
error details: 
INFO 2026-09-01 14:46:26.697 UTC: 	 Task bootstrapped at 2026-09-01 14:46:11 UTC. 15 seconds ago
INFO 2026-09-01 14:46:26.697 UTC: 	 Status information will be available within a few minutes
INFO 2026-09-01 14:46:26.699 UTC: 	 Log file is /afs/cern.ch/user/f/ffiore/work/produzione/crab_MC_private/VBS_semilep_ZZ_EWK_2024_v15/crab_VBS_semilep_ZZ_EWK_2024_v15/crab.log
DEBUG 2026-09-01 14:46:31.305 UTC: 	 CRAB Client version: v3.260630
DEBUG 2026-09-01 14:46:31.305 UTC: 	 Running on: Linux lxplus813.cern.ch 4.18.0-553.151.1.el8_10.x86_64 #1 SMP Sun Aug 2 20:57:00 EDT 2026 x86_64 x86_64 x86_64 GNU/Linux
DEBUG 2026-09-01 14:46:31.306 UTC: 	 Not using Singularity
DEBUG 2026-09-01 14:46:31.306 UTC: 	 Operating System: Red Hat Enterprise Linux 8.10 (Ootpa)
DEBUG 2026-09-01 14:46:31.306 UTC: 	 Executing command: 'status'
DEBUG 2026-09-01 14:46:31.306 UTC: 	 Found CRAB cache file /afs/cern.ch/user/f/ffiore/.crab3
DEBUG 2026-09-01 14:46:31.312 UTC: 	 Checking credentials
DEBUG 2026-09-01 14:46:31.312 UTC: 	 Found proxy file /tmp/x509up_u178888
DEBUG 2026-09-01 14:46:31.312 UTC: 	 Making sure it has proper VOMS extension
DEBUG 2026-09-01 14:46:31.312 UTC: 	 Executing command :
 voms-proxy-info --vo --file /tmp/x509up_u178888
DEBUG 2026-09-01 14:46:31.337 UTC: 	 output : cms

 error: 
 retcode : 0
DEBUG 2026-09-01 14:46:31.337 UTC: 	 Getting proxy life time left
DEBUG 2026-09-01 14:46:31.337 UTC: 	 Executing command :
 voms-proxy-info --actimeleft --timeleft --file /tmp/x509up_u178888
DEBUG 2026-09-01 14:46:31.359 UTC: 	 output : 603931
603931

 error: 
 retcode : 0
DEBUG 2026-09-01 14:46:31.359 UTC: 	 Proxy valid for 167:45:31 hours
DEBUG 2026-09-01 14:46:31.360 UTC: 	 Encoded data for curl request: subresource=delegatedn
DEBUG 2026-09-01 14:46:31.404 UTC: 	 Registering user credentials on myproxy for /DC=ch/DC=cern/OU=Organic Units/OU=Users/CN=cmscrab/CN=(817881|373708)/CN=Robot: cms crab|/DC=ch/DC=cern/OU=Organic Units/OU=Users/CN=crabint1/CN=373708/CN=Robot: CMS CRAB Integration 1
DEBUG 2026-09-01 14:46:31.404 UTC: 	 Executing command :
 voms-proxy-info --identity --file /tmp/x509up_u178888
DEBUG 2026-09-01 14:46:31.429 UTC: 	 output : /DC=ch/DC=cern/OU=Organic Units/OU=Users/CN=ffiore/CN=883264/CN=Francesca Fiore

 error: 
 retcode : 0
DEBUG 2026-09-01 14:46:31.430 UTC: 	 Getting myproxy life time left for 1108dd7240a979e136768c977b197b9a1dace71c
DEBUG 2026-09-01 14:46:31.430 UTC: 	 Executing command :
 myproxy-info -s myproxy.cern.ch -l 1108dd7240a979e136768c977b197b9a1dace71c
DEBUG 2026-09-01 14:46:31.706 UTC: 	 output : username: 1108dd7240a979e136768c977b197b9a1dace71c
owner: /DC=ch/DC=cern/OU=Organic Units/OU=Users/CN=ffiore/CN=883264/CN=Francesca Fiore
  renewal policy: /DC=ch/DC=cern/OU=Organic Units/OU=Users/CN=cmscrab/CN=(817881|373708)/CN=Robot: cms crab|/DC=ch/DC=cern/OU=Organic Units/OU=Users/CN=crabint1/CN=373708/CN=Robot: CMS CRAB Integration 1
  trusted retrieval policy: /DC=ch/DC=cern/OU=Organic Units/OU=Users/CN=cmscrab/CN=(817881|373708)/CN=Robot: cms crab|/DC=ch/DC=cern/OU=Organic Units/OU=Users/CN=crabint1/CN=373708/CN=Robot: CMS CRAB Integration 1
  timeleft: 719:52:11  (30.0 days)

 error: 
 retcode : 0
DEBUG 2026-09-01 14:46:31.706 UTC: 	 Myproxy is valid: 2591520
DEBUG 2026-09-01 14:46:31.706 UTC: 	 Result of myproxy credential check:
  Credential exists on myproxy: username: 1108dd7240a979e136768c977b197b9a1dace71c  - validity: 29 days, 23:52:00
DEBUG 2026-09-01 14:46:31.706 UTC: 	 Retrieving username ...
DEBUG 2026-09-01 14:46:31.706 UTC: 	 Retrieving username from CRIC...
DEBUG 2026-09-01 14:46:32.495 UTC: 	 username is ffiore
INFO 2026-09-01 14:46:33.558 UTC: 	 Rucio client intialized for account ffiore
DEBUG 2026-09-01 14:46:33.558 UTC: 	 Command use: status
DEBUG 2026-09-01 14:46:33.558 UTC: 	 Options use: ['-d', 'VBS_semilep_ZZ_EWK_2024_v15/crab_VBS_semilep_ZZ_EWK_2024_v15']
DEBUG 2026-09-01 14:46:33.558 UTC: 	 Encoded data for curl request: subresource=version
DEBUG 2026-09-01 14:46:33.603 UTC: 	 CRABClient version: v3.260630
DEBUG 2026-09-01 14:46:33.603 UTC: 	 Instance is prod
DEBUG 2026-09-01 14:46:33.603 UTC: 	 Server base url is cmsweb.cern.ch
DEBUG 2026-09-01 14:46:33.603 UTC: 	 Command api workflow
DEBUG 2026-09-01 14:46:33.604 UTC: 	 Encoded data for curl request: subresource=search&workflow=260901_144431%3Affiore_crab_VBS_semilep_ZZ_EWK_2024_v15
DEBUG 2026-09-01 14:46:33.665 UTC: 	 Got information from server oracle database: {'desc': {'columns': ['tm_taskname', 'tm_activity', 'tm_task_status', 'tm_task_command', 'tm_start_time', 'tm_start_injection', 'tm_end_injection', 'tm_task_failure', 'tm_job_sw', 'tm_job_arch', 'tm_input_dataset', 'tm_nonvalid_input_dataset', 'tm_use_parent', 'tm_site_whitelist', 'tm_site_blacklist', 'tm_split_algo', 'tm_split_args', 'tm_user_sandbox', 'tm_cache_url', 'tm_username', 'tm_user_dn', 'tm_user_vo', 'tm_user_role', 'tm_user_group', 'tm_publish_name', 'tm_publish_groupname', 'tm_asyncdest', 'tm_dbs_url', 'tm_publish_dbs_url', 'tm_publication', 'tm_outfiles', 'tm_tfile_outfiles', 'tm_edm_outfiles', 'tm_job_type', 'tm_generator', 'tm_events_per_lumi', 'tm_arguments', 'tm_save_logs', 'tw_name', 'tm_user_infiles', 'tm_maxjobruntime', 'tm_numcores', 'tm_maxmemory', 'tm_priority', 'tm_output_dataset', 'tm_task_warnings', 'tm_user_webdir', 'tm_scriptexe', 'tm_scriptargs', 'tm_extrajdl', 'tm_collector', 'tm_schedd', 'tm_dry_run', 'tm_user_files', 'tm_transfer_outputs', 'tm_output_lfn', 'tm_ignore_locality', 'tm_fail_limit', 'tm_one_event_mode', 'tm_secondary_input_dataset', 'tm_primary_dataset', 'tm_last_publication', 'tm_debug_files', 'clusterid', 'tm_ignore_global_blacklist', 'tm_submitter_ip_addr', 'tm_totalunits', 'tm_ddm_reqid', 'tm_user_config', 'tm_transfer_container', 'tm_transfer_rule', 'tm_publish_rule', 'tm_multipub_rule', 'tm_job_min_microarch', 'tm_dagman_status', 'tm_num_jobs', 'tm_uploaded']}, 'result': ['260901_144431:ffiore_crab_VBS_semilep_ZZ_EWK_2024_v15', 'None', 'SUBMITTED', 'SUBMIT', '2026-09-01 14:44:31.616930', 'None', '2026-09-01 14:45:08.868905', 'None', 'CMSSW_14_0_19', 'el8_amd64_gcc12', 'None', 'F', '0', '[]', '[]', 'EventBased', "{'halt_job_on_file_boundaries': False, 'splitOnRun': False, 'events_per_job': 20, 'runs': [], 'lumis': []}", '327bd52f595f48c090078a053cc387f51dc21d47f20d04959cb8ce4f1e43640d.tar.gz', 'S3/crabcache_prod', 'ffiore', '/DC=ch/DC=cern/OU=Organic Units/OU=Users/CN=ffiore/CN=883264/CN=Francesca Fiore', 'cms', 'None', 'None', 'VBS_semilep_ZZ_EWK_2024_v15-00000000000000000000000000000000', 'F', 'T2_IT_Legnaro', 'https://cmsweb.cern.ch/dbs/prod/global/DBSReader', 'https://cmsweb.cern.ch/dbs/prod/phys03/DBSWriter', 'F', "['RunIII2024Summer24NanoAODv15.root']", '[]', '[]', 'PrivateMC', 'pythia', '20', '{}', 'F', 'crab-prod-tw01', '[]', '1250', '4', '8000', '10', 'None', '[]', 'http://vocms0107.cern.ch/mon/ffiore/260901_144431:ffiore_crab_VBS_semilep_ZZ_EWK_2024_v15', 'run_chain_Run3.sh', "['inputGridpack=/eos/user/f/ffiore/VBS/Gridpacks/ZZ/VBS_ZZ_semilep_el8_amd64_gcc10_CMSSW_12_4_8_tarball.tar.xz', 'nEvents=20', 'nThreads=4']", '[]', 'None', 'crab3@vocms0107.cern.ch', 'F', '[]', 'T', '/store/user/ffiore/', 'F', 'None', 'F', 'None', 'VBS_semilep_ZZ_EWK_2024_v15', 'None', '94a8f19f1e3b9ef3cc8dadb1c94796add14982c3c24a1b0d73813a0222aa640c.tar.gz', '157556329', 'F', '188.184.75.82', '40.0', 'None', '{"partialdataset": false, "requireaccelerator": false, "acceleratorparams": null, "inputblocks": null}', 'None', 'None', 'None', 'None', 'any', 'NOT_READY', '2', 'T']}
INFO 2026-09-01 14:46:33.665 UTC: 	 CRAB project directory:		/afs/cern.ch/user/f/ffiore/work/produzione/crab_MC_private/VBS_semilep_ZZ_EWK_2024_v15/crab_VBS_semilep_ZZ_EWK_2024_v15
INFO 2026-09-01 14:46:33.665 UTC: 	 Task name:			260901_144431:ffiore_crab_VBS_semilep_ZZ_EWK_2024_v15
INFO 2026-09-01 14:46:33.665 UTC: 	 Grid scheduler - Task Worker:	crab3@vocms0107.cern.ch - crab-prod-tw01
INFO 2026-09-01 14:46:33.665 UTC: 	 Status on the CRAB server:	SUBMITTED
INFO 2026-09-01 14:46:33.665 UTC: 	 Task URL to use for HELP:	https://cmsweb.cern.ch/crabserver/ui/task/260901_144431%3Affiore_crab_VBS_semilep_ZZ_EWK_2024_v15
INFO 2026-09-01 14:46:33.673 UTC: 	 Dashboard monitoring URL:	https://monit-grafana.cern.ch/d/cmsTMDetail/cms-task-monitoring-task-view?orgId=11&var-user=ffiore&var-task=260901_144431%3Affiore_crab_VBS_semilep_ZZ_EWK_2024_v15&from=1788270271000&to=now
DEBUG 2026-09-01 14:46:33.673 UTC: 	 The CRAB server submitted your task to the Grid scheduler (cluster ID: 157556329)
DEBUG 2026-09-01 14:46:33.673 UTC: 	 Webdir is located at http://vocms0107.cern.ch/mon/ffiore/260901_144431:ffiore_crab_VBS_semilep_ZZ_EWK_2024_v15
DEBUG 2026-09-01 14:46:33.673 UTC: 	 Encoded data for curl request: subresource=webdirprx&workflow=260901_144431%3Affiore_crab_VBS_semilep_ZZ_EWK_2024_v15
DEBUG 2026-09-01 14:46:33.720 UTC: 	 Proxied webdir is located at https://cmsweb.cern.ch/scheddmon/0107/ffiore/260901_144431:ffiore_crab_VBS_semilep_ZZ_EWK_2024_v15
DEBUG 2026-09-01 14:46:33.721 UTC: 	 Retrieving 'status_cache' file from https://cmsweb.cern.ch/scheddmon/0107/ffiore/260901_144431:ffiore_crab_VBS_semilep_ZZ_EWK_2024_v15/status_cache.pkl
DEBUG 2026-09-01 14:46:33.721 UTC: 	 Will execute:
curl -sS --capath /etc/grid-security/certificates --cert /tmp/x509up_u178888 --key /tmp/x509up_u178888 -o /tmp/crab_status-cache-1_3c4irx.pkl -w %"{http_code}" "https://cmsweb.cern.ch/scheddmon/0107/ffiore/260901_144431:ffiore_crab_VBS_semilep_ZZ_EWK_2024_v15/status_cache.pkl"
DEBUG 2026-09-01 14:46:33.721 UTC: 	 Executing command :
 curl -sS --capath /etc/grid-security/certificates --cert /tmp/x509up_u178888 --key /tmp/x509up_u178888 -o /tmp/crab_status-cache-1_3c4irx.pkl -w %"{http_code}" "https://cmsweb.cern.ch/scheddmon/0107/ffiore/260901_144431:ffiore_crab_VBS_semilep_ZZ_EWK_2024_v15/status_cache.pkl"
DEBUG 2026-09-01 14:46:33.762 UTC: 	 output : 200
 error: 
 retcode : 0
DEBUG 2026-09-01 14:46:33.762 UTC: 	 exitcode: 0
stdout: 200
stderr: 
error details: 
INFO 2026-09-01 14:46:33.763 UTC: 	 Task bootstrapped at 2026-09-01 14:46:11 UTC. 22 seconds ago
INFO 2026-09-01 14:46:33.763 UTC: 	 Status information will be available within a few minutes
INFO 2026-09-01 14:46:33.765 UTC: 	 Log file is /afs/cern.ch/user/f/ffiore/work/produzione/crab_MC_private/VBS_semilep_ZZ_EWK_2024_v15/crab_VBS_semilep_ZZ_EWK_2024_v15/crab.log
DEBUG 2026-09-01 14:46:38.241 UTC: 	 CRAB Client version: v3.260630
DEBUG 2026-09-01 14:46:38.242 UTC: 	 Running on: Linux lxplus813.cern.ch 4.18.0-553.151.1.el8_10.x86_64 #1 SMP Sun Aug 2 20:57:00 EDT 2026 x86_64 x86_64 x86_64 GNU/Linux
DEBUG 2026-09-01 14:46:38.242 UTC: 	 Not using Singularity
DEBUG 2026-09-01 14:46:38.242 UTC: 	 Operating System: Red Hat Enterprise Linux 8.10 (Ootpa)
DEBUG 2026-09-01 14:46:38.242 UTC: 	 Executing command: 'status'
DEBUG 2026-09-01 14:46:38.242 UTC: 	 Found CRAB cache file /afs/cern.ch/user/f/ffiore/.crab3
DEBUG 2026-09-01 14:46:38.249 UTC: 	 Checking credentials
DEBUG 2026-09-01 14:46:38.249 UTC: 	 Found proxy file /tmp/x509up_u178888
DEBUG 2026-09-01 14:46:38.249 UTC: 	 Making sure it has proper VOMS extension
DEBUG 2026-09-01 14:46:38.249 UTC: 	 Executing command :
 voms-proxy-info --vo --file /tmp/x509up_u178888
DEBUG 2026-09-01 14:46:38.272 UTC: 	 output : cms

 error: 
 retcode : 0
DEBUG 2026-09-01 14:46:38.272 UTC: 	 Getting proxy life time left
DEBUG 2026-09-01 14:46:38.272 UTC: 	 Executing command :
 voms-proxy-info --actimeleft --timeleft --file /tmp/x509up_u178888
DEBUG 2026-09-01 14:46:38.301 UTC: 	 output : 603924
603924

 error: 
 retcode : 0
DEBUG 2026-09-01 14:46:38.301 UTC: 	 Proxy valid for 167:45:24 hours
DEBUG 2026-09-01 14:46:38.302 UTC: 	 Encoded data for curl request: subresource=delegatedn
DEBUG 2026-09-01 14:46:38.348 UTC: 	 Registering user credentials on myproxy for /DC=ch/DC=cern/OU=Organic Units/OU=Users/CN=cmscrab/CN=(817881|373708)/CN=Robot: cms crab|/DC=ch/DC=cern/OU=Organic Units/OU=Users/CN=crabint1/CN=373708/CN=Robot: CMS CRAB Integration 1
DEBUG 2026-09-01 14:46:38.348 UTC: 	 Executing command :
 voms-proxy-info --identity --file /tmp/x509up_u178888
DEBUG 2026-09-01 14:46:38.375 UTC: 	 output : /DC=ch/DC=cern/OU=Organic Units/OU=Users/CN=ffiore/CN=883264/CN=Francesca Fiore

 error: 
 retcode : 0
DEBUG 2026-09-01 14:46:38.375 UTC: 	 Getting myproxy life time left for 1108dd7240a979e136768c977b197b9a1dace71c
DEBUG 2026-09-01 14:46:38.375 UTC: 	 Executing command :
 myproxy-info -s myproxy.cern.ch -l 1108dd7240a979e136768c977b197b9a1dace71c
DEBUG 2026-09-01 14:46:38.639 UTC: 	 output : username: 1108dd7240a979e136768c977b197b9a1dace71c
owner: /DC=ch/DC=cern/OU=Organic Units/OU=Users/CN=ffiore/CN=883264/CN=Francesca Fiore
  renewal policy: /DC=ch/DC=cern/OU=Organic Units/OU=Users/CN=cmscrab/CN=(817881|373708)/CN=Robot: cms crab|/DC=ch/DC=cern/OU=Organic Units/OU=Users/CN=crabint1/CN=373708/CN=Robot: CMS CRAB Integration 1
  trusted retrieval policy: /DC=ch/DC=cern/OU=Organic Units/OU=Users/CN=cmscrab/CN=(817881|373708)/CN=Robot: cms crab|/DC=ch/DC=cern/OU=Organic Units/OU=Users/CN=crabint1/CN=373708/CN=Robot: CMS CRAB Integration 1
  timeleft: 719:52:04  (30.0 days)

 error: 
 retcode : 0
DEBUG 2026-09-01 14:46:38.640 UTC: 	 Myproxy is valid: 2591520
DEBUG 2026-09-01 14:46:38.640 UTC: 	 Result of myproxy credential check:
  Credential exists on myproxy: username: 1108dd7240a979e136768c977b197b9a1dace71c  - validity: 29 days, 23:52:00
DEBUG 2026-09-01 14:46:38.640 UTC: 	 Retrieving username ...
DEBUG 2026-09-01 14:46:38.640 UTC: 	 Retrieving username from CRIC...
DEBUG 2026-09-01 14:46:39.503 UTC: 	 username is ffiore
INFO 2026-09-01 14:46:40.559 UTC: 	 Rucio client intialized for account ffiore
DEBUG 2026-09-01 14:46:40.560 UTC: 	 Command use: status
DEBUG 2026-09-01 14:46:40.560 UTC: 	 Options use: ['-d', 'VBS_semilep_ZZ_EWK_2024_v15/crab_VBS_semilep_ZZ_EWK_2024_v15']
DEBUG 2026-09-01 14:46:40.560 UTC: 	 Encoded data for curl request: subresource=version
DEBUG 2026-09-01 14:46:40.605 UTC: 	 CRABClient version: v3.260630
DEBUG 2026-09-01 14:46:40.605 UTC: 	 Instance is prod
DEBUG 2026-09-01 14:46:40.605 UTC: 	 Server base url is cmsweb.cern.ch
DEBUG 2026-09-01 14:46:40.605 UTC: 	 Command api workflow
DEBUG 2026-09-01 14:46:40.605 UTC: 	 Encoded data for curl request: subresource=search&workflow=260901_144431%3Affiore_crab_VBS_semilep_ZZ_EWK_2024_v15
DEBUG 2026-09-01 14:46:40.656 UTC: 	 Got information from server oracle database: {'desc': {'columns': ['tm_taskname', 'tm_activity', 'tm_task_status', 'tm_task_command', 'tm_start_time', 'tm_start_injection', 'tm_end_injection', 'tm_task_failure', 'tm_job_sw', 'tm_job_arch', 'tm_input_dataset', 'tm_nonvalid_input_dataset', 'tm_use_parent', 'tm_site_whitelist', 'tm_site_blacklist', 'tm_split_algo', 'tm_split_args', 'tm_user_sandbox', 'tm_cache_url', 'tm_username', 'tm_user_dn', 'tm_user_vo', 'tm_user_role', 'tm_user_group', 'tm_publish_name', 'tm_publish_groupname', 'tm_asyncdest', 'tm_dbs_url', 'tm_publish_dbs_url', 'tm_publication', 'tm_outfiles', 'tm_tfile_outfiles', 'tm_edm_outfiles', 'tm_job_type', 'tm_generator', 'tm_events_per_lumi', 'tm_arguments', 'tm_save_logs', 'tw_name', 'tm_user_infiles', 'tm_maxjobruntime', 'tm_numcores', 'tm_maxmemory', 'tm_priority', 'tm_output_dataset', 'tm_task_warnings', 'tm_user_webdir', 'tm_scriptexe', 'tm_scriptargs', 'tm_extrajdl', 'tm_collector', 'tm_schedd', 'tm_dry_run', 'tm_user_files', 'tm_transfer_outputs', 'tm_output_lfn', 'tm_ignore_locality', 'tm_fail_limit', 'tm_one_event_mode', 'tm_secondary_input_dataset', 'tm_primary_dataset', 'tm_last_publication', 'tm_debug_files', 'clusterid', 'tm_ignore_global_blacklist', 'tm_submitter_ip_addr', 'tm_totalunits', 'tm_ddm_reqid', 'tm_user_config', 'tm_transfer_container', 'tm_transfer_rule', 'tm_publish_rule', 'tm_multipub_rule', 'tm_job_min_microarch', 'tm_dagman_status', 'tm_num_jobs', 'tm_uploaded']}, 'result': ['260901_144431:ffiore_crab_VBS_semilep_ZZ_EWK_2024_v15', 'None', 'SUBMITTED', 'SUBMIT', '2026-09-01 14:44:31.616930', 'None', '2026-09-01 14:45:08.868905', 'None', 'CMSSW_14_0_19', 'el8_amd64_gcc12', 'None', 'F', '0', '[]', '[]', 'EventBased', "{'halt_job_on_file_boundaries': False, 'splitOnRun': False, 'events_per_job': 20, 'runs': [], 'lumis': []}", '327bd52f595f48c090078a053cc387f51dc21d47f20d04959cb8ce4f1e43640d.tar.gz', 'S3/crabcache_prod', 'ffiore', '/DC=ch/DC=cern/OU=Organic Units/OU=Users/CN=ffiore/CN=883264/CN=Francesca Fiore', 'cms', 'None', 'None', 'VBS_semilep_ZZ_EWK_2024_v15-00000000000000000000000000000000', 'F', 'T2_IT_Legnaro', 'https://cmsweb.cern.ch/dbs/prod/global/DBSReader', 'https://cmsweb.cern.ch/dbs/prod/phys03/DBSWriter', 'F', "['RunIII2024Summer24NanoAODv15.root']", '[]', '[]', 'PrivateMC', 'pythia', '20', '{}', 'F', 'crab-prod-tw01', '[]', '1250', '4', '8000', '10', 'None', '[]', 'http://vocms0107.cern.ch/mon/ffiore/260901_144431:ffiore_crab_VBS_semilep_ZZ_EWK_2024_v15', 'run_chain_Run3.sh', "['inputGridpack=/eos/user/f/ffiore/VBS/Gridpacks/ZZ/VBS_ZZ_semilep_el8_amd64_gcc10_CMSSW_12_4_8_tarball.tar.xz', 'nEvents=20', 'nThreads=4']", '[]', 'None', 'crab3@vocms0107.cern.ch', 'F', '[]', 'T', '/store/user/ffiore/', 'F', 'None', 'F', 'None', 'VBS_semilep_ZZ_EWK_2024_v15', 'None', '94a8f19f1e3b9ef3cc8dadb1c94796add14982c3c24a1b0d73813a0222aa640c.tar.gz', '157556329', 'F', '188.184.75.82', '40.0', 'None', '{"partialdataset": false, "requireaccelerator": false, "acceleratorparams": null, "inputblocks": null}', 'None', 'None', 'None', 'None', 'any', 'NOT_READY', '2', 'T']}
INFO 2026-09-01 14:46:40.656 UTC: 	 CRAB project directory:		/afs/cern.ch/user/f/ffiore/work/produzione/crab_MC_private/VBS_semilep_ZZ_EWK_2024_v15/crab_VBS_semilep_ZZ_EWK_2024_v15
INFO 2026-09-01 14:46:40.656 UTC: 	 Task name:			260901_144431:ffiore_crab_VBS_semilep_ZZ_EWK_2024_v15
INFO 2026-09-01 14:46:40.656 UTC: 	 Grid scheduler - Task Worker:	crab3@vocms0107.cern.ch - crab-prod-tw01
INFO 2026-09-01 14:46:40.656 UTC: 	 Status on the CRAB server:	SUBMITTED
INFO 2026-09-01 14:46:40.656 UTC: 	 Task URL to use for HELP:	https://cmsweb.cern.ch/crabserver/ui/task/260901_144431%3Affiore_crab_VBS_semilep_ZZ_EWK_2024_v15
INFO 2026-09-01 14:46:40.665 UTC: 	 Dashboard monitoring URL:	https://monit-grafana.cern.ch/d/cmsTMDetail/cms-task-monitoring-task-view?orgId=11&var-user=ffiore&var-task=260901_144431%3Affiore_crab_VBS_semilep_ZZ_EWK_2024_v15&from=1788270271000&to=now
DEBUG 2026-09-01 14:46:40.665 UTC: 	 The CRAB server submitted your task to the Grid scheduler (cluster ID: 157556329)
DEBUG 2026-09-01 14:46:40.665 UTC: 	 Webdir is located at http://vocms0107.cern.ch/mon/ffiore/260901_144431:ffiore_crab_VBS_semilep_ZZ_EWK_2024_v15
DEBUG 2026-09-01 14:46:40.665 UTC: 	 Encoded data for curl request: subresource=webdirprx&workflow=260901_144431%3Affiore_crab_VBS_semilep_ZZ_EWK_2024_v15
DEBUG 2026-09-01 14:46:40.732 UTC: 	 Proxied webdir is located at https://cmsweb.cern.ch/scheddmon/0107/ffiore/260901_144431:ffiore_crab_VBS_semilep_ZZ_EWK_2024_v15
DEBUG 2026-09-01 14:46:40.733 UTC: 	 Retrieving 'status_cache' file from https://cmsweb.cern.ch/scheddmon/0107/ffiore/260901_144431:ffiore_crab_VBS_semilep_ZZ_EWK_2024_v15/status_cache.pkl
DEBUG 2026-09-01 14:46:40.733 UTC: 	 Will execute:
curl -sS --capath /etc/grid-security/certificates --cert /tmp/x509up_u178888 --key /tmp/x509up_u178888 -o /tmp/crab_status-cache-ofqb5pi4.pkl -w %"{http_code}" "https://cmsweb.cern.ch/scheddmon/0107/ffiore/260901_144431:ffiore_crab_VBS_semilep_ZZ_EWK_2024_v15/status_cache.pkl"
DEBUG 2026-09-01 14:46:40.733 UTC: 	 Executing command :
 curl -sS --capath /etc/grid-security/certificates --cert /tmp/x509up_u178888 --key /tmp/x509up_u178888 -o /tmp/crab_status-cache-ofqb5pi4.pkl -w %"{http_code}" "https://cmsweb.cern.ch/scheddmon/0107/ffiore/260901_144431:ffiore_crab_VBS_semilep_ZZ_EWK_2024_v15/status_cache.pkl"
DEBUG 2026-09-01 14:46:40.775 UTC: 	 output : 200
 error: 
 retcode : 0
DEBUG 2026-09-01 14:46:40.775 UTC: 	 exitcode: 0
stdout: 200
stderr: 
error details: 
INFO 2026-09-01 14:46:40.776 UTC: 	 Task bootstrapped at 2026-09-01 14:46:11 UTC. 29 seconds ago
INFO 2026-09-01 14:46:40.776 UTC: 	 Status information will be available within a few minutes
INFO 2026-09-01 14:46:40.778 UTC: 	 Log file is /afs/cern.ch/user/f/ffiore/work/produzione/crab_MC_private/VBS_semilep_ZZ_EWK_2024_v15/crab_VBS_semilep_ZZ_EWK_2024_v15/crab.log
DEBUG 2026-09-01 14:46:45.281 UTC: 	 CRAB Client version: v3.260630
DEBUG 2026-09-01 14:46:45.281 UTC: 	 Running on: Linux lxplus813.cern.ch 4.18.0-553.151.1.el8_10.x86_64 #1 SMP Sun Aug 2 20:57:00 EDT 2026 x86_64 x86_64 x86_64 GNU/Linux
DEBUG 2026-09-01 14:46:45.281 UTC: 	 Not using Singularity
DEBUG 2026-09-01 14:46:45.281 UTC: 	 Operating System: Red Hat Enterprise Linux 8.10 (Ootpa)
DEBUG 2026-09-01 14:46:45.281 UTC: 	 Executing command: 'status'
DEBUG 2026-09-01 14:46:45.282 UTC: 	 Found CRAB cache file /afs/cern.ch/user/f/ffiore/.crab3
DEBUG 2026-09-01 14:46:45.287 UTC: 	 Checking credentials
DEBUG 2026-09-01 14:46:45.287 UTC: 	 Found proxy file /tmp/x509up_u178888
DEBUG 2026-09-01 14:46:45.287 UTC: 	 Making sure it has proper VOMS extension
DEBUG 2026-09-01 14:46:45.288 UTC: 	 Executing command :
 voms-proxy-info --vo --file /tmp/x509up_u178888
DEBUG 2026-09-01 14:46:45.314 UTC: 	 output : cms

 error: 
 retcode : 0
DEBUG 2026-09-01 14:46:45.314 UTC: 	 Getting proxy life time left
DEBUG 2026-09-01 14:46:45.314 UTC: 	 Executing command :
 voms-proxy-info --actimeleft --timeleft --file /tmp/x509up_u178888
DEBUG 2026-09-01 14:46:45.335 UTC: 	 output : 603917
603917

 error: 
 retcode : 0
DEBUG 2026-09-01 14:46:45.336 UTC: 	 Proxy valid for 167:45:17 hours
DEBUG 2026-09-01 14:46:45.336 UTC: 	 Encoded data for curl request: subresource=delegatedn
DEBUG 2026-09-01 14:46:45.378 UTC: 	 Registering user credentials on myproxy for /DC=ch/DC=cern/OU=Organic Units/OU=Users/CN=cmscrab/CN=(817881|373708)/CN=Robot: cms crab|/DC=ch/DC=cern/OU=Organic Units/OU=Users/CN=crabint1/CN=373708/CN=Robot: CMS CRAB Integration 1
DEBUG 2026-09-01 14:46:45.379 UTC: 	 Executing command :
 voms-proxy-info --identity --file /tmp/x509up_u178888
DEBUG 2026-09-01 14:46:45.403 UTC: 	 output : /DC=ch/DC=cern/OU=Organic Units/OU=Users/CN=ffiore/CN=883264/CN=Francesca Fiore

 error: 
 retcode : 0
DEBUG 2026-09-01 14:46:45.403 UTC: 	 Getting myproxy life time left for 1108dd7240a979e136768c977b197b9a1dace71c
DEBUG 2026-09-01 14:46:45.403 UTC: 	 Executing command :
 myproxy-info -s myproxy.cern.ch -l 1108dd7240a979e136768c977b197b9a1dace71c
DEBUG 2026-09-01 14:46:45.669 UTC: 	 output : username: 1108dd7240a979e136768c977b197b9a1dace71c
owner: /DC=ch/DC=cern/OU=Organic Units/OU=Users/CN=ffiore/CN=883264/CN=Francesca Fiore
  renewal policy: /DC=ch/DC=cern/OU=Organic Units/OU=Users/CN=cmscrab/CN=(817881|373708)/CN=Robot: cms crab|/DC=ch/DC=cern/OU=Organic Units/OU=Users/CN=crabint1/CN=373708/CN=Robot: CMS CRAB Integration 1
  trusted retrieval policy: /DC=ch/DC=cern/OU=Organic Units/OU=Users/CN=cmscrab/CN=(817881|373708)/CN=Robot: cms crab|/DC=ch/DC=cern/OU=Organic Units/OU=Users/CN=crabint1/CN=373708/CN=Robot: CMS CRAB Integration 1
  timeleft: 719:51:57  (30.0 days)

 error: 
 retcode : 0
DEBUG 2026-09-01 14:46:45.669 UTC: 	 Myproxy is valid: 2591460
DEBUG 2026-09-01 14:46:45.669 UTC: 	 Result of myproxy credential check:
  Credential exists on myproxy: username: 1108dd7240a979e136768c977b197b9a1dace71c  - validity: 29 days, 23:51:00
DEBUG 2026-09-01 14:46:45.669 UTC: 	 Retrieving username ...
DEBUG 2026-09-01 14:46:45.669 UTC: 	 Retrieving username from CRIC...
DEBUG 2026-09-01 14:46:46.492 UTC: 	 username is ffiore
INFO 2026-09-01 14:46:47.564 UTC: 	 Rucio client intialized for account ffiore
DEBUG 2026-09-01 14:46:47.564 UTC: 	 Command use: status
DEBUG 2026-09-01 14:46:47.564 UTC: 	 Options use: ['-d', 'VBS_semilep_ZZ_EWK_2024_v15/crab_VBS_semilep_ZZ_EWK_2024_v15']
DEBUG 2026-09-01 14:46:47.564 UTC: 	 Encoded data for curl request: subresource=version
DEBUG 2026-09-01 14:46:47.607 UTC: 	 CRABClient version: v3.260630
DEBUG 2026-09-01 14:46:47.608 UTC: 	 Instance is prod
DEBUG 2026-09-01 14:46:47.608 UTC: 	 Server base url is cmsweb.cern.ch
DEBUG 2026-09-01 14:46:47.608 UTC: 	 Command api workflow
DEBUG 2026-09-01 14:46:47.608 UTC: 	 Encoded data for curl request: subresource=search&workflow=260901_144431%3Affiore_crab_VBS_semilep_ZZ_EWK_2024_v15
DEBUG 2026-09-01 14:46:47.654 UTC: 	 Got information from server oracle database: {'desc': {'columns': ['tm_taskname', 'tm_activity', 'tm_task_status', 'tm_task_command', 'tm_start_time', 'tm_start_injection', 'tm_end_injection', 'tm_task_failure', 'tm_job_sw', 'tm_job_arch', 'tm_input_dataset', 'tm_nonvalid_input_dataset', 'tm_use_parent', 'tm_site_whitelist', 'tm_site_blacklist', 'tm_split_algo', 'tm_split_args', 'tm_user_sandbox', 'tm_cache_url', 'tm_username', 'tm_user_dn', 'tm_user_vo', 'tm_user_role', 'tm_user_group', 'tm_publish_name', 'tm_publish_groupname', 'tm_asyncdest', 'tm_dbs_url', 'tm_publish_dbs_url', 'tm_publication', 'tm_outfiles', 'tm_tfile_outfiles', 'tm_edm_outfiles', 'tm_job_type', 'tm_generator', 'tm_events_per_lumi', 'tm_arguments', 'tm_save_logs', 'tw_name', 'tm_user_infiles', 'tm_maxjobruntime', 'tm_numcores', 'tm_maxmemory', 'tm_priority', 'tm_output_dataset', 'tm_task_warnings', 'tm_user_webdir', 'tm_scriptexe', 'tm_scriptargs', 'tm_extrajdl', 'tm_collector', 'tm_schedd', 'tm_dry_run', 'tm_user_files', 'tm_transfer_outputs', 'tm_output_lfn', 'tm_ignore_locality', 'tm_fail_limit', 'tm_one_event_mode', 'tm_secondary_input_dataset', 'tm_primary_dataset', 'tm_last_publication', 'tm_debug_files', 'clusterid', 'tm_ignore_global_blacklist', 'tm_submitter_ip_addr', 'tm_totalunits', 'tm_ddm_reqid', 'tm_user_config', 'tm_transfer_container', 'tm_transfer_rule', 'tm_publish_rule', 'tm_multipub_rule', 'tm_job_min_microarch', 'tm_dagman_status', 'tm_num_jobs', 'tm_uploaded']}, 'result': ['260901_144431:ffiore_crab_VBS_semilep_ZZ_EWK_2024_v15', 'None', 'SUBMITTED', 'SUBMIT', '2026-09-01 14:44:31.616930', 'None', '2026-09-01 14:45:08.868905', 'None', 'CMSSW_14_0_19', 'el8_amd64_gcc12', 'None', 'F', '0', '[]', '[]', 'EventBased', "{'halt_job_on_file_boundaries': False, 'splitOnRun': False, 'events_per_job': 20, 'runs': [], 'lumis': []}", '327bd52f595f48c090078a053cc387f51dc21d47f20d04959cb8ce4f1e43640d.tar.gz', 'S3/crabcache_prod', 'ffiore', '/DC=ch/DC=cern/OU=Organic Units/OU=Users/CN=ffiore/CN=883264/CN=Francesca Fiore', 'cms', 'None', 'None', 'VBS_semilep_ZZ_EWK_2024_v15-00000000000000000000000000000000', 'F', 'T2_IT_Legnaro', 'https://cmsweb.cern.ch/dbs/prod/global/DBSReader', 'https://cmsweb.cern.ch/dbs/prod/phys03/DBSWriter', 'F', "['RunIII2024Summer24NanoAODv15.root']", '[]', '[]', 'PrivateMC', 'pythia', '20', '{}', 'F', 'crab-prod-tw01', '[]', '1250', '4', '8000', '10', 'None', '[]', 'http://vocms0107.cern.ch/mon/ffiore/260901_144431:ffiore_crab_VBS_semilep_ZZ_EWK_2024_v15', 'run_chain_Run3.sh', "['inputGridpack=/eos/user/f/ffiore/VBS/Gridpacks/ZZ/VBS_ZZ_semilep_el8_amd64_gcc10_CMSSW_12_4_8_tarball.tar.xz', 'nEvents=20', 'nThreads=4']", '[]', 'None', 'crab3@vocms0107.cern.ch', 'F', '[]', 'T', '/store/user/ffiore/', 'F', 'None', 'F', 'None', 'VBS_semilep_ZZ_EWK_2024_v15', 'None', '94a8f19f1e3b9ef3cc8dadb1c94796add14982c3c24a1b0d73813a0222aa640c.tar.gz', '157556329', 'F', '188.184.75.82', '40.0', 'None', '{"partialdataset": false, "requireaccelerator": false, "acceleratorparams": null, "inputblocks": null}', 'None', 'None', 'None', 'None', 'any', 'NOT_READY', '2', 'T']}
INFO 2026-09-01 14:46:47.654 UTC: 	 CRAB project directory:		/afs/cern.ch/user/f/ffiore/work/produzione/crab_MC_private/VBS_semilep_ZZ_EWK_2024_v15/crab_VBS_semilep_ZZ_EWK_2024_v15
INFO 2026-09-01 14:46:47.655 UTC: 	 Task name:			260901_144431:ffiore_crab_VBS_semilep_ZZ_EWK_2024_v15
INFO 2026-09-01 14:46:47.655 UTC: 	 Grid scheduler - Task Worker:	crab3@vocms0107.cern.ch - crab-prod-tw01
INFO 2026-09-01 14:46:47.655 UTC: 	 Status on the CRAB server:	SUBMITTED
INFO 2026-09-01 14:46:47.655 UTC: 	 Task URL to use for HELP:	https://cmsweb.cern.ch/crabserver/ui/task/260901_144431%3Affiore_crab_VBS_semilep_ZZ_EWK_2024_v15
INFO 2026-09-01 14:46:47.666 UTC: 	 Dashboard monitoring URL:	https://monit-grafana.cern.ch/d/cmsTMDetail/cms-task-monitoring-task-view?orgId=11&var-user=ffiore&var-task=260901_144431%3Affiore_crab_VBS_semilep_ZZ_EWK_2024_v15&from=1788270271000&to=now
DEBUG 2026-09-01 14:46:47.666 UTC: 	 The CRAB server submitted your task to the Grid scheduler (cluster ID: 157556329)
DEBUG 2026-09-01 14:46:47.666 UTC: 	 Webdir is located at http://vocms0107.cern.ch/mon/ffiore/260901_144431:ffiore_crab_VBS_semilep_ZZ_EWK_2024_v15
DEBUG 2026-09-01 14:46:47.666 UTC: 	 Encoded data for curl request: subresource=webdirprx&workflow=260901_144431%3Affiore_crab_VBS_semilep_ZZ_EWK_2024_v15
DEBUG 2026-09-01 14:46:47.713 UTC: 	 Proxied webdir is located at https://cmsweb.cern.ch/scheddmon/0107/ffiore/260901_144431:ffiore_crab_VBS_semilep_ZZ_EWK_2024_v15
DEBUG 2026-09-01 14:46:47.714 UTC: 	 Retrieving 'status_cache' file from https://cmsweb.cern.ch/scheddmon/0107/ffiore/260901_144431:ffiore_crab_VBS_semilep_ZZ_EWK_2024_v15/status_cache.pkl
DEBUG 2026-09-01 14:46:47.714 UTC: 	 Will execute:
curl -sS --capath /etc/grid-security/certificates --cert /tmp/x509up_u178888 --key /tmp/x509up_u178888 -o /tmp/crab_status-cache-hydkkx7s.pkl -w %"{http_code}" "https://cmsweb.cern.ch/scheddmon/0107/ffiore/260901_144431:ffiore_crab_VBS_semilep_ZZ_EWK_2024_v15/status_cache.pkl"
DEBUG 2026-09-01 14:46:47.714 UTC: 	 Executing command :
 curl -sS --capath /etc/grid-security/certificates --cert /tmp/x509up_u178888 --key /tmp/x509up_u178888 -o /tmp/crab_status-cache-hydkkx7s.pkl -w %"{http_code}" "https://cmsweb.cern.ch/scheddmon/0107/ffiore/260901_144431:ffiore_crab_VBS_semilep_ZZ_EWK_2024_v15/status_cache.pkl"
DEBUG 2026-09-01 14:46:47.753 UTC: 	 output : 200
 error: 
 retcode : 0
DEBUG 2026-09-01 14:46:47.753 UTC: 	 exitcode: 0
stdout: 200
stderr: 
error details: 
INFO 2026-09-01 14:46:47.753 UTC: 	 Task bootstrapped at 2026-09-01 14:46:11 UTC. 36 seconds ago
INFO 2026-09-01 14:46:47.753 UTC: 	 Status information will be available within a few minutes
INFO 2026-09-01 14:46:47.755 UTC: 	 Log file is /afs/cern.ch/user/f/ffiore/work/produzione/crab_MC_private/VBS_semilep_ZZ_EWK_2024_v15/crab_VBS_semilep_ZZ_EWK_2024_v15/crab.log
DEBUG 2026-09-01 14:46:52.833 UTC: 	 CRAB Client version: v3.260630
DEBUG 2026-09-01 14:46:52.833 UTC: 	 Running on: Linux lxplus813.cern.ch 4.18.0-553.151.1.el8_10.x86_64 #1 SMP Sun Aug 2 20:57:00 EDT 2026 x86_64 x86_64 x86_64 GNU/Linux
DEBUG 2026-09-01 14:46:52.833 UTC: 	 Not using Singularity
DEBUG 2026-09-01 14:46:52.833 UTC: 	 Operating System: Red Hat Enterprise Linux 8.10 (Ootpa)
DEBUG 2026-09-01 14:46:52.833 UTC: 	 Executing command: 'status'
DEBUG 2026-09-01 14:46:52.833 UTC: 	 Found CRAB cache file /afs/cern.ch/user/f/ffiore/.crab3
DEBUG 2026-09-01 14:46:52.841 UTC: 	 Checking credentials
DEBUG 2026-09-01 14:46:52.841 UTC: 	 Found proxy file /tmp/x509up_u178888
DEBUG 2026-09-01 14:46:52.841 UTC: 	 Making sure it has proper VOMS extension
DEBUG 2026-09-01 14:46:52.841 UTC: 	 Executing command :
 voms-proxy-info --vo --file /tmp/x509up_u178888
DEBUG 2026-09-01 14:46:52.871 UTC: 	 output : cms

 error: 
 retcode : 0
DEBUG 2026-09-01 14:46:52.871 UTC: 	 Getting proxy life time left
DEBUG 2026-09-01 14:46:52.871 UTC: 	 Executing command :
 voms-proxy-info --actimeleft --timeleft --file /tmp/x509up_u178888
DEBUG 2026-09-01 14:46:52.898 UTC: 	 output : 603910
603910

 error: 
 retcode : 0
DEBUG 2026-09-01 14:46:52.898 UTC: 	 Proxy valid for 167:45:10 hours
DEBUG 2026-09-01 14:46:52.898 UTC: 	 Encoded data for curl request: subresource=delegatedn
DEBUG 2026-09-01 14:46:52.943 UTC: 	 Registering user credentials on myproxy for /DC=ch/DC=cern/OU=Organic Units/OU=Users/CN=cmscrab/CN=(817881|373708)/CN=Robot: cms crab|/DC=ch/DC=cern/OU=Organic Units/OU=Users/CN=crabint1/CN=373708/CN=Robot: CMS CRAB Integration 1
DEBUG 2026-09-01 14:46:52.944 UTC: 	 Executing command :
 voms-proxy-info --identity --file /tmp/x509up_u178888
DEBUG 2026-09-01 14:46:52.972 UTC: 	 output : /DC=ch/DC=cern/OU=Organic Units/OU=Users/CN=ffiore/CN=883264/CN=Francesca Fiore

 error: 
 retcode : 0
DEBUG 2026-09-01 14:46:52.972 UTC: 	 Getting myproxy life time left for 1108dd7240a979e136768c977b197b9a1dace71c
DEBUG 2026-09-01 14:46:52.972 UTC: 	 Executing command :
 myproxy-info -s myproxy.cern.ch -l 1108dd7240a979e136768c977b197b9a1dace71c
DEBUG 2026-09-01 14:46:53.254 UTC: 	 output : username: 1108dd7240a979e136768c977b197b9a1dace71c
owner: /DC=ch/DC=cern/OU=Organic Units/OU=Users/CN=ffiore/CN=883264/CN=Francesca Fiore
  renewal policy: /DC=ch/DC=cern/OU=Organic Units/OU=Users/CN=cmscrab/CN=(817881|373708)/CN=Robot: cms crab|/DC=ch/DC=cern/OU=Organic Units/OU=Users/CN=crabint1/CN=373708/CN=Robot: CMS CRAB Integration 1
  trusted retrieval policy: /DC=ch/DC=cern/OU=Organic Units/OU=Users/CN=cmscrab/CN=(817881|373708)/CN=Robot: cms crab|/DC=ch/DC=cern/OU=Organic Units/OU=Users/CN=crabint1/CN=373708/CN=Robot: CMS CRAB Integration 1
  timeleft: 719:51:49  (30.0 days)

 error: 
 retcode : 0
DEBUG 2026-09-01 14:46:53.254 UTC: 	 Myproxy is valid: 2591460
DEBUG 2026-09-01 14:46:53.254 UTC: 	 Result of myproxy credential check:
  Credential exists on myproxy: username: 1108dd7240a979e136768c977b197b9a1dace71c  - validity: 29 days, 23:51:00
DEBUG 2026-09-01 14:46:53.254 UTC: 	 Retrieving username ...
DEBUG 2026-09-01 14:46:53.254 UTC: 	 Retrieving username from CRIC...
DEBUG 2026-09-01 14:46:54.113 UTC: 	 username is ffiore
INFO 2026-09-01 14:46:55.295 UTC: 	 Rucio client intialized for account ffiore
DEBUG 2026-09-01 14:46:55.296 UTC: 	 Command use: status
DEBUG 2026-09-01 14:46:55.296 UTC: 	 Options use: ['-d', 'VBS_semilep_ZZ_EWK_2024_v15/crab_VBS_semilep_ZZ_EWK_2024_v15']
DEBUG 2026-09-01 14:46:55.296 UTC: 	 Encoded data for curl request: subresource=version
DEBUG 2026-09-01 14:46:55.351 UTC: 	 CRABClient version: v3.260630
DEBUG 2026-09-01 14:46:55.351 UTC: 	 Instance is prod
DEBUG 2026-09-01 14:46:55.351 UTC: 	 Server base url is cmsweb.cern.ch
DEBUG 2026-09-01 14:46:55.351 UTC: 	 Command api workflow
DEBUG 2026-09-01 14:46:55.352 UTC: 	 Encoded data for curl request: subresource=search&workflow=260901_144431%3Affiore_crab_VBS_semilep_ZZ_EWK_2024_v15
DEBUG 2026-09-01 14:46:55.425 UTC: 	 Got information from server oracle database: {'desc': {'columns': ['tm_taskname', 'tm_activity', 'tm_task_status', 'tm_task_command', 'tm_start_time', 'tm_start_injection', 'tm_end_injection', 'tm_task_failure', 'tm_job_sw', 'tm_job_arch', 'tm_input_dataset', 'tm_nonvalid_input_dataset', 'tm_use_parent', 'tm_site_whitelist', 'tm_site_blacklist', 'tm_split_algo', 'tm_split_args', 'tm_user_sandbox', 'tm_cache_url', 'tm_username', 'tm_user_dn', 'tm_user_vo', 'tm_user_role', 'tm_user_group', 'tm_publish_name', 'tm_publish_groupname', 'tm_asyncdest', 'tm_dbs_url', 'tm_publish_dbs_url', 'tm_publication', 'tm_outfiles', 'tm_tfile_outfiles', 'tm_edm_outfiles', 'tm_job_type', 'tm_generator', 'tm_events_per_lumi', 'tm_arguments', 'tm_save_logs', 'tw_name', 'tm_user_infiles', 'tm_maxjobruntime', 'tm_numcores', 'tm_maxmemory', 'tm_priority', 'tm_output_dataset', 'tm_task_warnings', 'tm_user_webdir', 'tm_scriptexe', 'tm_scriptargs', 'tm_extrajdl', 'tm_collector', 'tm_schedd', 'tm_dry_run', 'tm_user_files', 'tm_transfer_outputs', 'tm_output_lfn', 'tm_ignore_locality', 'tm_fail_limit', 'tm_one_event_mode', 'tm_secondary_input_dataset', 'tm_primary_dataset', 'tm_last_publication', 'tm_debug_files', 'clusterid', 'tm_ignore_global_blacklist', 'tm_submitter_ip_addr', 'tm_totalunits', 'tm_ddm_reqid', 'tm_user_config', 'tm_transfer_container', 'tm_transfer_rule', 'tm_publish_rule', 'tm_multipub_rule', 'tm_job_min_microarch', 'tm_dagman_status', 'tm_num_jobs', 'tm_uploaded']}, 'result': ['260901_144431:ffiore_crab_VBS_semilep_ZZ_EWK_2024_v15', 'None', 'SUBMITTED', 'SUBMIT', '2026-09-01 14:44:31.616930', 'None', '2026-09-01 14:45:08.868905', 'None', 'CMSSW_14_0_19', 'el8_amd64_gcc12', 'None', 'F', '0', '[]', '[]', 'EventBased', "{'halt_job_on_file_boundaries': False, 'splitOnRun': False, 'events_per_job': 20, 'runs': [], 'lumis': []}", '327bd52f595f48c090078a053cc387f51dc21d47f20d04959cb8ce4f1e43640d.tar.gz', 'S3/crabcache_prod', 'ffiore', '/DC=ch/DC=cern/OU=Organic Units/OU=Users/CN=ffiore/CN=883264/CN=Francesca Fiore', 'cms', 'None', 'None', 'VBS_semilep_ZZ_EWK_2024_v15-00000000000000000000000000000000', 'F', 'T2_IT_Legnaro', 'https://cmsweb.cern.ch/dbs/prod/global/DBSReader', 'https://cmsweb.cern.ch/dbs/prod/phys03/DBSWriter', 'F', "['RunIII2024Summer24NanoAODv15.root']", '[]', '[]', 'PrivateMC', 'pythia', '20', '{}', 'F', 'crab-prod-tw01', '[]', '1250', '4', '8000', '10', 'None', '[]', 'http://vocms0107.cern.ch/mon/ffiore/260901_144431:ffiore_crab_VBS_semilep_ZZ_EWK_2024_v15', 'run_chain_Run3.sh', "['inputGridpack=/eos/user/f/ffiore/VBS/Gridpacks/ZZ/VBS_ZZ_semilep_el8_amd64_gcc10_CMSSW_12_4_8_tarball.tar.xz', 'nEvents=20', 'nThreads=4']", '[]', 'None', 'crab3@vocms0107.cern.ch', 'F', '[]', 'T', '/store/user/ffiore/', 'F', 'None', 'F', 'None', 'VBS_semilep_ZZ_EWK_2024_v15', 'None', '94a8f19f1e3b9ef3cc8dadb1c94796add14982c3c24a1b0d73813a0222aa640c.tar.gz', '157556329', 'F', '188.184.75.82', '40.0', 'None', '{"partialdataset": false, "requireaccelerator": false, "acceleratorparams": null, "inputblocks": null}', 'None', 'None', 'None', 'None', 'any', 'NOT_READY', '2', 'T']}
INFO 2026-09-01 14:46:55.425 UTC: 	 CRAB project directory:		/afs/cern.ch/user/f/ffiore/work/produzione/crab_MC_private/VBS_semilep_ZZ_EWK_2024_v15/crab_VBS_semilep_ZZ_EWK_2024_v15
INFO 2026-09-01 14:46:55.425 UTC: 	 Task name:			260901_144431:ffiore_crab_VBS_semilep_ZZ_EWK_2024_v15
INFO 2026-09-01 14:46:55.425 UTC: 	 Grid scheduler - Task Worker:	crab3@vocms0107.cern.ch - crab-prod-tw01
INFO 2026-09-01 14:46:55.425 UTC: 	 Status on the CRAB server:	SUBMITTED
INFO 2026-09-01 14:46:55.425 UTC: 	 Task URL to use for HELP:	https://cmsweb.cern.ch/crabserver/ui/task/260901_144431%3Affiore_crab_VBS_semilep_ZZ_EWK_2024_v15
INFO 2026-09-01 14:46:55.434 UTC: 	 Dashboard monitoring URL:	https://monit-grafana.cern.ch/d/cmsTMDetail/cms-task-monitoring-task-view?orgId=11&var-user=ffiore&var-task=260901_144431%3Affiore_crab_VBS_semilep_ZZ_EWK_2024_v15&from=1788270271000&to=now
DEBUG 2026-09-01 14:46:55.434 UTC: 	 The CRAB server submitted your task to the Grid scheduler (cluster ID: 157556329)
DEBUG 2026-09-01 14:46:55.434 UTC: 	 Webdir is located at http://vocms0107.cern.ch/mon/ffiore/260901_144431:ffiore_crab_VBS_semilep_ZZ_EWK_2024_v15
DEBUG 2026-09-01 14:46:55.434 UTC: 	 Encoded data for curl request: subresource=webdirprx&workflow=260901_144431%3Affiore_crab_VBS_semilep_ZZ_EWK_2024_v15
DEBUG 2026-09-01 14:46:55.481 UTC: 	 Proxied webdir is located at https://cmsweb.cern.ch/scheddmon/0107/ffiore/260901_144431:ffiore_crab_VBS_semilep_ZZ_EWK_2024_v15
DEBUG 2026-09-01 14:46:55.481 UTC: 	 Retrieving 'status_cache' file from https://cmsweb.cern.ch/scheddmon/0107/ffiore/260901_144431:ffiore_crab_VBS_semilep_ZZ_EWK_2024_v15/status_cache.pkl
DEBUG 2026-09-01 14:46:55.481 UTC: 	 Will execute:
curl -sS --capath /etc/grid-security/certificates --cert /tmp/x509up_u178888 --key /tmp/x509up_u178888 -o /tmp/crab_status-cache-jhv216xj.pkl -w %"{http_code}" "https://cmsweb.cern.ch/scheddmon/0107/ffiore/260901_144431:ffiore_crab_VBS_semilep_ZZ_EWK_2024_v15/status_cache.pkl"
DEBUG 2026-09-01 14:46:55.481 UTC: 	 Executing command :
 curl -sS --capath /etc/grid-security/certificates --cert /tmp/x509up_u178888 --key /tmp/x509up_u178888 -o /tmp/crab_status-cache-jhv216xj.pkl -w %"{http_code}" "https://cmsweb.cern.ch/scheddmon/0107/ffiore/260901_144431:ffiore_crab_VBS_semilep_ZZ_EWK_2024_v15/status_cache.pkl"
DEBUG 2026-09-01 14:46:55.523 UTC: 	 output : 200
 error: 
 retcode : 0
DEBUG 2026-09-01 14:46:55.523 UTC: 	 exitcode: 0
stdout: 200
stderr: 
error details: 
INFO 2026-09-01 14:46:55.524 UTC: 	 Task bootstrapped at 2026-09-01 14:46:11 UTC. 44 seconds ago
INFO 2026-09-01 14:46:55.524 UTC: 	 Status information will be available within a few minutes
INFO 2026-09-01 14:46:55.526 UTC: 	 Log file is /afs/cern.ch/user/f/ffiore/work/produzione/crab_MC_private/VBS_semilep_ZZ_EWK_2024_v15/crab_VBS_semilep_ZZ_EWK_2024_v15/crab.log
DEBUG 2026-09-01 14:46:59.868 UTC: 	 CRAB Client version: v3.260630
DEBUG 2026-09-01 14:46:59.868 UTC: 	 Running on: Linux lxplus813.cern.ch 4.18.0-553.151.1.el8_10.x86_64 #1 SMP Sun Aug 2 20:57:00 EDT 2026 x86_64 x86_64 x86_64 GNU/Linux
DEBUG 2026-09-01 14:46:59.868 UTC: 	 Not using Singularity
DEBUG 2026-09-01 14:46:59.868 UTC: 	 Operating System: Red Hat Enterprise Linux 8.10 (Ootpa)
DEBUG 2026-09-01 14:46:59.868 UTC: 	 Executing command: 'status'
DEBUG 2026-09-01 14:46:59.869 UTC: 	 Found CRAB cache file /afs/cern.ch/user/f/ffiore/.crab3
DEBUG 2026-09-01 14:46:59.874 UTC: 	 Checking credentials
DEBUG 2026-09-01 14:46:59.874 UTC: 	 Found proxy file /tmp/x509up_u178888
DEBUG 2026-09-01 14:46:59.874 UTC: 	 Making sure it has proper VOMS extension
DEBUG 2026-09-01 14:46:59.874 UTC: 	 Executing command :
 voms-proxy-info --vo --file /tmp/x509up_u178888
DEBUG 2026-09-01 14:46:59.899 UTC: 	 output : cms

 error: 
 retcode : 0
DEBUG 2026-09-01 14:46:59.899 UTC: 	 Getting proxy life time left
DEBUG 2026-09-01 14:46:59.899 UTC: 	 Executing command :
 voms-proxy-info --actimeleft --timeleft --file /tmp/x509up_u178888
DEBUG 2026-09-01 14:46:59.921 UTC: 	 output : 603903
603903

 error: 
 retcode : 0
DEBUG 2026-09-01 14:46:59.921 UTC: 	 Proxy valid for 167:45:03 hours
DEBUG 2026-09-01 14:46:59.921 UTC: 	 Encoded data for curl request: subresource=delegatedn
DEBUG 2026-09-01 14:46:59.962 UTC: 	 Registering user credentials on myproxy for /DC=ch/DC=cern/OU=Organic Units/OU=Users/CN=cmscrab/CN=(817881|373708)/CN=Robot: cms crab|/DC=ch/DC=cern/OU=Organic Units/OU=Users/CN=crabint1/CN=373708/CN=Robot: CMS CRAB Integration 1
DEBUG 2026-09-01 14:46:59.963 UTC: 	 Executing command :
 voms-proxy-info --identity --file /tmp/x509up_u178888
DEBUG 2026-09-01 14:46:59.996 UTC: 	 output : /DC=ch/DC=cern/OU=Organic Units/OU=Users/CN=ffiore/CN=883264/CN=Francesca Fiore

 error: 
 retcode : 0
DEBUG 2026-09-01 14:46:59.996 UTC: 	 Getting myproxy life time left for 1108dd7240a979e136768c977b197b9a1dace71c
DEBUG 2026-09-01 14:46:59.996 UTC: 	 Executing command :
 myproxy-info -s myproxy.cern.ch -l 1108dd7240a979e136768c977b197b9a1dace71c
DEBUG 2026-09-01 14:47:00.273 UTC: 	 output : username: 1108dd7240a979e136768c977b197b9a1dace71c
owner: /DC=ch/DC=cern/OU=Organic Units/OU=Users/CN=ffiore/CN=883264/CN=Francesca Fiore
  renewal policy: /DC=ch/DC=cern/OU=Organic Units/OU=Users/CN=cmscrab/CN=(817881|373708)/CN=Robot: cms crab|/DC=ch/DC=cern/OU=Organic Units/OU=Users/CN=crabint1/CN=373708/CN=Robot: CMS CRAB Integration 1
  trusted retrieval policy: /DC=ch/DC=cern/OU=Organic Units/OU=Users/CN=cmscrab/CN=(817881|373708)/CN=Robot: cms crab|/DC=ch/DC=cern/OU=Organic Units/OU=Users/CN=crabint1/CN=373708/CN=Robot: CMS CRAB Integration 1
  timeleft: 719:51:42  (30.0 days)

 error: 
 retcode : 0
DEBUG 2026-09-01 14:47:00.273 UTC: 	 Myproxy is valid: 2591460
DEBUG 2026-09-01 14:47:00.273 UTC: 	 Result of myproxy credential check:
  Credential exists on myproxy: username: 1108dd7240a979e136768c977b197b9a1dace71c  - validity: 29 days, 23:51:00
DEBUG 2026-09-01 14:47:00.273 UTC: 	 Retrieving username ...
DEBUG 2026-09-01 14:47:00.273 UTC: 	 Retrieving username from CRIC...
DEBUG 2026-09-01 14:47:01.065 UTC: 	 username is ffiore
INFO 2026-09-01 14:47:02.167 UTC: 	 Rucio client intialized for account ffiore
DEBUG 2026-09-01 14:47:02.168 UTC: 	 Command use: status
DEBUG 2026-09-01 14:47:02.168 UTC: 	 Options use: ['-d', 'VBS_semilep_ZZ_EWK_2024_v15/crab_VBS_semilep_ZZ_EWK_2024_v15']
DEBUG 2026-09-01 14:47:02.168 UTC: 	 Encoded data for curl request: subresource=version
DEBUG 2026-09-01 14:47:02.212 UTC: 	 CRABClient version: v3.260630
DEBUG 2026-09-01 14:47:02.213 UTC: 	 Instance is prod
DEBUG 2026-09-01 14:47:02.213 UTC: 	 Server base url is cmsweb.cern.ch
DEBUG 2026-09-01 14:47:02.213 UTC: 	 Command api workflow
DEBUG 2026-09-01 14:47:02.213 UTC: 	 Encoded data for curl request: subresource=search&workflow=260901_144431%3Affiore_crab_VBS_semilep_ZZ_EWK_2024_v15
DEBUG 2026-09-01 14:47:02.262 UTC: 	 Got information from server oracle database: {'desc': {'columns': ['tm_taskname', 'tm_activity', 'tm_task_status', 'tm_task_command', 'tm_start_time', 'tm_start_injection', 'tm_end_injection', 'tm_task_failure', 'tm_job_sw', 'tm_job_arch', 'tm_input_dataset', 'tm_nonvalid_input_dataset', 'tm_use_parent', 'tm_site_whitelist', 'tm_site_blacklist', 'tm_split_algo', 'tm_split_args', 'tm_user_sandbox', 'tm_cache_url', 'tm_username', 'tm_user_dn', 'tm_user_vo', 'tm_user_role', 'tm_user_group', 'tm_publish_name', 'tm_publish_groupname', 'tm_asyncdest', 'tm_dbs_url', 'tm_publish_dbs_url', 'tm_publication', 'tm_outfiles', 'tm_tfile_outfiles', 'tm_edm_outfiles', 'tm_job_type', 'tm_generator', 'tm_events_per_lumi', 'tm_arguments', 'tm_save_logs', 'tw_name', 'tm_user_infiles', 'tm_maxjobruntime', 'tm_numcores', 'tm_maxmemory', 'tm_priority', 'tm_output_dataset', 'tm_task_warnings', 'tm_user_webdir', 'tm_scriptexe', 'tm_scriptargs', 'tm_extrajdl', 'tm_collector', 'tm_schedd', 'tm_dry_run', 'tm_user_files', 'tm_transfer_outputs', 'tm_output_lfn', 'tm_ignore_locality', 'tm_fail_limit', 'tm_one_event_mode', 'tm_secondary_input_dataset', 'tm_primary_dataset', 'tm_last_publication', 'tm_debug_files', 'clusterid', 'tm_ignore_global_blacklist', 'tm_submitter_ip_addr', 'tm_totalunits', 'tm_ddm_reqid', 'tm_user_config', 'tm_transfer_container', 'tm_transfer_rule', 'tm_publish_rule', 'tm_multipub_rule', 'tm_job_min_microarch', 'tm_dagman_status', 'tm_num_jobs', 'tm_uploaded']}, 'result': ['260901_144431:ffiore_crab_VBS_semilep_ZZ_EWK_2024_v15', 'None', 'SUBMITTED', 'SUBMIT', '2026-09-01 14:44:31.616930', 'None', '2026-09-01 14:45:08.868905', 'None', 'CMSSW_14_0_19', 'el8_amd64_gcc12', 'None', 'F', '0', '[]', '[]', 'EventBased', "{'halt_job_on_file_boundaries': False, 'splitOnRun': False, 'events_per_job': 20, 'runs': [], 'lumis': []}", '327bd52f595f48c090078a053cc387f51dc21d47f20d04959cb8ce4f1e43640d.tar.gz', 'S3/crabcache_prod', 'ffiore', '/DC=ch/DC=cern/OU=Organic Units/OU=Users/CN=ffiore/CN=883264/CN=Francesca Fiore', 'cms', 'None', 'None', 'VBS_semilep_ZZ_EWK_2024_v15-00000000000000000000000000000000', 'F', 'T2_IT_Legnaro', 'https://cmsweb.cern.ch/dbs/prod/global/DBSReader', 'https://cmsweb.cern.ch/dbs/prod/phys03/DBSWriter', 'F', "['RunIII2024Summer24NanoAODv15.root']", '[]', '[]', 'PrivateMC', 'pythia', '20', '{}', 'F', 'crab-prod-tw01', '[]', '1250', '4', '8000', '10', 'None', '[]', 'http://vocms0107.cern.ch/mon/ffiore/260901_144431:ffiore_crab_VBS_semilep_ZZ_EWK_2024_v15', 'run_chain_Run3.sh', "['inputGridpack=/eos/user/f/ffiore/VBS/Gridpacks/ZZ/VBS_ZZ_semilep_el8_amd64_gcc10_CMSSW_12_4_8_tarball.tar.xz', 'nEvents=20', 'nThreads=4']", '[]', 'None', 'crab3@vocms0107.cern.ch', 'F', '[]', 'T', '/store/user/ffiore/', 'F', 'None', 'F', 'None', 'VBS_semilep_ZZ_EWK_2024_v15', 'None', '94a8f19f1e3b9ef3cc8dadb1c94796add14982c3c24a1b0d73813a0222aa640c.tar.gz', '157556329', 'F', '188.184.75.82', '40.0', 'None', '{"partialdataset": false, "requireaccelerator": false, "acceleratorparams": null, "inputblocks": null}', 'None', 'None', 'None', 'None', 'any', 'NOT_READY', '2', 'T']}
INFO 2026-09-01 14:47:02.263 UTC: 	 CRAB project directory:		/afs/cern.ch/user/f/ffiore/work/produzione/crab_MC_private/VBS_semilep_ZZ_EWK_2024_v15/crab_VBS_semilep_ZZ_EWK_2024_v15
INFO 2026-09-01 14:47:02.263 UTC: 	 Task name:			260901_144431:ffiore_crab_VBS_semilep_ZZ_EWK_2024_v15
INFO 2026-09-01 14:47:02.263 UTC: 	 Grid scheduler - Task Worker:	crab3@vocms0107.cern.ch - crab-prod-tw01
INFO 2026-09-01 14:47:02.263 UTC: 	 Status on the CRAB server:	SUBMITTED
INFO 2026-09-01 14:47:02.263 UTC: 	 Task URL to use for HELP:	https://cmsweb.cern.ch/crabserver/ui/task/260901_144431%3Affiore_crab_VBS_semilep_ZZ_EWK_2024_v15
INFO 2026-09-01 14:47:02.271 UTC: 	 Dashboard monitoring URL:	https://monit-grafana.cern.ch/d/cmsTMDetail/cms-task-monitoring-task-view?orgId=11&var-user=ffiore&var-task=260901_144431%3Affiore_crab_VBS_semilep_ZZ_EWK_2024_v15&from=1788270271000&to=now
DEBUG 2026-09-01 14:47:02.271 UTC: 	 The CRAB server submitted your task to the Grid scheduler (cluster ID: 157556329)
DEBUG 2026-09-01 14:47:02.271 UTC: 	 Webdir is located at http://vocms0107.cern.ch/mon/ffiore/260901_144431:ffiore_crab_VBS_semilep_ZZ_EWK_2024_v15
DEBUG 2026-09-01 14:47:02.271 UTC: 	 Encoded data for curl request: subresource=webdirprx&workflow=260901_144431%3Affiore_crab_VBS_semilep_ZZ_EWK_2024_v15
DEBUG 2026-09-01 14:47:02.324 UTC: 	 Proxied webdir is located at https://cmsweb.cern.ch/scheddmon/0107/ffiore/260901_144431:ffiore_crab_VBS_semilep_ZZ_EWK_2024_v15
DEBUG 2026-09-01 14:47:02.324 UTC: 	 Retrieving 'status_cache' file from https://cmsweb.cern.ch/scheddmon/0107/ffiore/260901_144431:ffiore_crab_VBS_semilep_ZZ_EWK_2024_v15/status_cache.pkl
DEBUG 2026-09-01 14:47:02.324 UTC: 	 Will execute:
curl -sS --capath /etc/grid-security/certificates --cert /tmp/x509up_u178888 --key /tmp/x509up_u178888 -o /tmp/crab_status-cache-7uvryt66.pkl -w %"{http_code}" "https://cmsweb.cern.ch/scheddmon/0107/ffiore/260901_144431:ffiore_crab_VBS_semilep_ZZ_EWK_2024_v15/status_cache.pkl"
DEBUG 2026-09-01 14:47:02.324 UTC: 	 Executing command :
 curl -sS --capath /etc/grid-security/certificates --cert /tmp/x509up_u178888 --key /tmp/x509up_u178888 -o /tmp/crab_status-cache-7uvryt66.pkl -w %"{http_code}" "https://cmsweb.cern.ch/scheddmon/0107/ffiore/260901_144431:ffiore_crab_VBS_semilep_ZZ_EWK_2024_v15/status_cache.pkl"
DEBUG 2026-09-01 14:47:02.382 UTC: 	 output : 200
 error: 
 retcode : 0
DEBUG 2026-09-01 14:47:02.382 UTC: 	 exitcode: 0
stdout: 200
stderr: 
error details: 
INFO 2026-09-01 14:47:02.383 UTC: 	 Task bootstrapped at 2026-09-01 14:46:11 UTC. 51 seconds ago
INFO 2026-09-01 14:47:02.383 UTC: 	 Status information will be available within a few minutes
INFO 2026-09-01 14:47:02.386 UTC: 	 Log file is /afs/cern.ch/user/f/ffiore/work/produzione/crab_MC_private/VBS_semilep_ZZ_EWK_2024_v15/crab_VBS_semilep_ZZ_EWK_2024_v15/crab.log
DEBUG 2026-09-01 14:47:07.229 UTC: 	 CRAB Client version: v3.260630
DEBUG 2026-09-01 14:47:07.229 UTC: 	 Running on: Linux lxplus813.cern.ch 4.18.0-553.151.1.el8_10.x86_64 #1 SMP Sun Aug 2 20:57:00 EDT 2026 x86_64 x86_64 x86_64 GNU/Linux
DEBUG 2026-09-01 14:47:07.229 UTC: 	 Not using Singularity
DEBUG 2026-09-01 14:47:07.229 UTC: 	 Operating System: Red Hat Enterprise Linux 8.10 (Ootpa)
DEBUG 2026-09-01 14:47:07.229 UTC: 	 Executing command: 'status'
DEBUG 2026-09-01 14:47:07.229 UTC: 	 Found CRAB cache file /afs/cern.ch/user/f/ffiore/.crab3
DEBUG 2026-09-01 14:47:07.237 UTC: 	 Checking credentials
DEBUG 2026-09-01 14:47:07.237 UTC: 	 Found proxy file /tmp/x509up_u178888
DEBUG 2026-09-01 14:47:07.237 UTC: 	 Making sure it has proper VOMS extension
DEBUG 2026-09-01 14:47:07.237 UTC: 	 Executing command :
 voms-proxy-info --vo --file /tmp/x509up_u178888
DEBUG 2026-09-01 14:47:07.271 UTC: 	 output : cms

 error: 
 retcode : 0
DEBUG 2026-09-01 14:47:07.271 UTC: 	 Getting proxy life time left
DEBUG 2026-09-01 14:47:07.271 UTC: 	 Executing command :
 voms-proxy-info --actimeleft --timeleft --file /tmp/x509up_u178888
DEBUG 2026-09-01 14:47:07.297 UTC: 	 output : 603895
603895

 error: 
 retcode : 0
DEBUG 2026-09-01 14:47:07.298 UTC: 	 Proxy valid for 167:44:55 hours
DEBUG 2026-09-01 14:47:07.298 UTC: 	 Encoded data for curl request: subresource=delegatedn
DEBUG 2026-09-01 14:47:07.347 UTC: 	 Registering user credentials on myproxy for /DC=ch/DC=cern/OU=Organic Units/OU=Users/CN=cmscrab/CN=(817881|373708)/CN=Robot: cms crab|/DC=ch/DC=cern/OU=Organic Units/OU=Users/CN=crabint1/CN=373708/CN=Robot: CMS CRAB Integration 1
DEBUG 2026-09-01 14:47:07.348 UTC: 	 Executing command :
 voms-proxy-info --identity --file /tmp/x509up_u178888
DEBUG 2026-09-01 14:47:07.378 UTC: 	 output : /DC=ch/DC=cern/OU=Organic Units/OU=Users/CN=ffiore/CN=883264/CN=Francesca Fiore

 error: 
 retcode : 0
DEBUG 2026-09-01 14:47:07.378 UTC: 	 Getting myproxy life time left for 1108dd7240a979e136768c977b197b9a1dace71c
DEBUG 2026-09-01 14:47:07.378 UTC: 	 Executing command :
 myproxy-info -s myproxy.cern.ch -l 1108dd7240a979e136768c977b197b9a1dace71c
DEBUG 2026-09-01 14:47:07.655 UTC: 	 output : username: 1108dd7240a979e136768c977b197b9a1dace71c
owner: /DC=ch/DC=cern/OU=Organic Units/OU=Users/CN=ffiore/CN=883264/CN=Francesca Fiore
  renewal policy: /DC=ch/DC=cern/OU=Organic Units/OU=Users/CN=cmscrab/CN=(817881|373708)/CN=Robot: cms crab|/DC=ch/DC=cern/OU=Organic Units/OU=Users/CN=crabint1/CN=373708/CN=Robot: CMS CRAB Integration 1
  trusted retrieval policy: /DC=ch/DC=cern/OU=Organic Units/OU=Users/CN=cmscrab/CN=(817881|373708)/CN=Robot: cms crab|/DC=ch/DC=cern/OU=Organic Units/OU=Users/CN=crabint1/CN=373708/CN=Robot: CMS CRAB Integration 1
  timeleft: 719:51:35  (30.0 days)

 error: 
 retcode : 0
DEBUG 2026-09-01 14:47:07.655 UTC: 	 Myproxy is valid: 2591460
DEBUG 2026-09-01 14:47:07.655 UTC: 	 Result of myproxy credential check:
  Credential exists on myproxy: username: 1108dd7240a979e136768c977b197b9a1dace71c  - validity: 29 days, 23:51:00
DEBUG 2026-09-01 14:47:07.655 UTC: 	 Retrieving username ...
DEBUG 2026-09-01 14:47:07.655 UTC: 	 Retrieving username from CRIC...
DEBUG 2026-09-01 14:47:08.506 UTC: 	 username is ffiore
INFO 2026-09-01 14:47:09.602 UTC: 	 Rucio client intialized for account ffiore
DEBUG 2026-09-01 14:47:09.602 UTC: 	 Command use: status
DEBUG 2026-09-01 14:47:09.603 UTC: 	 Options use: ['-d', 'VBS_semilep_ZZ_EWK_2024_v15/crab_VBS_semilep_ZZ_EWK_2024_v15']
DEBUG 2026-09-01 14:47:09.603 UTC: 	 Encoded data for curl request: subresource=version
DEBUG 2026-09-01 14:47:09.646 UTC: 	 CRABClient version: v3.260630
DEBUG 2026-09-01 14:47:09.646 UTC: 	 Instance is prod
DEBUG 2026-09-01 14:47:09.646 UTC: 	 Server base url is cmsweb.cern.ch
DEBUG 2026-09-01 14:47:09.646 UTC: 	 Command api workflow
DEBUG 2026-09-01 14:47:09.647 UTC: 	 Encoded data for curl request: subresource=search&workflow=260901_144431%3Affiore_crab_VBS_semilep_ZZ_EWK_2024_v15
DEBUG 2026-09-01 14:47:09.714 UTC: 	 Got information from server oracle database: {'desc': {'columns': ['tm_taskname', 'tm_activity', 'tm_task_status', 'tm_task_command', 'tm_start_time', 'tm_start_injection', 'tm_end_injection', 'tm_task_failure', 'tm_job_sw', 'tm_job_arch', 'tm_input_dataset', 'tm_nonvalid_input_dataset', 'tm_use_parent', 'tm_site_whitelist', 'tm_site_blacklist', 'tm_split_algo', 'tm_split_args', 'tm_user_sandbox', 'tm_cache_url', 'tm_username', 'tm_user_dn', 'tm_user_vo', 'tm_user_role', 'tm_user_group', 'tm_publish_name', 'tm_publish_groupname', 'tm_asyncdest', 'tm_dbs_url', 'tm_publish_dbs_url', 'tm_publication', 'tm_outfiles', 'tm_tfile_outfiles', 'tm_edm_outfiles', 'tm_job_type', 'tm_generator', 'tm_events_per_lumi', 'tm_arguments', 'tm_save_logs', 'tw_name', 'tm_user_infiles', 'tm_maxjobruntime', 'tm_numcores', 'tm_maxmemory', 'tm_priority', 'tm_output_dataset', 'tm_task_warnings', 'tm_user_webdir', 'tm_scriptexe', 'tm_scriptargs', 'tm_extrajdl', 'tm_collector', 'tm_schedd', 'tm_dry_run', 'tm_user_files', 'tm_transfer_outputs', 'tm_output_lfn', 'tm_ignore_locality', 'tm_fail_limit', 'tm_one_event_mode', 'tm_secondary_input_dataset', 'tm_primary_dataset', 'tm_last_publication', 'tm_debug_files', 'clusterid', 'tm_ignore_global_blacklist', 'tm_submitter_ip_addr', 'tm_totalunits', 'tm_ddm_reqid', 'tm_user_config', 'tm_transfer_container', 'tm_transfer_rule', 'tm_publish_rule', 'tm_multipub_rule', 'tm_job_min_microarch', 'tm_dagman_status', 'tm_num_jobs', 'tm_uploaded']}, 'result': ['260901_144431:ffiore_crab_VBS_semilep_ZZ_EWK_2024_v15', 'None', 'SUBMITTED', 'SUBMIT', '2026-09-01 14:44:31.616930', 'None', '2026-09-01 14:45:08.868905', 'None', 'CMSSW_14_0_19', 'el8_amd64_gcc12', 'None', 'F', '0', '[]', '[]', 'EventBased', "{'halt_job_on_file_boundaries': False, 'splitOnRun': False, 'events_per_job': 20, 'runs': [], 'lumis': []}", '327bd52f595f48c090078a053cc387f51dc21d47f20d04959cb8ce4f1e43640d.tar.gz', 'S3/crabcache_prod', 'ffiore', '/DC=ch/DC=cern/OU=Organic Units/OU=Users/CN=ffiore/CN=883264/CN=Francesca Fiore', 'cms', 'None', 'None', 'VBS_semilep_ZZ_EWK_2024_v15-00000000000000000000000000000000', 'F', 'T2_IT_Legnaro', 'https://cmsweb.cern.ch/dbs/prod/global/DBSReader', 'https://cmsweb.cern.ch/dbs/prod/phys03/DBSWriter', 'F', "['RunIII2024Summer24NanoAODv15.root']", '[]', '[]', 'PrivateMC', 'pythia', '20', '{}', 'F', 'crab-prod-tw01', '[]', '1250', '4', '8000', '10', 'None', '[]', 'http://vocms0107.cern.ch/mon/ffiore/260901_144431:ffiore_crab_VBS_semilep_ZZ_EWK_2024_v15', 'run_chain_Run3.sh', "['inputGridpack=/eos/user/f/ffiore/VBS/Gridpacks/ZZ/VBS_ZZ_semilep_el8_amd64_gcc10_CMSSW_12_4_8_tarball.tar.xz', 'nEvents=20', 'nThreads=4']", '[]', 'None', 'crab3@vocms0107.cern.ch', 'F', '[]', 'T', '/store/user/ffiore/', 'F', 'None', 'F', 'None', 'VBS_semilep_ZZ_EWK_2024_v15', 'None', '94a8f19f1e3b9ef3cc8dadb1c94796add14982c3c24a1b0d73813a0222aa640c.tar.gz', '157556329', 'F', '188.184.75.82', '40.0', 'None', '{"partialdataset": false, "requireaccelerator": false, "acceleratorparams": null, "inputblocks": null}', 'None', 'None', 'None', 'None', 'any', 'NOT_READY', '2', 'T']}
INFO 2026-09-01 14:47:09.715 UTC: 	 CRAB project directory:		/afs/cern.ch/user/f/ffiore/work/produzione/crab_MC_private/VBS_semilep_ZZ_EWK_2024_v15/crab_VBS_semilep_ZZ_EWK_2024_v15
INFO 2026-09-01 14:47:09.715 UTC: 	 Task name:			260901_144431:ffiore_crab_VBS_semilep_ZZ_EWK_2024_v15
INFO 2026-09-01 14:47:09.715 UTC: 	 Grid scheduler - Task Worker:	crab3@vocms0107.cern.ch - crab-prod-tw01
INFO 2026-09-01 14:47:09.715 UTC: 	 Status on the CRAB server:	SUBMITTED
INFO 2026-09-01 14:47:09.715 UTC: 	 Task URL to use for HELP:	https://cmsweb.cern.ch/crabserver/ui/task/260901_144431%3Affiore_crab_VBS_semilep_ZZ_EWK_2024_v15
INFO 2026-09-01 14:47:09.734 UTC: 	 Dashboard monitoring URL:	https://monit-grafana.cern.ch/d/cmsTMDetail/cms-task-monitoring-task-view?orgId=11&var-user=ffiore&var-task=260901_144431%3Affiore_crab_VBS_semilep_ZZ_EWK_2024_v15&from=1788270271000&to=now
DEBUG 2026-09-01 14:47:09.734 UTC: 	 The CRAB server submitted your task to the Grid scheduler (cluster ID: 157556329)
DEBUG 2026-09-01 14:47:09.734 UTC: 	 Webdir is located at http://vocms0107.cern.ch/mon/ffiore/260901_144431:ffiore_crab_VBS_semilep_ZZ_EWK_2024_v15
DEBUG 2026-09-01 14:47:09.734 UTC: 	 Encoded data for curl request: subresource=webdirprx&workflow=260901_144431%3Affiore_crab_VBS_semilep_ZZ_EWK_2024_v15
DEBUG 2026-09-01 14:47:09.781 UTC: 	 Proxied webdir is located at https://cmsweb.cern.ch/scheddmon/0107/ffiore/260901_144431:ffiore_crab_VBS_semilep_ZZ_EWK_2024_v15
DEBUG 2026-09-01 14:47:09.782 UTC: 	 Retrieving 'status_cache' file from https://cmsweb.cern.ch/scheddmon/0107/ffiore/260901_144431:ffiore_crab_VBS_semilep_ZZ_EWK_2024_v15/status_cache.pkl
DEBUG 2026-09-01 14:47:09.782 UTC: 	 Will execute:
curl -sS --capath /etc/grid-security/certificates --cert /tmp/x509up_u178888 --key /tmp/x509up_u178888 -o /tmp/crab_status-cache-akbwpwwk.pkl -w %"{http_code}" "https://cmsweb.cern.ch/scheddmon/0107/ffiore/260901_144431:ffiore_crab_VBS_semilep_ZZ_EWK_2024_v15/status_cache.pkl"
DEBUG 2026-09-01 14:47:09.782 UTC: 	 Executing command :
 curl -sS --capath /etc/grid-security/certificates --cert /tmp/x509up_u178888 --key /tmp/x509up_u178888 -o /tmp/crab_status-cache-akbwpwwk.pkl -w %"{http_code}" "https://cmsweb.cern.ch/scheddmon/0107/ffiore/260901_144431:ffiore_crab_VBS_semilep_ZZ_EWK_2024_v15/status_cache.pkl"
DEBUG 2026-09-01 14:47:09.843 UTC: 	 output : 200
 error: 
 retcode : 0
DEBUG 2026-09-01 14:47:09.843 UTC: 	 exitcode: 0
stdout: 200
stderr: 
error details: 
INFO 2026-09-01 14:47:09.843 UTC: 	 Task bootstrapped at 2026-09-01 14:46:11 UTC. 58 seconds ago
INFO 2026-09-01 14:47:09.843 UTC: 	 Status information will be available within a few minutes
INFO 2026-09-01 14:47:09.845 UTC: 	 Log file is /afs/cern.ch/user/f/ffiore/work/produzione/crab_MC_private/VBS_semilep_ZZ_EWK_2024_v15/crab_VBS_semilep_ZZ_EWK_2024_v15/crab.log
DEBUG 2026-09-01 14:47:14.438 UTC: 	 CRAB Client version: v3.260630
DEBUG 2026-09-01 14:47:14.438 UTC: 	 Running on: Linux lxplus813.cern.ch 4.18.0-553.151.1.el8_10.x86_64 #1 SMP Sun Aug 2 20:57:00 EDT 2026 x86_64 x86_64 x86_64 GNU/Linux
DEBUG 2026-09-01 14:47:14.438 UTC: 	 Not using Singularity
DEBUG 2026-09-01 14:47:14.438 UTC: 	 Operating System: Red Hat Enterprise Linux 8.10 (Ootpa)
DEBUG 2026-09-01 14:47:14.438 UTC: 	 Executing command: 'status'
DEBUG 2026-09-01 14:47:14.438 UTC: 	 Found CRAB cache file /afs/cern.ch/user/f/ffiore/.crab3
DEBUG 2026-09-01 14:47:14.445 UTC: 	 Checking credentials
DEBUG 2026-09-01 14:47:14.445 UTC: 	 Found proxy file /tmp/x509up_u178888
DEBUG 2026-09-01 14:47:14.445 UTC: 	 Making sure it has proper VOMS extension
DEBUG 2026-09-01 14:47:14.445 UTC: 	 Executing command :
 voms-proxy-info --vo --file /tmp/x509up_u178888
DEBUG 2026-09-01 14:47:14.476 UTC: 	 output : cms

 error: 
 retcode : 0
DEBUG 2026-09-01 14:47:14.476 UTC: 	 Getting proxy life time left
DEBUG 2026-09-01 14:47:14.477 UTC: 	 Executing command :
 voms-proxy-info --actimeleft --timeleft --file /tmp/x509up_u178888
DEBUG 2026-09-01 14:47:14.512 UTC: 	 output : 603888
603888

 error: 
 retcode : 0
DEBUG 2026-09-01 14:47:14.512 UTC: 	 Proxy valid for 167:44:48 hours
DEBUG 2026-09-01 14:47:14.512 UTC: 	 Encoded data for curl request: subresource=delegatedn
DEBUG 2026-09-01 14:47:14.563 UTC: 	 Registering user credentials on myproxy for /DC=ch/DC=cern/OU=Organic Units/OU=Users/CN=cmscrab/CN=(817881|373708)/CN=Robot: cms crab|/DC=ch/DC=cern/OU=Organic Units/OU=Users/CN=crabint1/CN=373708/CN=Robot: CMS CRAB Integration 1
DEBUG 2026-09-01 14:47:14.563 UTC: 	 Executing command :
 voms-proxy-info --identity --file /tmp/x509up_u178888
DEBUG 2026-09-01 14:47:14.589 UTC: 	 output : /DC=ch/DC=cern/OU=Organic Units/OU=Users/CN=ffiore/CN=883264/CN=Francesca Fiore

 error: 
 retcode : 0
DEBUG 2026-09-01 14:47:14.589 UTC: 	 Getting myproxy life time left for 1108dd7240a979e136768c977b197b9a1dace71c
DEBUG 2026-09-01 14:47:14.589 UTC: 	 Executing command :
 myproxy-info -s myproxy.cern.ch -l 1108dd7240a979e136768c977b197b9a1dace71c
DEBUG 2026-09-01 14:47:14.875 UTC: 	 output : username: 1108dd7240a979e136768c977b197b9a1dace71c
owner: /DC=ch/DC=cern/OU=Organic Units/OU=Users/CN=ffiore/CN=883264/CN=Francesca Fiore
  renewal policy: /DC=ch/DC=cern/OU=Organic Units/OU=Users/CN=cmscrab/CN=(817881|373708)/CN=Robot: cms crab|/DC=ch/DC=cern/OU=Organic Units/OU=Users/CN=crabint1/CN=373708/CN=Robot: CMS CRAB Integration 1
  trusted retrieval policy: /DC=ch/DC=cern/OU=Organic Units/OU=Users/CN=cmscrab/CN=(817881|373708)/CN=Robot: cms crab|/DC=ch/DC=cern/OU=Organic Units/OU=Users/CN=crabint1/CN=373708/CN=Robot: CMS CRAB Integration 1
  timeleft: 719:51:28  (30.0 days)

 error: 
 retcode : 0
DEBUG 2026-09-01 14:47:14.875 UTC: 	 Myproxy is valid: 2591460
DEBUG 2026-09-01 14:47:14.875 UTC: 	 Result of myproxy credential check:
  Credential exists on myproxy: username: 1108dd7240a979e136768c977b197b9a1dace71c  - validity: 29 days, 23:51:00
DEBUG 2026-09-01 14:47:14.875 UTC: 	 Retrieving username ...
DEBUG 2026-09-01 14:47:14.875 UTC: 	 Retrieving username from CRIC...
DEBUG 2026-09-01 14:47:15.686 UTC: 	 username is ffiore
INFO 2026-09-01 14:47:17.001 UTC: 	 Rucio client intialized for account ffiore
DEBUG 2026-09-01 14:47:17.001 UTC: 	 Command use: status
DEBUG 2026-09-01 14:47:17.001 UTC: 	 Options use: ['-d', 'VBS_semilep_ZZ_EWK_2024_v15/crab_VBS_semilep_ZZ_EWK_2024_v15']
DEBUG 2026-09-01 14:47:17.001 UTC: 	 Encoded data for curl request: subresource=version
DEBUG 2026-09-01 14:47:17.047 UTC: 	 CRABClient version: v3.260630
DEBUG 2026-09-01 14:47:17.047 UTC: 	 Instance is prod
DEBUG 2026-09-01 14:47:17.047 UTC: 	 Server base url is cmsweb.cern.ch
DEBUG 2026-09-01 14:47:17.047 UTC: 	 Command api workflow
DEBUG 2026-09-01 14:47:17.048 UTC: 	 Encoded data for curl request: subresource=search&workflow=260901_144431%3Affiore_crab_VBS_semilep_ZZ_EWK_2024_v15
DEBUG 2026-09-01 14:47:17.094 UTC: 	 Got information from server oracle database: {'desc': {'columns': ['tm_taskname', 'tm_activity', 'tm_task_status', 'tm_task_command', 'tm_start_time', 'tm_start_injection', 'tm_end_injection', 'tm_task_failure', 'tm_job_sw', 'tm_job_arch', 'tm_input_dataset', 'tm_nonvalid_input_dataset', 'tm_use_parent', 'tm_site_whitelist', 'tm_site_blacklist', 'tm_split_algo', 'tm_split_args', 'tm_user_sandbox', 'tm_cache_url', 'tm_username', 'tm_user_dn', 'tm_user_vo', 'tm_user_role', 'tm_user_group', 'tm_publish_name', 'tm_publish_groupname', 'tm_asyncdest', 'tm_dbs_url', 'tm_publish_dbs_url', 'tm_publication', 'tm_outfiles', 'tm_tfile_outfiles', 'tm_edm_outfiles', 'tm_job_type', 'tm_generator', 'tm_events_per_lumi', 'tm_arguments', 'tm_save_logs', 'tw_name', 'tm_user_infiles', 'tm_maxjobruntime', 'tm_numcores', 'tm_maxmemory', 'tm_priority', 'tm_output_dataset', 'tm_task_warnings', 'tm_user_webdir', 'tm_scriptexe', 'tm_scriptargs', 'tm_extrajdl', 'tm_collector', 'tm_schedd', 'tm_dry_run', 'tm_user_files', 'tm_transfer_outputs', 'tm_output_lfn', 'tm_ignore_locality', 'tm_fail_limit', 'tm_one_event_mode', 'tm_secondary_input_dataset', 'tm_primary_dataset', 'tm_last_publication', 'tm_debug_files', 'clusterid', 'tm_ignore_global_blacklist', 'tm_submitter_ip_addr', 'tm_totalunits', 'tm_ddm_reqid', 'tm_user_config', 'tm_transfer_container', 'tm_transfer_rule', 'tm_publish_rule', 'tm_multipub_rule', 'tm_job_min_microarch', 'tm_dagman_status', 'tm_num_jobs', 'tm_uploaded']}, 'result': ['260901_144431:ffiore_crab_VBS_semilep_ZZ_EWK_2024_v15', 'None', 'SUBMITTED', 'SUBMIT', '2026-09-01 14:44:31.616930', 'None', '2026-09-01 14:45:08.868905', 'None', 'CMSSW_14_0_19', 'el8_amd64_gcc12', 'None', 'F', '0', '[]', '[]', 'EventBased', "{'halt_job_on_file_boundaries': False, 'splitOnRun': False, 'events_per_job': 20, 'runs': [], 'lumis': []}", '327bd52f595f48c090078a053cc387f51dc21d47f20d04959cb8ce4f1e43640d.tar.gz', 'S3/crabcache_prod', 'ffiore', '/DC=ch/DC=cern/OU=Organic Units/OU=Users/CN=ffiore/CN=883264/CN=Francesca Fiore', 'cms', 'None', 'None', 'VBS_semilep_ZZ_EWK_2024_v15-00000000000000000000000000000000', 'F', 'T2_IT_Legnaro', 'https://cmsweb.cern.ch/dbs/prod/global/DBSReader', 'https://cmsweb.cern.ch/dbs/prod/phys03/DBSWriter', 'F', "['RunIII2024Summer24NanoAODv15.root']", '[]', '[]', 'PrivateMC', 'pythia', '20', '{}', 'F', 'crab-prod-tw01', '[]', '1250', '4', '8000', '10', 'None', '[]', 'http://vocms0107.cern.ch/mon/ffiore/260901_144431:ffiore_crab_VBS_semilep_ZZ_EWK_2024_v15', 'run_chain_Run3.sh', "['inputGridpack=/eos/user/f/ffiore/VBS/Gridpacks/ZZ/VBS_ZZ_semilep_el8_amd64_gcc10_CMSSW_12_4_8_tarball.tar.xz', 'nEvents=20', 'nThreads=4']", '[]', 'None', 'crab3@vocms0107.cern.ch', 'F', '[]', 'T', '/store/user/ffiore/', 'F', 'None', 'F', 'None', 'VBS_semilep_ZZ_EWK_2024_v15', 'None', '94a8f19f1e3b9ef3cc8dadb1c94796add14982c3c24a1b0d73813a0222aa640c.tar.gz', '157556329', 'F', '188.184.75.82', '40.0', 'None', '{"partialdataset": false, "requireaccelerator": false, "acceleratorparams": null, "inputblocks": null}', 'None', 'None', 'None', 'None', 'any', 'RUNNING', '2', 'T']}
INFO 2026-09-01 14:47:17.094 UTC: 	 CRAB project directory:		/afs/cern.ch/user/f/ffiore/work/produzione/crab_MC_private/VBS_semilep_ZZ_EWK_2024_v15/crab_VBS_semilep_ZZ_EWK_2024_v15
INFO 2026-09-01 14:47:17.094 UTC: 	 Task name:			260901_144431:ffiore_crab_VBS_semilep_ZZ_EWK_2024_v15
INFO 2026-09-01 14:47:17.094 UTC: 	 Grid scheduler - Task Worker:	crab3@vocms0107.cern.ch - crab-prod-tw01
INFO 2026-09-01 14:47:17.094 UTC: 	 Status on the CRAB server:	SUBMITTED
INFO 2026-09-01 14:47:17.095 UTC: 	 Task URL to use for HELP:	https://cmsweb.cern.ch/crabserver/ui/task/260901_144431%3Affiore_crab_VBS_semilep_ZZ_EWK_2024_v15
INFO 2026-09-01 14:47:17.106 UTC: 	 Dashboard monitoring URL:	https://monit-grafana.cern.ch/d/cmsTMDetail/cms-task-monitoring-task-view?orgId=11&var-user=ffiore&var-task=260901_144431%3Affiore_crab_VBS_semilep_ZZ_EWK_2024_v15&from=1788270271000&to=now
DEBUG 2026-09-01 14:47:17.106 UTC: 	 The CRAB server submitted your task to the Grid scheduler (cluster ID: 157556329)
DEBUG 2026-09-01 14:47:17.106 UTC: 	 Webdir is located at http://vocms0107.cern.ch/mon/ffiore/260901_144431:ffiore_crab_VBS_semilep_ZZ_EWK_2024_v15
DEBUG 2026-09-01 14:47:17.106 UTC: 	 Encoded data for curl request: subresource=webdirprx&workflow=260901_144431%3Affiore_crab_VBS_semilep_ZZ_EWK_2024_v15
DEBUG 2026-09-01 14:47:17.159 UTC: 	 Proxied webdir is located at https://cmsweb.cern.ch/scheddmon/0107/ffiore/260901_144431:ffiore_crab_VBS_semilep_ZZ_EWK_2024_v15
DEBUG 2026-09-01 14:47:17.160 UTC: 	 Retrieving 'status_cache' file from https://cmsweb.cern.ch/scheddmon/0107/ffiore/260901_144431:ffiore_crab_VBS_semilep_ZZ_EWK_2024_v15/status_cache.pkl
DEBUG 2026-09-01 14:47:17.160 UTC: 	 Will execute:
curl -sS --capath /etc/grid-security/certificates --cert /tmp/x509up_u178888 --key /tmp/x509up_u178888 -o /tmp/crab_status-cache-sh21sd3_.pkl -w %"{http_code}" "https://cmsweb.cern.ch/scheddmon/0107/ffiore/260901_144431:ffiore_crab_VBS_semilep_ZZ_EWK_2024_v15/status_cache.pkl"
DEBUG 2026-09-01 14:47:17.160 UTC: 	 Executing command :
 curl -sS --capath /etc/grid-security/certificates --cert /tmp/x509up_u178888 --key /tmp/x509up_u178888 -o /tmp/crab_status-cache-sh21sd3_.pkl -w %"{http_code}" "https://cmsweb.cern.ch/scheddmon/0107/ffiore/260901_144431:ffiore_crab_VBS_semilep_ZZ_EWK_2024_v15/status_cache.pkl"
DEBUG 2026-09-01 14:47:17.215 UTC: 	 output : 200
 error: 
 retcode : 0
DEBUG 2026-09-01 14:47:17.216 UTC: 	 exitcode: 0
stdout: 200
stderr: 
error details: 
DEBUG 2026-09-01 14:47:17.216 UTC: 	 Got information from status cache file: {'1': {'Retries': 0, 'Restarts': 0, 'SiteHistory': ['Unknown'], 'ResidentSetSize': [0], 'SubmitTimes': [1788273972.0], 'StartTimes': [], 'EndTimes': [], 'TotalUserCpuTimeHistory': [0.0], 'TotalSysCpuTimeHistory': [0.0], 'WallDurations': [0], 'JobIds': ['157556364.0'], 'State': 'running', 'RecordedSite': False}, '2': {'Retries': 0, 'Restarts': 0, 'SiteHistory': ['Unknown'], 'ResidentSetSize': [0], 'SubmitTimes': [1788273972.0], 'StartTimes': [], 'EndTimes': [], 'TotalUserCpuTimeHistory': [0.0], 'TotalSysCpuTimeHistory': [0.0], 'WallDurations': [0], 'JobIds': ['157556365.0'], 'State': 'running', 'RecordedSite': False}}
INFO 2026-09-01 14:47:17.216 UTC: 	 Status on the scheduler:	RUNNING
INFO 2026-09-01 14:47:17.216 UTC: 	 
Jobs status:                    running      		100.0% (2/2)
INFO 2026-09-01 14:47:17.217 UTC: 	 
No publication information (publication has been disabled in the CRAB configuration file)
INFO 2026-09-01 14:47:17.219 UTC: 	 Log file is /afs/cern.ch/user/f/ffiore/work/produzione/crab_MC_private/VBS_semilep_ZZ_EWK_2024_v15/crab_VBS_semilep_ZZ_EWK_2024_v15/crab.log
DEBUG 2026-09-01 14:47:21.786 UTC: 	 CRAB Client version: v3.260630
DEBUG 2026-09-01 14:47:21.786 UTC: 	 Running on: Linux lxplus813.cern.ch 4.18.0-553.151.1.el8_10.x86_64 #1 SMP Sun Aug 2 20:57:00 EDT 2026 x86_64 x86_64 x86_64 GNU/Linux
DEBUG 2026-09-01 14:47:21.786 UTC: 	 Not using Singularity
DEBUG 2026-09-01 14:47:21.786 UTC: 	 Operating System: Red Hat Enterprise Linux 8.10 (Ootpa)
DEBUG 2026-09-01 14:47:21.786 UTC: 	 Executing command: 'status'
DEBUG 2026-09-01 14:47:21.786 UTC: 	 Found CRAB cache file /afs/cern.ch/user/f/ffiore/.crab3
DEBUG 2026-09-01 14:47:21.792 UTC: 	 Checking credentials
DEBUG 2026-09-01 14:47:21.792 UTC: 	 Found proxy file /tmp/x509up_u178888
DEBUG 2026-09-01 14:47:21.792 UTC: 	 Making sure it has proper VOMS extension
DEBUG 2026-09-01 14:47:21.792 UTC: 	 Executing command :
 voms-proxy-info --vo --file /tmp/x509up_u178888
DEBUG 2026-09-01 14:47:21.823 UTC: 	 output : cms

 error: 
 retcode : 0
DEBUG 2026-09-01 14:47:21.823 UTC: 	 Getting proxy life time left
DEBUG 2026-09-01 14:47:21.824 UTC: 	 Executing command :
 voms-proxy-info --actimeleft --timeleft --file /tmp/x509up_u178888
DEBUG 2026-09-01 14:47:21.850 UTC: 	 output : 603881
603881

 error: 
 retcode : 0
DEBUG 2026-09-01 14:47:21.850 UTC: 	 Proxy valid for 167:44:41 hours
DEBUG 2026-09-01 14:47:21.851 UTC: 	 Encoded data for curl request: subresource=delegatedn
DEBUG 2026-09-01 14:47:21.902 UTC: 	 Registering user credentials on myproxy for /DC=ch/DC=cern/OU=Organic Units/OU=Users/CN=cmscrab/CN=(817881|373708)/CN=Robot: cms crab|/DC=ch/DC=cern/OU=Organic Units/OU=Users/CN=crabint1/CN=373708/CN=Robot: CMS CRAB Integration 1
DEBUG 2026-09-01 14:47:21.902 UTC: 	 Executing command :
 voms-proxy-info --identity --file /tmp/x509up_u178888
DEBUG 2026-09-01 14:47:21.928 UTC: 	 output : /DC=ch/DC=cern/OU=Organic Units/OU=Users/CN=ffiore/CN=883264/CN=Francesca Fiore

 error: 
 retcode : 0
DEBUG 2026-09-01 14:47:21.928 UTC: 	 Getting myproxy life time left for 1108dd7240a979e136768c977b197b9a1dace71c
DEBUG 2026-09-01 14:47:21.928 UTC: 	 Executing command :
 myproxy-info -s myproxy.cern.ch -l 1108dd7240a979e136768c977b197b9a1dace71c
DEBUG 2026-09-01 14:47:22.197 UTC: 	 output : username: 1108dd7240a979e136768c977b197b9a1dace71c
owner: /DC=ch/DC=cern/OU=Organic Units/OU=Users/CN=ffiore/CN=883264/CN=Francesca Fiore
  renewal policy: /DC=ch/DC=cern/OU=Organic Units/OU=Users/CN=cmscrab/CN=(817881|373708)/CN=Robot: cms crab|/DC=ch/DC=cern/OU=Organic Units/OU=Users/CN=crabint1/CN=373708/CN=Robot: CMS CRAB Integration 1
  trusted retrieval policy: /DC=ch/DC=cern/OU=Organic Units/OU=Users/CN=cmscrab/CN=(817881|373708)/CN=Robot: cms crab|/DC=ch/DC=cern/OU=Organic Units/OU=Users/CN=crabint1/CN=373708/CN=Robot: CMS CRAB Integration 1
  timeleft: 719:51:20  (30.0 days)

 error: 
 retcode : 0
DEBUG 2026-09-01 14:47:22.198 UTC: 	 Myproxy is valid: 2591460
DEBUG 2026-09-01 14:47:22.198 UTC: 	 Result of myproxy credential check:
  Credential exists on myproxy: username: 1108dd7240a979e136768c977b197b9a1dace71c  - validity: 29 days, 23:51:00
DEBUG 2026-09-01 14:47:22.198 UTC: 	 Retrieving username ...
DEBUG 2026-09-01 14:47:22.198 UTC: 	 Retrieving username from CRIC...
DEBUG 2026-09-01 14:47:23.037 UTC: 	 username is ffiore
INFO 2026-09-01 14:47:24.125 UTC: 	 Rucio client intialized for account ffiore
DEBUG 2026-09-01 14:47:24.125 UTC: 	 Command use: status
DEBUG 2026-09-01 14:47:24.125 UTC: 	 Options use: ['-d', 'VBS_semilep_ZZ_EWK_2024_v15/crab_VBS_semilep_ZZ_EWK_2024_v15']
DEBUG 2026-09-01 14:47:24.125 UTC: 	 Encoded data for curl request: subresource=version
DEBUG 2026-09-01 14:47:24.171 UTC: 	 CRABClient version: v3.260630
DEBUG 2026-09-01 14:47:24.171 UTC: 	 Instance is prod
DEBUG 2026-09-01 14:47:24.171 UTC: 	 Server base url is cmsweb.cern.ch
DEBUG 2026-09-01 14:47:24.171 UTC: 	 Command api workflow
DEBUG 2026-09-01 14:47:24.172 UTC: 	 Encoded data for curl request: subresource=search&workflow=260901_144431%3Affiore_crab_VBS_semilep_ZZ_EWK_2024_v15
DEBUG 2026-09-01 14:47:24.219 UTC: 	 Got information from server oracle database: {'desc': {'columns': ['tm_taskname', 'tm_activity', 'tm_task_status', 'tm_task_command', 'tm_start_time', 'tm_start_injection', 'tm_end_injection', 'tm_task_failure', 'tm_job_sw', 'tm_job_arch', 'tm_input_dataset', 'tm_nonvalid_input_dataset', 'tm_use_parent', 'tm_site_whitelist', 'tm_site_blacklist', 'tm_split_algo', 'tm_split_args', 'tm_user_sandbox', 'tm_cache_url', 'tm_username', 'tm_user_dn', 'tm_user_vo', 'tm_user_role', 'tm_user_group', 'tm_publish_name', 'tm_publish_groupname', 'tm_asyncdest', 'tm_dbs_url', 'tm_publish_dbs_url', 'tm_publication', 'tm_outfiles', 'tm_tfile_outfiles', 'tm_edm_outfiles', 'tm_job_type', 'tm_generator', 'tm_events_per_lumi', 'tm_arguments', 'tm_save_logs', 'tw_name', 'tm_user_infiles', 'tm_maxjobruntime', 'tm_numcores', 'tm_maxmemory', 'tm_priority', 'tm_output_dataset', 'tm_task_warnings', 'tm_user_webdir', 'tm_scriptexe', 'tm_scriptargs', 'tm_extrajdl', 'tm_collector', 'tm_schedd', 'tm_dry_run', 'tm_user_files', 'tm_transfer_outputs', 'tm_output_lfn', 'tm_ignore_locality', 'tm_fail_limit', 'tm_one_event_mode', 'tm_secondary_input_dataset', 'tm_primary_dataset', 'tm_last_publication', 'tm_debug_files', 'clusterid', 'tm_ignore_global_blacklist', 'tm_submitter_ip_addr', 'tm_totalunits', 'tm_ddm_reqid', 'tm_user_config', 'tm_transfer_container', 'tm_transfer_rule', 'tm_publish_rule', 'tm_multipub_rule', 'tm_job_min_microarch', 'tm_dagman_status', 'tm_num_jobs', 'tm_uploaded']}, 'result': ['260901_144431:ffiore_crab_VBS_semilep_ZZ_EWK_2024_v15', 'None', 'SUBMITTED', 'SUBMIT', '2026-09-01 14:44:31.616930', 'None', '2026-09-01 14:45:08.868905', 'None', 'CMSSW_14_0_19', 'el8_amd64_gcc12', 'None', 'F', '0', '[]', '[]', 'EventBased', "{'halt_job_on_file_boundaries': False, 'splitOnRun': False, 'events_per_job': 20, 'runs': [], 'lumis': []}", '327bd52f595f48c090078a053cc387f51dc21d47f20d04959cb8ce4f1e43640d.tar.gz', 'S3/crabcache_prod', 'ffiore', '/DC=ch/DC=cern/OU=Organic Units/OU=Users/CN=ffiore/CN=883264/CN=Francesca Fiore', 'cms', 'None', 'None', 'VBS_semilep_ZZ_EWK_2024_v15-00000000000000000000000000000000', 'F', 'T2_IT_Legnaro', 'https://cmsweb.cern.ch/dbs/prod/global/DBSReader', 'https://cmsweb.cern.ch/dbs/prod/phys03/DBSWriter', 'F', "['RunIII2024Summer24NanoAODv15.root']", '[]', '[]', 'PrivateMC', 'pythia', '20', '{}', 'F', 'crab-prod-tw01', '[]', '1250', '4', '8000', '10', 'None', '[]', 'http://vocms0107.cern.ch/mon/ffiore/260901_144431:ffiore_crab_VBS_semilep_ZZ_EWK_2024_v15', 'run_chain_Run3.sh', "['inputGridpack=/eos/user/f/ffiore/VBS/Gridpacks/ZZ/VBS_ZZ_semilep_el8_amd64_gcc10_CMSSW_12_4_8_tarball.tar.xz', 'nEvents=20', 'nThreads=4']", '[]', 'None', 'crab3@vocms0107.cern.ch', 'F', '[]', 'T', '/store/user/ffiore/', 'F', 'None', 'F', 'None', 'VBS_semilep_ZZ_EWK_2024_v15', 'None', '94a8f19f1e3b9ef3cc8dadb1c94796add14982c3c24a1b0d73813a0222aa640c.tar.gz', '157556329', 'F', '188.184.75.82', '40.0', 'None', '{"partialdataset": false, "requireaccelerator": false, "acceleratorparams": null, "inputblocks": null}', 'None', 'None', 'None', 'None', 'any', 'RUNNING', '2', 'T']}
INFO 2026-09-01 14:47:24.220 UTC: 	 CRAB project directory:		/afs/cern.ch/user/f/ffiore/work/produzione/crab_MC_private/VBS_semilep_ZZ_EWK_2024_v15/crab_VBS_semilep_ZZ_EWK_2024_v15
INFO 2026-09-01 14:47:24.220 UTC: 	 Task name:			260901_144431:ffiore_crab_VBS_semilep_ZZ_EWK_2024_v15
INFO 2026-09-01 14:47:24.220 UTC: 	 Grid scheduler - Task Worker:	crab3@vocms0107.cern.ch - crab-prod-tw01
INFO 2026-09-01 14:47:24.220 UTC: 	 Status on the CRAB server:	SUBMITTED
INFO 2026-09-01 14:47:24.220 UTC: 	 Task URL to use for HELP:	https://cmsweb.cern.ch/crabserver/ui/task/260901_144431%3Affiore_crab_VBS_semilep_ZZ_EWK_2024_v15
INFO 2026-09-01 14:47:24.228 UTC: 	 Dashboard monitoring URL:	https://monit-grafana.cern.ch/d/cmsTMDetail/cms-task-monitoring-task-view?orgId=11&var-user=ffiore&var-task=260901_144431%3Affiore_crab_VBS_semilep_ZZ_EWK_2024_v15&from=1788270271000&to=now
DEBUG 2026-09-01 14:47:24.228 UTC: 	 The CRAB server submitted your task to the Grid scheduler (cluster ID: 157556329)
DEBUG 2026-09-01 14:47:24.228 UTC: 	 Webdir is located at http://vocms0107.cern.ch/mon/ffiore/260901_144431:ffiore_crab_VBS_semilep_ZZ_EWK_2024_v15
DEBUG 2026-09-01 14:47:24.228 UTC: 	 Encoded data for curl request: subresource=webdirprx&workflow=260901_144431%3Affiore_crab_VBS_semilep_ZZ_EWK_2024_v15
DEBUG 2026-09-01 14:47:24.271 UTC: 	 Proxied webdir is located at https://cmsweb.cern.ch/scheddmon/0107/ffiore/260901_144431:ffiore_crab_VBS_semilep_ZZ_EWK_2024_v15
DEBUG 2026-09-01 14:47:24.272 UTC: 	 Retrieving 'status_cache' file from https://cmsweb.cern.ch/scheddmon/0107/ffiore/260901_144431:ffiore_crab_VBS_semilep_ZZ_EWK_2024_v15/status_cache.pkl
DEBUG 2026-09-01 14:47:24.272 UTC: 	 Will execute:
curl -sS --capath /etc/grid-security/certificates --cert /tmp/x509up_u178888 --key /tmp/x509up_u178888 -o /tmp/crab_status-cache-24k3ng8c.pkl -w %"{http_code}" "https://cmsweb.cern.ch/scheddmon/0107/ffiore/260901_144431:ffiore_crab_VBS_semilep_ZZ_EWK_2024_v15/status_cache.pkl"
DEBUG 2026-09-01 14:47:24.272 UTC: 	 Executing command :
 curl -sS --capath /etc/grid-security/certificates --cert /tmp/x509up_u178888 --key /tmp/x509up_u178888 -o /tmp/crab_status-cache-24k3ng8c.pkl -w %"{http_code}" "https://cmsweb.cern.ch/scheddmon/0107/ffiore/260901_144431:ffiore_crab_VBS_semilep_ZZ_EWK_2024_v15/status_cache.pkl"
DEBUG 2026-09-01 14:47:24.316 UTC: 	 output : 200
 error: 
 retcode : 0
DEBUG 2026-09-01 14:47:24.316 UTC: 	 exitcode: 0
stdout: 200
stderr: 
error details: 
DEBUG 2026-09-01 14:47:24.317 UTC: 	 Got information from status cache file: {'1': {'Retries': 0, 'Restarts': 0, 'SiteHistory': ['Unknown'], 'ResidentSetSize': [0], 'SubmitTimes': [1788273972.0], 'StartTimes': [], 'EndTimes': [], 'TotalUserCpuTimeHistory': [0.0], 'TotalSysCpuTimeHistory': [0.0], 'WallDurations': [0], 'JobIds': ['157556364.0'], 'State': 'running', 'RecordedSite': False}, '2': {'Retries': 0, 'Restarts': 0, 'SiteHistory': ['Unknown'], 'ResidentSetSize': [0], 'SubmitTimes': [1788273972.0], 'StartTimes': [], 'EndTimes': [], 'TotalUserCpuTimeHistory': [0.0], 'TotalSysCpuTimeHistory': [0.0], 'WallDurations': [0], 'JobIds': ['157556365.0'], 'State': 'running', 'RecordedSite': False}}
INFO 2026-09-01 14:47:24.317 UTC: 	 Status on the scheduler:	RUNNING
INFO 2026-09-01 14:47:24.317 UTC: 	 
Jobs status:                    running      		100.0% (2/2)
INFO 2026-09-01 14:47:24.317 UTC: 	 
No publication information (publication has been disabled in the CRAB configuration file)
INFO 2026-09-01 14:47:24.319 UTC: 	 Log file is /afs/cern.ch/user/f/ffiore/work/produzione/crab_MC_private/VBS_semilep_ZZ_EWK_2024_v15/crab_VBS_semilep_ZZ_EWK_2024_v15/crab.log
DEBUG 2026-09-01 14:47:29.174 UTC: 	 CRAB Client version: v3.260630
DEBUG 2026-09-01 14:47:29.174 UTC: 	 Running on: Linux lxplus813.cern.ch 4.18.0-553.151.1.el8_10.x86_64 #1 SMP Sun Aug 2 20:57:00 EDT 2026 x86_64 x86_64 x86_64 GNU/Linux
DEBUG 2026-09-01 14:47:29.174 UTC: 	 Not using Singularity
DEBUG 2026-09-01 14:47:29.174 UTC: 	 Operating System: Red Hat Enterprise Linux 8.10 (Ootpa)
DEBUG 2026-09-01 14:47:29.174 UTC: 	 Executing command: 'status'
DEBUG 2026-09-01 14:47:29.174 UTC: 	 Found CRAB cache file /afs/cern.ch/user/f/ffiore/.crab3
DEBUG 2026-09-01 14:47:29.180 UTC: 	 Checking credentials
DEBUG 2026-09-01 14:47:29.180 UTC: 	 Found proxy file /tmp/x509up_u178888
DEBUG 2026-09-01 14:47:29.180 UTC: 	 Making sure it has proper VOMS extension
DEBUG 2026-09-01 14:47:29.180 UTC: 	 Executing command :
 voms-proxy-info --vo --file /tmp/x509up_u178888
DEBUG 2026-09-01 14:47:29.212 UTC: 	 output : cms

 error: 
 retcode : 0
DEBUG 2026-09-01 14:47:29.213 UTC: 	 Getting proxy life time left
DEBUG 2026-09-01 14:47:29.213 UTC: 	 Executing command :
 voms-proxy-info --actimeleft --timeleft --file /tmp/x509up_u178888
DEBUG 2026-09-01 14:47:29.244 UTC: 	 output : 603873
603873

 error: 
 retcode : 0
DEBUG 2026-09-01 14:47:29.245 UTC: 	 Proxy valid for 167:44:33 hours
DEBUG 2026-09-01 14:47:29.245 UTC: 	 Encoded data for curl request: subresource=delegatedn
DEBUG 2026-09-01 14:47:29.291 UTC: 	 Registering user credentials on myproxy for /DC=ch/DC=cern/OU=Organic Units/OU=Users/CN=cmscrab/CN=(817881|373708)/CN=Robot: cms crab|/DC=ch/DC=cern/OU=Organic Units/OU=Users/CN=crabint1/CN=373708/CN=Robot: CMS CRAB Integration 1
DEBUG 2026-09-01 14:47:29.292 UTC: 	 Executing command :
 voms-proxy-info --identity --file /tmp/x509up_u178888
DEBUG 2026-09-01 14:47:29.325 UTC: 	 output : /DC=ch/DC=cern/OU=Organic Units/OU=Users/CN=ffiore/CN=883264/CN=Francesca Fiore

 error: 
 retcode : 0
DEBUG 2026-09-01 14:47:29.326 UTC: 	 Getting myproxy life time left for 1108dd7240a979e136768c977b197b9a1dace71c
DEBUG 2026-09-01 14:47:29.326 UTC: 	 Executing command :
 myproxy-info -s myproxy.cern.ch -l 1108dd7240a979e136768c977b197b9a1dace71c
DEBUG 2026-09-01 14:47:29.788 UTC: 	 output : username: 1108dd7240a979e136768c977b197b9a1dace71c
owner: /DC=ch/DC=cern/OU=Organic Units/OU=Users/CN=ffiore/CN=883264/CN=Francesca Fiore
  renewal policy: /DC=ch/DC=cern/OU=Organic Units/OU=Users/CN=cmscrab/CN=(817881|373708)/CN=Robot: cms crab|/DC=ch/DC=cern/OU=Organic Units/OU=Users/CN=crabint1/CN=373708/CN=Robot: CMS CRAB Integration 1
  trusted retrieval policy: /DC=ch/DC=cern/OU=Organic Units/OU=Users/CN=cmscrab/CN=(817881|373708)/CN=Robot: cms crab|/DC=ch/DC=cern/OU=Organic Units/OU=Users/CN=crabint1/CN=373708/CN=Robot: CMS CRAB Integration 1
  timeleft: 719:51:13  (30.0 days)

 error: 
 retcode : 0
DEBUG 2026-09-01 14:47:29.788 UTC: 	 Myproxy is valid: 2591460
DEBUG 2026-09-01 14:47:29.788 UTC: 	 Result of myproxy credential check:
  Credential exists on myproxy: username: 1108dd7240a979e136768c977b197b9a1dace71c  - validity: 29 days, 23:51:00
DEBUG 2026-09-01 14:47:29.788 UTC: 	 Retrieving username ...
DEBUG 2026-09-01 14:47:29.788 UTC: 	 Retrieving username from CRIC...
DEBUG 2026-09-01 14:47:31.440 UTC: 	 username is ffiore
INFO 2026-09-01 14:47:32.399 UTC: 	 Rucio client intialized for account ffiore
DEBUG 2026-09-01 14:47:32.400 UTC: 	 Command use: status
DEBUG 2026-09-01 14:47:32.400 UTC: 	 Options use: ['-d', 'VBS_semilep_ZZ_EWK_2024_v15/crab_VBS_semilep_ZZ_EWK_2024_v15']
DEBUG 2026-09-01 14:47:32.400 UTC: 	 Encoded data for curl request: subresource=version
DEBUG 2026-09-01 14:47:32.442 UTC: 	 CRABClient version: v3.260630
DEBUG 2026-09-01 14:47:32.442 UTC: 	 Instance is prod
DEBUG 2026-09-01 14:47:32.442 UTC: 	 Server base url is cmsweb.cern.ch
DEBUG 2026-09-01 14:47:32.442 UTC: 	 Command api workflow
DEBUG 2026-09-01 14:47:32.443 UTC: 	 Encoded data for curl request: subresource=search&workflow=260901_144431%3Affiore_crab_VBS_semilep_ZZ_EWK_2024_v15
DEBUG 2026-09-01 14:47:32.497 UTC: 	 Got information from server oracle database: {'desc': {'columns': ['tm_taskname', 'tm_activity', 'tm_task_status', 'tm_task_command', 'tm_start_time', 'tm_start_injection', 'tm_end_injection', 'tm_task_failure', 'tm_job_sw', 'tm_job_arch', 'tm_input_dataset', 'tm_nonvalid_input_dataset', 'tm_use_parent', 'tm_site_whitelist', 'tm_site_blacklist', 'tm_split_algo', 'tm_split_args', 'tm_user_sandbox', 'tm_cache_url', 'tm_username', 'tm_user_dn', 'tm_user_vo', 'tm_user_role', 'tm_user_group', 'tm_publish_name', 'tm_publish_groupname', 'tm_asyncdest', 'tm_dbs_url', 'tm_publish_dbs_url', 'tm_publication', 'tm_outfiles', 'tm_tfile_outfiles', 'tm_edm_outfiles', 'tm_job_type', 'tm_generator', 'tm_events_per_lumi', 'tm_arguments', 'tm_save_logs', 'tw_name', 'tm_user_infiles', 'tm_maxjobruntime', 'tm_numcores', 'tm_maxmemory', 'tm_priority', 'tm_output_dataset', 'tm_task_warnings', 'tm_user_webdir', 'tm_scriptexe', 'tm_scriptargs', 'tm_extrajdl', 'tm_collector', 'tm_schedd', 'tm_dry_run', 'tm_user_files', 'tm_transfer_outputs', 'tm_output_lfn', 'tm_ignore_locality', 'tm_fail_limit', 'tm_one_event_mode', 'tm_secondary_input_dataset', 'tm_primary_dataset', 'tm_last_publication', 'tm_debug_files', 'clusterid', 'tm_ignore_global_blacklist', 'tm_submitter_ip_addr', 'tm_totalunits', 'tm_ddm_reqid', 'tm_user_config', 'tm_transfer_container', 'tm_transfer_rule', 'tm_publish_rule', 'tm_multipub_rule', 'tm_job_min_microarch', 'tm_dagman_status', 'tm_num_jobs', 'tm_uploaded']}, 'result': ['260901_144431:ffiore_crab_VBS_semilep_ZZ_EWK_2024_v15', 'None', 'SUBMITTED', 'SUBMIT', '2026-09-01 14:44:31.616930', 'None', '2026-09-01 14:45:08.868905', 'None', 'CMSSW_14_0_19', 'el8_amd64_gcc12', 'None', 'F', '0', '[]', '[]', 'EventBased', "{'halt_job_on_file_boundaries': False, 'splitOnRun': False, 'events_per_job': 20, 'runs': [], 'lumis': []}", '327bd52f595f48c090078a053cc387f51dc21d47f20d04959cb8ce4f1e43640d.tar.gz', 'S3/crabcache_prod', 'ffiore', '/DC=ch/DC=cern/OU=Organic Units/OU=Users/CN=ffiore/CN=883264/CN=Francesca Fiore', 'cms', 'None', 'None', 'VBS_semilep_ZZ_EWK_2024_v15-00000000000000000000000000000000', 'F', 'T2_IT_Legnaro', 'https://cmsweb.cern.ch/dbs/prod/global/DBSReader', 'https://cmsweb.cern.ch/dbs/prod/phys03/DBSWriter', 'F', "['RunIII2024Summer24NanoAODv15.root']", '[]', '[]', 'PrivateMC', 'pythia', '20', '{}', 'F', 'crab-prod-tw01', '[]', '1250', '4', '8000', '10', 'None', '[]', 'http://vocms0107.cern.ch/mon/ffiore/260901_144431:ffiore_crab_VBS_semilep_ZZ_EWK_2024_v15', 'run_chain_Run3.sh', "['inputGridpack=/eos/user/f/ffiore/VBS/Gridpacks/ZZ/VBS_ZZ_semilep_el8_amd64_gcc10_CMSSW_12_4_8_tarball.tar.xz', 'nEvents=20', 'nThreads=4']", '[]', 'None', 'crab3@vocms0107.cern.ch', 'F', '[]', 'T', '/store/user/ffiore/', 'F', 'None', 'F', 'None', 'VBS_semilep_ZZ_EWK_2024_v15', 'None', '94a8f19f1e3b9ef3cc8dadb1c94796add14982c3c24a1b0d73813a0222aa640c.tar.gz', '157556329', 'F', '188.184.75.82', '40.0', 'None', '{"partialdataset": false, "requireaccelerator": false, "acceleratorparams": null, "inputblocks": null}', 'None', 'None', 'None', 'None', 'any', 'RUNNING', '2', 'T']}
INFO 2026-09-01 14:47:32.498 UTC: 	 CRAB project directory:		/afs/cern.ch/user/f/ffiore/work/produzione/crab_MC_private/VBS_semilep_ZZ_EWK_2024_v15/crab_VBS_semilep_ZZ_EWK_2024_v15
INFO 2026-09-01 14:47:32.498 UTC: 	 Task name:			260901_144431:ffiore_crab_VBS_semilep_ZZ_EWK_2024_v15
INFO 2026-09-01 14:47:32.498 UTC: 	 Grid scheduler - Task Worker:	crab3@vocms0107.cern.ch - crab-prod-tw01
INFO 2026-09-01 14:47:32.498 UTC: 	 Status on the CRAB server:	SUBMITTED
INFO 2026-09-01 14:47:32.498 UTC: 	 Task URL to use for HELP:	https://cmsweb.cern.ch/crabserver/ui/task/260901_144431%3Affiore_crab_VBS_semilep_ZZ_EWK_2024_v15
INFO 2026-09-01 14:47:32.512 UTC: 	 Dashboard monitoring URL:	https://monit-grafana.cern.ch/d/cmsTMDetail/cms-task-monitoring-task-view?orgId=11&var-user=ffiore&var-task=260901_144431%3Affiore_crab_VBS_semilep_ZZ_EWK_2024_v15&from=1788270271000&to=now
DEBUG 2026-09-01 14:47:32.512 UTC: 	 The CRAB server submitted your task to the Grid scheduler (cluster ID: 157556329)
DEBUG 2026-09-01 14:47:32.512 UTC: 	 Webdir is located at http://vocms0107.cern.ch/mon/ffiore/260901_144431:ffiore_crab_VBS_semilep_ZZ_EWK_2024_v15
DEBUG 2026-09-01 14:47:32.513 UTC: 	 Encoded data for curl request: subresource=webdirprx&workflow=260901_144431%3Affiore_crab_VBS_semilep_ZZ_EWK_2024_v15
DEBUG 2026-09-01 14:47:32.557 UTC: 	 Proxied webdir is located at https://cmsweb.cern.ch/scheddmon/0107/ffiore/260901_144431:ffiore_crab_VBS_semilep_ZZ_EWK_2024_v15
DEBUG 2026-09-01 14:47:32.557 UTC: 	 Retrieving 'status_cache' file from https://cmsweb.cern.ch/scheddmon/0107/ffiore/260901_144431:ffiore_crab_VBS_semilep_ZZ_EWK_2024_v15/status_cache.pkl
DEBUG 2026-09-01 14:47:32.557 UTC: 	 Will execute:
curl -sS --capath /etc/grid-security/certificates --cert /tmp/x509up_u178888 --key /tmp/x509up_u178888 -o /tmp/crab_status-cache-mqjqsr7g.pkl -w %"{http_code}" "https://cmsweb.cern.ch/scheddmon/0107/ffiore/260901_144431:ffiore_crab_VBS_semilep_ZZ_EWK_2024_v15/status_cache.pkl"
DEBUG 2026-09-01 14:47:32.558 UTC: 	 Executing command :
 curl -sS --capath /etc/grid-security/certificates --cert /tmp/x509up_u178888 --key /tmp/x509up_u178888 -o /tmp/crab_status-cache-mqjqsr7g.pkl -w %"{http_code}" "https://cmsweb.cern.ch/scheddmon/0107/ffiore/260901_144431:ffiore_crab_VBS_semilep_ZZ_EWK_2024_v15/status_cache.pkl"
DEBUG 2026-09-01 14:47:32.603 UTC: 	 output : 200
 error: 
 retcode : 0
DEBUG 2026-09-01 14:47:32.603 UTC: 	 exitcode: 0
stdout: 200
stderr: 
error details: 
DEBUG 2026-09-01 14:47:32.604 UTC: 	 Got information from status cache file: {'1': {'Retries': 0, 'Restarts': 0, 'SiteHistory': ['Unknown'], 'ResidentSetSize': [0], 'SubmitTimes': [1788273972.0], 'StartTimes': [], 'EndTimes': [], 'TotalUserCpuTimeHistory': [0.0], 'TotalSysCpuTimeHistory': [0.0], 'WallDurations': [0], 'JobIds': ['157556364.0'], 'State': 'running', 'RecordedSite': False}, '2': {'Retries': 0, 'Restarts': 0, 'SiteHistory': ['Unknown'], 'ResidentSetSize': [0], 'SubmitTimes': [1788273972.0], 'StartTimes': [], 'EndTimes': [], 'TotalUserCpuTimeHistory': [0.0], 'TotalSysCpuTimeHistory': [0.0], 'WallDurations': [0], 'JobIds': ['157556365.0'], 'State': 'running', 'RecordedSite': False}}
INFO 2026-09-01 14:47:32.604 UTC: 	 Status on the scheduler:	RUNNING
INFO 2026-09-01 14:47:32.604 UTC: 	 
Jobs status:                    running      		100.0% (2/2)
INFO 2026-09-01 14:47:32.605 UTC: 	 
No publication information (publication has been disabled in the CRAB configuration file)
INFO 2026-09-01 14:47:32.608 UTC: 	 Log file is /afs/cern.ch/user/f/ffiore/work/produzione/crab_MC_private/VBS_semilep_ZZ_EWK_2024_v15/crab_VBS_semilep_ZZ_EWK_2024_v15/crab.log
DEBUG 2026-09-01 14:47:37.295 UTC: 	 CRAB Client version: v3.260630
DEBUG 2026-09-01 14:47:37.295 UTC: 	 Running on: Linux lxplus813.cern.ch 4.18.0-553.151.1.el8_10.x86_64 #1 SMP Sun Aug 2 20:57:00 EDT 2026 x86_64 x86_64 x86_64 GNU/Linux
DEBUG 2026-09-01 14:47:37.295 UTC: 	 Not using Singularity
DEBUG 2026-09-01 14:47:37.295 UTC: 	 Operating System: Red Hat Enterprise Linux 8.10 (Ootpa)
DEBUG 2026-09-01 14:47:37.295 UTC: 	 Executing command: 'status'
DEBUG 2026-09-01 14:47:37.296 UTC: 	 Found CRAB cache file /afs/cern.ch/user/f/ffiore/.crab3
DEBUG 2026-09-01 14:47:37.303 UTC: 	 Checking credentials
DEBUG 2026-09-01 14:47:37.303 UTC: 	 Found proxy file /tmp/x509up_u178888
DEBUG 2026-09-01 14:47:37.303 UTC: 	 Making sure it has proper VOMS extension
DEBUG 2026-09-01 14:47:37.304 UTC: 	 Executing command :
 voms-proxy-info --vo --file /tmp/x509up_u178888
DEBUG 2026-09-01 14:47:37.331 UTC: 	 output : cms

 error: 
 retcode : 0
DEBUG 2026-09-01 14:47:37.331 UTC: 	 Getting proxy life time left
DEBUG 2026-09-01 14:47:37.331 UTC: 	 Executing command :
 voms-proxy-info --actimeleft --timeleft --file /tmp/x509up_u178888
DEBUG 2026-09-01 14:47:37.356 UTC: 	 output : 603865
603865

 error: 
 retcode : 0
DEBUG 2026-09-01 14:47:37.357 UTC: 	 Proxy valid for 167:44:25 hours
DEBUG 2026-09-01 14:47:37.358 UTC: 	 Encoded data for curl request: subresource=delegatedn
DEBUG 2026-09-01 14:47:37.404 UTC: 	 Registering user credentials on myproxy for /DC=ch/DC=cern/OU=Organic Units/OU=Users/CN=cmscrab/CN=(817881|373708)/CN=Robot: cms crab|/DC=ch/DC=cern/OU=Organic Units/OU=Users/CN=crabint1/CN=373708/CN=Robot: CMS CRAB Integration 1
DEBUG 2026-09-01 14:47:37.404 UTC: 	 Executing command :
 voms-proxy-info --identity --file /tmp/x509up_u178888
DEBUG 2026-09-01 14:47:37.452 UTC: 	 output : /DC=ch/DC=cern/OU=Organic Units/OU=Users/CN=ffiore/CN=883264/CN=Francesca Fiore

 error: 
 retcode : 0
DEBUG 2026-09-01 14:47:37.452 UTC: 	 Getting myproxy life time left for 1108dd7240a979e136768c977b197b9a1dace71c
DEBUG 2026-09-01 14:47:37.453 UTC: 	 Executing command :
 myproxy-info -s myproxy.cern.ch -l 1108dd7240a979e136768c977b197b9a1dace71c
DEBUG 2026-09-01 14:47:37.743 UTC: 	 output : username: 1108dd7240a979e136768c977b197b9a1dace71c
owner: /DC=ch/DC=cern/OU=Organic Units/OU=Users/CN=ffiore/CN=883264/CN=Francesca Fiore
  renewal policy: /DC=ch/DC=cern/OU=Organic Units/OU=Users/CN=cmscrab/CN=(817881|373708)/CN=Robot: cms crab|/DC=ch/DC=cern/OU=Organic Units/OU=Users/CN=crabint1/CN=373708/CN=Robot: CMS CRAB Integration 1
  trusted retrieval policy: /DC=ch/DC=cern/OU=Organic Units/OU=Users/CN=cmscrab/CN=(817881|373708)/CN=Robot: cms crab|/DC=ch/DC=cern/OU=Organic Units/OU=Users/CN=crabint1/CN=373708/CN=Robot: CMS CRAB Integration 1
  timeleft: 719:51:05  (30.0 days)

 error: 
 retcode : 0
DEBUG 2026-09-01 14:47:37.743 UTC: 	 Myproxy is valid: 2591460
DEBUG 2026-09-01 14:47:37.744 UTC: 	 Result of myproxy credential check:
  Credential exists on myproxy: username: 1108dd7240a979e136768c977b197b9a1dace71c  - validity: 29 days, 23:51:00
DEBUG 2026-09-01 14:47:37.744 UTC: 	 Retrieving username ...
DEBUG 2026-09-01 14:47:37.744 UTC: 	 Retrieving username from CRIC...
DEBUG 2026-09-01 14:47:38.543 UTC: 	 username is ffiore
INFO 2026-09-01 14:47:39.847 UTC: 	 Rucio client intialized for account ffiore
DEBUG 2026-09-01 14:47:39.848 UTC: 	 Command use: status
DEBUG 2026-09-01 14:47:39.848 UTC: 	 Options use: ['-d', 'VBS_semilep_ZZ_EWK_2024_v15/crab_VBS_semilep_ZZ_EWK_2024_v15']
DEBUG 2026-09-01 14:47:39.848 UTC: 	 Encoded data for curl request: subresource=version
DEBUG 2026-09-01 14:47:39.897 UTC: 	 CRABClient version: v3.260630
DEBUG 2026-09-01 14:47:39.897 UTC: 	 Instance is prod
DEBUG 2026-09-01 14:47:39.897 UTC: 	 Server base url is cmsweb.cern.ch
DEBUG 2026-09-01 14:47:39.897 UTC: 	 Command api workflow
DEBUG 2026-09-01 14:47:39.898 UTC: 	 Encoded data for curl request: subresource=search&workflow=260901_144431%3Affiore_crab_VBS_semilep_ZZ_EWK_2024_v15
DEBUG 2026-09-01 14:47:39.953 UTC: 	 Got information from server oracle database: {'desc': {'columns': ['tm_taskname', 'tm_activity', 'tm_task_status', 'tm_task_command', 'tm_start_time', 'tm_start_injection', 'tm_end_injection', 'tm_task_failure', 'tm_job_sw', 'tm_job_arch', 'tm_input_dataset', 'tm_nonvalid_input_dataset', 'tm_use_parent', 'tm_site_whitelist', 'tm_site_blacklist', 'tm_split_algo', 'tm_split_args', 'tm_user_sandbox', 'tm_cache_url', 'tm_username', 'tm_user_dn', 'tm_user_vo', 'tm_user_role', 'tm_user_group', 'tm_publish_name', 'tm_publish_groupname', 'tm_asyncdest', 'tm_dbs_url', 'tm_publish_dbs_url', 'tm_publication', 'tm_outfiles', 'tm_tfile_outfiles', 'tm_edm_outfiles', 'tm_job_type', 'tm_generator', 'tm_events_per_lumi', 'tm_arguments', 'tm_save_logs', 'tw_name', 'tm_user_infiles', 'tm_maxjobruntime', 'tm_numcores', 'tm_maxmemory', 'tm_priority', 'tm_output_dataset', 'tm_task_warnings', 'tm_user_webdir', 'tm_scriptexe', 'tm_scriptargs', 'tm_extrajdl', 'tm_collector', 'tm_schedd', 'tm_dry_run', 'tm_user_files', 'tm_transfer_outputs', 'tm_output_lfn', 'tm_ignore_locality', 'tm_fail_limit', 'tm_one_event_mode', 'tm_secondary_input_dataset', 'tm_primary_dataset', 'tm_last_publication', 'tm_debug_files', 'clusterid', 'tm_ignore_global_blacklist', 'tm_submitter_ip_addr', 'tm_totalunits', 'tm_ddm_reqid', 'tm_user_config', 'tm_transfer_container', 'tm_transfer_rule', 'tm_publish_rule', 'tm_multipub_rule', 'tm_job_min_microarch', 'tm_dagman_status', 'tm_num_jobs', 'tm_uploaded']}, 'result': ['260901_144431:ffiore_crab_VBS_semilep_ZZ_EWK_2024_v15', 'None', 'SUBMITTED', 'SUBMIT', '2026-09-01 14:44:31.616930', 'None', '2026-09-01 14:45:08.868905', 'None', 'CMSSW_14_0_19', 'el8_amd64_gcc12', 'None', 'F', '0', '[]', '[]', 'EventBased', "{'halt_job_on_file_boundaries': False, 'splitOnRun': False, 'events_per_job': 20, 'runs': [], 'lumis': []}", '327bd52f595f48c090078a053cc387f51dc21d47f20d04959cb8ce4f1e43640d.tar.gz', 'S3/crabcache_prod', 'ffiore', '/DC=ch/DC=cern/OU=Organic Units/OU=Users/CN=ffiore/CN=883264/CN=Francesca Fiore', 'cms', 'None', 'None', 'VBS_semilep_ZZ_EWK_2024_v15-00000000000000000000000000000000', 'F', 'T2_IT_Legnaro', 'https://cmsweb.cern.ch/dbs/prod/global/DBSReader', 'https://cmsweb.cern.ch/dbs/prod/phys03/DBSWriter', 'F', "['RunIII2024Summer24NanoAODv15.root']", '[]', '[]', 'PrivateMC', 'pythia', '20', '{}', 'F', 'crab-prod-tw01', '[]', '1250', '4', '8000', '10', 'None', '[]', 'http://vocms0107.cern.ch/mon/ffiore/260901_144431:ffiore_crab_VBS_semilep_ZZ_EWK_2024_v15', 'run_chain_Run3.sh', "['inputGridpack=/eos/user/f/ffiore/VBS/Gridpacks/ZZ/VBS_ZZ_semilep_el8_amd64_gcc10_CMSSW_12_4_8_tarball.tar.xz', 'nEvents=20', 'nThreads=4']", '[]', 'None', 'crab3@vocms0107.cern.ch', 'F', '[]', 'T', '/store/user/ffiore/', 'F', 'None', 'F', 'None', 'VBS_semilep_ZZ_EWK_2024_v15', 'None', '94a8f19f1e3b9ef3cc8dadb1c94796add14982c3c24a1b0d73813a0222aa640c.tar.gz', '157556329', 'F', '188.184.75.82', '40.0', 'None', '{"partialdataset": false, "requireaccelerator": false, "acceleratorparams": null, "inputblocks": null}', 'None', 'None', 'None', 'None', 'any', 'RUNNING', '2', 'T']}
INFO 2026-09-01 14:47:39.953 UTC: 	 CRAB project directory:		/afs/cern.ch/user/f/ffiore/work/produzione/crab_MC_private/VBS_semilep_ZZ_EWK_2024_v15/crab_VBS_semilep_ZZ_EWK_2024_v15
INFO 2026-09-01 14:47:39.953 UTC: 	 Task name:			260901_144431:ffiore_crab_VBS_semilep_ZZ_EWK_2024_v15
INFO 2026-09-01 14:47:39.953 UTC: 	 Grid scheduler - Task Worker:	crab3@vocms0107.cern.ch - crab-prod-tw01
INFO 2026-09-01 14:47:39.953 UTC: 	 Status on the CRAB server:	SUBMITTED
INFO 2026-09-01 14:47:39.954 UTC: 	 Task URL to use for HELP:	https://cmsweb.cern.ch/crabserver/ui/task/260901_144431%3Affiore_crab_VBS_semilep_ZZ_EWK_2024_v15
INFO 2026-09-01 14:47:39.966 UTC: 	 Dashboard monitoring URL:	https://monit-grafana.cern.ch/d/cmsTMDetail/cms-task-monitoring-task-view?orgId=11&var-user=ffiore&var-task=260901_144431%3Affiore_crab_VBS_semilep_ZZ_EWK_2024_v15&from=1788270271000&to=now
DEBUG 2026-09-01 14:47:39.966 UTC: 	 The CRAB server submitted your task to the Grid scheduler (cluster ID: 157556329)
DEBUG 2026-09-01 14:47:39.966 UTC: 	 Webdir is located at http://vocms0107.cern.ch/mon/ffiore/260901_144431:ffiore_crab_VBS_semilep_ZZ_EWK_2024_v15
DEBUG 2026-09-01 14:47:39.966 UTC: 	 Encoded data for curl request: subresource=webdirprx&workflow=260901_144431%3Affiore_crab_VBS_semilep_ZZ_EWK_2024_v15
DEBUG 2026-09-01 14:47:40.018 UTC: 	 Proxied webdir is located at https://cmsweb.cern.ch/scheddmon/0107/ffiore/260901_144431:ffiore_crab_VBS_semilep_ZZ_EWK_2024_v15
DEBUG 2026-09-01 14:47:40.019 UTC: 	 Retrieving 'status_cache' file from https://cmsweb.cern.ch/scheddmon/0107/ffiore/260901_144431:ffiore_crab_VBS_semilep_ZZ_EWK_2024_v15/status_cache.pkl
DEBUG 2026-09-01 14:47:40.019 UTC: 	 Will execute:
curl -sS --capath /etc/grid-security/certificates --cert /tmp/x509up_u178888 --key /tmp/x509up_u178888 -o /tmp/crab_status-cache-c8beewt1.pkl -w %"{http_code}" "https://cmsweb.cern.ch/scheddmon/0107/ffiore/260901_144431:ffiore_crab_VBS_semilep_ZZ_EWK_2024_v15/status_cache.pkl"
DEBUG 2026-09-01 14:47:40.019 UTC: 	 Executing command :
 curl -sS --capath /etc/grid-security/certificates --cert /tmp/x509up_u178888 --key /tmp/x509up_u178888 -o /tmp/crab_status-cache-c8beewt1.pkl -w %"{http_code}" "https://cmsweb.cern.ch/scheddmon/0107/ffiore/260901_144431:ffiore_crab_VBS_semilep_ZZ_EWK_2024_v15/status_cache.pkl"
DEBUG 2026-09-01 14:47:40.059 UTC: 	 output : 200
 error: 
 retcode : 0
DEBUG 2026-09-01 14:47:40.059 UTC: 	 exitcode: 0
stdout: 200
stderr: 
error details: 
DEBUG 2026-09-01 14:47:40.060 UTC: 	 Got information from status cache file: {'1': {'Retries': 0, 'Restarts': 0, 'SiteHistory': ['Unknown'], 'ResidentSetSize': [0], 'SubmitTimes': [1788273972.0], 'StartTimes': [], 'EndTimes': [], 'TotalUserCpuTimeHistory': [0.0], 'TotalSysCpuTimeHistory': [0.0], 'WallDurations': [0], 'JobIds': ['157556364.0'], 'State': 'running', 'RecordedSite': False}, '2': {'Retries': 0, 'Restarts': 0, 'SiteHistory': ['Unknown'], 'ResidentSetSize': [0], 'SubmitTimes': [1788273972.0], 'StartTimes': [], 'EndTimes': [], 'TotalUserCpuTimeHistory': [0.0], 'TotalSysCpuTimeHistory': [0.0], 'WallDurations': [0], 'JobIds': ['157556365.0'], 'State': 'running', 'RecordedSite': False}}
INFO 2026-09-01 14:47:40.060 UTC: 	 Status on the scheduler:	RUNNING
INFO 2026-09-01 14:47:40.060 UTC: 	 
Jobs status:                    running      		100.0% (2/2)
INFO 2026-09-01 14:47:40.060 UTC: 	 
No publication information (publication has been disabled in the CRAB configuration file)
INFO 2026-09-01 14:47:40.064 UTC: 	 Log file is /afs/cern.ch/user/f/ffiore/work/produzione/crab_MC_private/VBS_semilep_ZZ_EWK_2024_v15/crab_VBS_semilep_ZZ_EWK_2024_v15/crab.log
DEBUG 2026-09-01 14:47:44.590 UTC: 	 CRAB Client version: v3.260630
DEBUG 2026-09-01 14:47:44.591 UTC: 	 Running on: Linux lxplus813.cern.ch 4.18.0-553.151.1.el8_10.x86_64 #1 SMP Sun Aug 2 20:57:00 EDT 2026 x86_64 x86_64 x86_64 GNU/Linux
DEBUG 2026-09-01 14:47:44.591 UTC: 	 Not using Singularity
DEBUG 2026-09-01 14:47:44.591 UTC: 	 Operating System: Red Hat Enterprise Linux 8.10 (Ootpa)
DEBUG 2026-09-01 14:47:44.591 UTC: 	 Executing command: 'status'
DEBUG 2026-09-01 14:47:44.591 UTC: 	 Found CRAB cache file /afs/cern.ch/user/f/ffiore/.crab3
DEBUG 2026-09-01 14:47:44.598 UTC: 	 Checking credentials
DEBUG 2026-09-01 14:47:44.598 UTC: 	 Found proxy file /tmp/x509up_u178888
DEBUG 2026-09-01 14:47:44.598 UTC: 	 Making sure it has proper VOMS extension
DEBUG 2026-09-01 14:47:44.598 UTC: 	 Executing command :
 voms-proxy-info --vo --file /tmp/x509up_u178888
DEBUG 2026-09-01 14:47:44.621 UTC: 	 output : cms

 error: 
 retcode : 0
DEBUG 2026-09-01 14:47:44.621 UTC: 	 Getting proxy life time left
DEBUG 2026-09-01 14:47:44.621 UTC: 	 Executing command :
 voms-proxy-info --actimeleft --timeleft --file /tmp/x509up_u178888
DEBUG 2026-09-01 14:47:44.667 UTC: 	 output : 603858
603858

 error: 
 retcode : 0
DEBUG 2026-09-01 14:47:44.667 UTC: 	 Proxy valid for 167:44:18 hours
DEBUG 2026-09-01 14:47:44.668 UTC: 	 Encoded data for curl request: subresource=delegatedn
DEBUG 2026-09-01 14:47:44.716 UTC: 	 Registering user credentials on myproxy for /DC=ch/DC=cern/OU=Organic Units/OU=Users/CN=cmscrab/CN=(817881|373708)/CN=Robot: cms crab|/DC=ch/DC=cern/OU=Organic Units/OU=Users/CN=crabint1/CN=373708/CN=Robot: CMS CRAB Integration 1
DEBUG 2026-09-01 14:47:44.716 UTC: 	 Executing command :
 voms-proxy-info --identity --file /tmp/x509up_u178888
DEBUG 2026-09-01 14:47:44.747 UTC: 	 output : /DC=ch/DC=cern/OU=Organic Units/OU=Users/CN=ffiore/CN=883264/CN=Francesca Fiore

 error: 
 retcode : 0
DEBUG 2026-09-01 14:47:44.747 UTC: 	 Getting myproxy life time left for 1108dd7240a979e136768c977b197b9a1dace71c
DEBUG 2026-09-01 14:47:44.747 UTC: 	 Executing command :
 myproxy-info -s myproxy.cern.ch -l 1108dd7240a979e136768c977b197b9a1dace71c
DEBUG 2026-09-01 14:47:45.022 UTC: 	 output : username: 1108dd7240a979e136768c977b197b9a1dace71c
owner: /DC=ch/DC=cern/OU=Organic Units/OU=Users/CN=ffiore/CN=883264/CN=Francesca Fiore
  renewal policy: /DC=ch/DC=cern/OU=Organic Units/OU=Users/CN=cmscrab/CN=(817881|373708)/CN=Robot: cms crab|/DC=ch/DC=cern/OU=Organic Units/OU=Users/CN=crabint1/CN=373708/CN=Robot: CMS CRAB Integration 1
  trusted retrieval policy: /DC=ch/DC=cern/OU=Organic Units/OU=Users/CN=cmscrab/CN=(817881|373708)/CN=Robot: cms crab|/DC=ch/DC=cern/OU=Organic Units/OU=Users/CN=crabint1/CN=373708/CN=Robot: CMS CRAB Integration 1
  timeleft: 719:50:57  (30.0 days)

 error: 
 retcode : 0
DEBUG 2026-09-01 14:47:45.022 UTC: 	 Myproxy is valid: 2591400
DEBUG 2026-09-01 14:47:45.022 UTC: 	 Result of myproxy credential check:
  Credential exists on myproxy: username: 1108dd7240a979e136768c977b197b9a1dace71c  - validity: 29 days, 23:50:00
DEBUG 2026-09-01 14:47:45.022 UTC: 	 Retrieving username ...
DEBUG 2026-09-01 14:47:45.023 UTC: 	 Retrieving username from CRIC...
DEBUG 2026-09-01 14:47:45.881 UTC: 	 username is ffiore
INFO 2026-09-01 14:47:46.829 UTC: 	 Rucio client intialized for account ffiore
DEBUG 2026-09-01 14:47:46.829 UTC: 	 Command use: status
DEBUG 2026-09-01 14:47:46.829 UTC: 	 Options use: ['-d', 'VBS_semilep_ZZ_EWK_2024_v15/crab_VBS_semilep_ZZ_EWK_2024_v15']
DEBUG 2026-09-01 14:47:46.829 UTC: 	 Encoded data for curl request: subresource=version
DEBUG 2026-09-01 14:47:46.872 UTC: 	 CRABClient version: v3.260630
DEBUG 2026-09-01 14:47:46.873 UTC: 	 Instance is prod
DEBUG 2026-09-01 14:47:46.873 UTC: 	 Server base url is cmsweb.cern.ch
DEBUG 2026-09-01 14:47:46.873 UTC: 	 Command api workflow
DEBUG 2026-09-01 14:47:46.873 UTC: 	 Encoded data for curl request: subresource=search&workflow=260901_144431%3Affiore_crab_VBS_semilep_ZZ_EWK_2024_v15
DEBUG 2026-09-01 14:47:46.926 UTC: 	 Got information from server oracle database: {'desc': {'columns': ['tm_taskname', 'tm_activity', 'tm_task_status', 'tm_task_command', 'tm_start_time', 'tm_start_injection', 'tm_end_injection', 'tm_task_failure', 'tm_job_sw', 'tm_job_arch', 'tm_input_dataset', 'tm_nonvalid_input_dataset', 'tm_use_parent', 'tm_site_whitelist', 'tm_site_blacklist', 'tm_split_algo', 'tm_split_args', 'tm_user_sandbox', 'tm_cache_url', 'tm_username', 'tm_user_dn', 'tm_user_vo', 'tm_user_role', 'tm_user_group', 'tm_publish_name', 'tm_publish_groupname', 'tm_asyncdest', 'tm_dbs_url', 'tm_publish_dbs_url', 'tm_publication', 'tm_outfiles', 'tm_tfile_outfiles', 'tm_edm_outfiles', 'tm_job_type', 'tm_generator', 'tm_events_per_lumi', 'tm_arguments', 'tm_save_logs', 'tw_name', 'tm_user_infiles', 'tm_maxjobruntime', 'tm_numcores', 'tm_maxmemory', 'tm_priority', 'tm_output_dataset', 'tm_task_warnings', 'tm_user_webdir', 'tm_scriptexe', 'tm_scriptargs', 'tm_extrajdl', 'tm_collector', 'tm_schedd', 'tm_dry_run', 'tm_user_files', 'tm_transfer_outputs', 'tm_output_lfn', 'tm_ignore_locality', 'tm_fail_limit', 'tm_one_event_mode', 'tm_secondary_input_dataset', 'tm_primary_dataset', 'tm_last_publication', 'tm_debug_files', 'clusterid', 'tm_ignore_global_blacklist', 'tm_submitter_ip_addr', 'tm_totalunits', 'tm_ddm_reqid', 'tm_user_config', 'tm_transfer_container', 'tm_transfer_rule', 'tm_publish_rule', 'tm_multipub_rule', 'tm_job_min_microarch', 'tm_dagman_status', 'tm_num_jobs', 'tm_uploaded']}, 'result': ['260901_144431:ffiore_crab_VBS_semilep_ZZ_EWK_2024_v15', 'None', 'SUBMITTED', 'SUBMIT', '2026-09-01 14:44:31.616930', 'None', '2026-09-01 14:45:08.868905', 'None', 'CMSSW_14_0_19', 'el8_amd64_gcc12', 'None', 'F', '0', '[]', '[]', 'EventBased', "{'halt_job_on_file_boundaries': False, 'splitOnRun': False, 'events_per_job': 20, 'runs': [], 'lumis': []}", '327bd52f595f48c090078a053cc387f51dc21d47f20d04959cb8ce4f1e43640d.tar.gz', 'S3/crabcache_prod', 'ffiore', '/DC=ch/DC=cern/OU=Organic Units/OU=Users/CN=ffiore/CN=883264/CN=Francesca Fiore', 'cms', 'None', 'None', 'VBS_semilep_ZZ_EWK_2024_v15-00000000000000000000000000000000', 'F', 'T2_IT_Legnaro', 'https://cmsweb.cern.ch/dbs/prod/global/DBSReader', 'https://cmsweb.cern.ch/dbs/prod/phys03/DBSWriter', 'F', "['RunIII2024Summer24NanoAODv15.root']", '[]', '[]', 'PrivateMC', 'pythia', '20', '{}', 'F', 'crab-prod-tw01', '[]', '1250', '4', '8000', '10', 'None', '[]', 'http://vocms0107.cern.ch/mon/ffiore/260901_144431:ffiore_crab_VBS_semilep_ZZ_EWK_2024_v15', 'run_chain_Run3.sh', "['inputGridpack=/eos/user/f/ffiore/VBS/Gridpacks/ZZ/VBS_ZZ_semilep_el8_amd64_gcc10_CMSSW_12_4_8_tarball.tar.xz', 'nEvents=20', 'nThreads=4']", '[]', 'None', 'crab3@vocms0107.cern.ch', 'F', '[]', 'T', '/store/user/ffiore/', 'F', 'None', 'F', 'None', 'VBS_semilep_ZZ_EWK_2024_v15', 'None', '94a8f19f1e3b9ef3cc8dadb1c94796add14982c3c24a1b0d73813a0222aa640c.tar.gz', '157556329', 'F', '188.184.75.82', '40.0', 'None', '{"partialdataset": false, "requireaccelerator": false, "acceleratorparams": null, "inputblocks": null}', 'None', 'None', 'None', 'None', 'any', 'RUNNING', '2', 'T']}
INFO 2026-09-01 14:47:46.926 UTC: 	 CRAB project directory:		/afs/cern.ch/user/f/ffiore/work/produzione/crab_MC_private/VBS_semilep_ZZ_EWK_2024_v15/crab_VBS_semilep_ZZ_EWK_2024_v15
INFO 2026-09-01 14:47:46.926 UTC: 	 Task name:			260901_144431:ffiore_crab_VBS_semilep_ZZ_EWK_2024_v15
INFO 2026-09-01 14:47:46.926 UTC: 	 Grid scheduler - Task Worker:	crab3@vocms0107.cern.ch - crab-prod-tw01
INFO 2026-09-01 14:47:46.926 UTC: 	 Status on the CRAB server:	SUBMITTED
INFO 2026-09-01 14:47:46.926 UTC: 	 Task URL to use for HELP:	https://cmsweb.cern.ch/crabserver/ui/task/260901_144431%3Affiore_crab_VBS_semilep_ZZ_EWK_2024_v15
INFO 2026-09-01 14:47:46.934 UTC: 	 Dashboard monitoring URL:	https://monit-grafana.cern.ch/d/cmsTMDetail/cms-task-monitoring-task-view?orgId=11&var-user=ffiore&var-task=260901_144431%3Affiore_crab_VBS_semilep_ZZ_EWK_2024_v15&from=1788270271000&to=now
DEBUG 2026-09-01 14:47:46.935 UTC: 	 The CRAB server submitted your task to the Grid scheduler (cluster ID: 157556329)
DEBUG 2026-09-01 14:47:46.935 UTC: 	 Webdir is located at http://vocms0107.cern.ch/mon/ffiore/260901_144431:ffiore_crab_VBS_semilep_ZZ_EWK_2024_v15
DEBUG 2026-09-01 14:47:46.935 UTC: 	 Encoded data for curl request: subresource=webdirprx&workflow=260901_144431%3Affiore_crab_VBS_semilep_ZZ_EWK_2024_v15
DEBUG 2026-09-01 14:47:46.977 UTC: 	 Proxied webdir is located at https://cmsweb.cern.ch/scheddmon/0107/ffiore/260901_144431:ffiore_crab_VBS_semilep_ZZ_EWK_2024_v15
DEBUG 2026-09-01 14:47:46.978 UTC: 	 Retrieving 'status_cache' file from https://cmsweb.cern.ch/scheddmon/0107/ffiore/260901_144431:ffiore_crab_VBS_semilep_ZZ_EWK_2024_v15/status_cache.pkl
DEBUG 2026-09-01 14:47:46.978 UTC: 	 Will execute:
curl -sS --capath /etc/grid-security/certificates --cert /tmp/x509up_u178888 --key /tmp/x509up_u178888 -o /tmp/crab_status-cache-8s85r0j7.pkl -w %"{http_code}" "https://cmsweb.cern.ch/scheddmon/0107/ffiore/260901_144431:ffiore_crab_VBS_semilep_ZZ_EWK_2024_v15/status_cache.pkl"
DEBUG 2026-09-01 14:47:46.978 UTC: 	 Executing command :
 curl -sS --capath /etc/grid-security/certificates --cert /tmp/x509up_u178888 --key /tmp/x509up_u178888 -o /tmp/crab_status-cache-8s85r0j7.pkl -w %"{http_code}" "https://cmsweb.cern.ch/scheddmon/0107/ffiore/260901_144431:ffiore_crab_VBS_semilep_ZZ_EWK_2024_v15/status_cache.pkl"
DEBUG 2026-09-01 14:47:47.019 UTC: 	 output : 200
 error: 
 retcode : 0
DEBUG 2026-09-01 14:47:47.019 UTC: 	 exitcode: 0
stdout: 200
stderr: 
error details: 
DEBUG 2026-09-01 14:47:47.020 UTC: 	 Got information from status cache file: {'1': {'Retries': 0, 'Restarts': 0, 'SiteHistory': ['Unknown'], 'ResidentSetSize': [0], 'SubmitTimes': [1788273972.0], 'StartTimes': [], 'EndTimes': [], 'TotalUserCpuTimeHistory': [0.0], 'TotalSysCpuTimeHistory': [0.0], 'WallDurations': [0], 'JobIds': ['157556364.0'], 'State': 'running', 'RecordedSite': False}, '2': {'Retries': 0, 'Restarts': 0, 'SiteHistory': ['Unknown'], 'ResidentSetSize': [0], 'SubmitTimes': [1788273972.0], 'StartTimes': [], 'EndTimes': [], 'TotalUserCpuTimeHistory': [0.0], 'TotalSysCpuTimeHistory': [0.0], 'WallDurations': [0], 'JobIds': ['157556365.0'], 'State': 'running', 'RecordedSite': False}}
INFO 2026-09-01 14:47:47.020 UTC: 	 Status on the scheduler:	RUNNING
INFO 2026-09-01 14:47:47.020 UTC: 	 
Jobs status:                    running      		100.0% (2/2)
INFO 2026-09-01 14:47:47.020 UTC: 	 
No publication information (publication has been disabled in the CRAB configuration file)
INFO 2026-09-01 14:47:47.022 UTC: 	 Log file is /afs/cern.ch/user/f/ffiore/work/produzione/crab_MC_private/VBS_semilep_ZZ_EWK_2024_v15/crab_VBS_semilep_ZZ_EWK_2024_v15/crab.log
DEBUG 2026-09-01 14:47:51.491 UTC: 	 CRAB Client version: v3.260630
DEBUG 2026-09-01 14:47:51.491 UTC: 	 Running on: Linux lxplus813.cern.ch 4.18.0-553.151.1.el8_10.x86_64 #1 SMP Sun Aug 2 20:57:00 EDT 2026 x86_64 x86_64 x86_64 GNU/Linux
DEBUG 2026-09-01 14:47:51.491 UTC: 	 Not using Singularity
DEBUG 2026-09-01 14:47:51.491 UTC: 	 Operating System: Red Hat Enterprise Linux 8.10 (Ootpa)
DEBUG 2026-09-01 14:47:51.491 UTC: 	 Executing command: 'status'
DEBUG 2026-09-01 14:47:51.492 UTC: 	 Found CRAB cache file /afs/cern.ch/user/f/ffiore/.crab3
DEBUG 2026-09-01 14:47:51.499 UTC: 	 Checking credentials
DEBUG 2026-09-01 14:47:51.499 UTC: 	 Found proxy file /tmp/x509up_u178888
DEBUG 2026-09-01 14:47:51.499 UTC: 	 Making sure it has proper VOMS extension
DEBUG 2026-09-01 14:47:51.499 UTC: 	 Executing command :
 voms-proxy-info --vo --file /tmp/x509up_u178888
DEBUG 2026-09-01 14:47:51.533 UTC: 	 output : cms

 error: 
 retcode : 0
DEBUG 2026-09-01 14:47:51.533 UTC: 	 Getting proxy life time left
DEBUG 2026-09-01 14:47:51.533 UTC: 	 Executing command :
 voms-proxy-info --actimeleft --timeleft --file /tmp/x509up_u178888
DEBUG 2026-09-01 14:47:51.558 UTC: 	 output : 603851
603851

 error: 
 retcode : 0
DEBUG 2026-09-01 14:47:51.558 UTC: 	 Proxy valid for 167:44:11 hours
DEBUG 2026-09-01 14:47:51.559 UTC: 	 Encoded data for curl request: subresource=delegatedn
DEBUG 2026-09-01 14:47:51.607 UTC: 	 Registering user credentials on myproxy for /DC=ch/DC=cern/OU=Organic Units/OU=Users/CN=cmscrab/CN=(817881|373708)/CN=Robot: cms crab|/DC=ch/DC=cern/OU=Organic Units/OU=Users/CN=crabint1/CN=373708/CN=Robot: CMS CRAB Integration 1
DEBUG 2026-09-01 14:47:51.607 UTC: 	 Executing command :
 voms-proxy-info --identity --file /tmp/x509up_u178888
DEBUG 2026-09-01 14:47:51.634 UTC: 	 output : /DC=ch/DC=cern/OU=Organic Units/OU=Users/CN=ffiore/CN=883264/CN=Francesca Fiore

 error: 
 retcode : 0
DEBUG 2026-09-01 14:47:51.634 UTC: 	 Getting myproxy life time left for 1108dd7240a979e136768c977b197b9a1dace71c
DEBUG 2026-09-01 14:47:51.635 UTC: 	 Executing command :
 myproxy-info -s myproxy.cern.ch -l 1108dd7240a979e136768c977b197b9a1dace71c
DEBUG 2026-09-01 14:47:51.922 UTC: 	 output : username: 1108dd7240a979e136768c977b197b9a1dace71c
owner: /DC=ch/DC=cern/OU=Organic Units/OU=Users/CN=ffiore/CN=883264/CN=Francesca Fiore
  renewal policy: /DC=ch/DC=cern/OU=Organic Units/OU=Users/CN=cmscrab/CN=(817881|373708)/CN=Robot: cms crab|/DC=ch/DC=cern/OU=Organic Units/OU=Users/CN=crabint1/CN=373708/CN=Robot: CMS CRAB Integration 1
  trusted retrieval policy: /DC=ch/DC=cern/OU=Organic Units/OU=Users/CN=cmscrab/CN=(817881|373708)/CN=Robot: cms crab|/DC=ch/DC=cern/OU=Organic Units/OU=Users/CN=crabint1/CN=373708/CN=Robot: CMS CRAB Integration 1
  timeleft: 719:50:51  (30.0 days)

 error: 
 retcode : 0
DEBUG 2026-09-01 14:47:51.922 UTC: 	 Myproxy is valid: 2591400
DEBUG 2026-09-01 14:47:51.922 UTC: 	 Result of myproxy credential check:
  Credential exists on myproxy: username: 1108dd7240a979e136768c977b197b9a1dace71c  - validity: 29 days, 23:50:00
DEBUG 2026-09-01 14:47:51.922 UTC: 	 Retrieving username ...
DEBUG 2026-09-01 14:47:51.922 UTC: 	 Retrieving username from CRIC...
DEBUG 2026-09-01 14:47:52.755 UTC: 	 username is ffiore
INFO 2026-09-01 14:47:53.898 UTC: 	 Rucio client intialized for account ffiore
DEBUG 2026-09-01 14:47:53.898 UTC: 	 Command use: status
DEBUG 2026-09-01 14:47:53.898 UTC: 	 Options use: ['-d', 'VBS_semilep_ZZ_EWK_2024_v15/crab_VBS_semilep_ZZ_EWK_2024_v15']
DEBUG 2026-09-01 14:47:53.898 UTC: 	 Encoded data for curl request: subresource=version
DEBUG 2026-09-01 14:47:53.952 UTC: 	 CRABClient version: v3.260630
DEBUG 2026-09-01 14:47:53.952 UTC: 	 Instance is prod
DEBUG 2026-09-01 14:47:53.952 UTC: 	 Server base url is cmsweb.cern.ch
DEBUG 2026-09-01 14:47:53.952 UTC: 	 Command api workflow
DEBUG 2026-09-01 14:47:53.953 UTC: 	 Encoded data for curl request: subresource=search&workflow=260901_144431%3Affiore_crab_VBS_semilep_ZZ_EWK_2024_v15
DEBUG 2026-09-01 14:47:54.006 UTC: 	 Got information from server oracle database: {'desc': {'columns': ['tm_taskname', 'tm_activity', 'tm_task_status', 'tm_task_command', 'tm_start_time', 'tm_start_injection', 'tm_end_injection', 'tm_task_failure', 'tm_job_sw', 'tm_job_arch', 'tm_input_dataset', 'tm_nonvalid_input_dataset', 'tm_use_parent', 'tm_site_whitelist', 'tm_site_blacklist', 'tm_split_algo', 'tm_split_args', 'tm_user_sandbox', 'tm_cache_url', 'tm_username', 'tm_user_dn', 'tm_user_vo', 'tm_user_role', 'tm_user_group', 'tm_publish_name', 'tm_publish_groupname', 'tm_asyncdest', 'tm_dbs_url', 'tm_publish_dbs_url', 'tm_publication', 'tm_outfiles', 'tm_tfile_outfiles', 'tm_edm_outfiles', 'tm_job_type', 'tm_generator', 'tm_events_per_lumi', 'tm_arguments', 'tm_save_logs', 'tw_name', 'tm_user_infiles', 'tm_maxjobruntime', 'tm_numcores', 'tm_maxmemory', 'tm_priority', 'tm_output_dataset', 'tm_task_warnings', 'tm_user_webdir', 'tm_scriptexe', 'tm_scriptargs', 'tm_extrajdl', 'tm_collector', 'tm_schedd', 'tm_dry_run', 'tm_user_files', 'tm_transfer_outputs', 'tm_output_lfn', 'tm_ignore_locality', 'tm_fail_limit', 'tm_one_event_mode', 'tm_secondary_input_dataset', 'tm_primary_dataset', 'tm_last_publication', 'tm_debug_files', 'clusterid', 'tm_ignore_global_blacklist', 'tm_submitter_ip_addr', 'tm_totalunits', 'tm_ddm_reqid', 'tm_user_config', 'tm_transfer_container', 'tm_transfer_rule', 'tm_publish_rule', 'tm_multipub_rule', 'tm_job_min_microarch', 'tm_dagman_status', 'tm_num_jobs', 'tm_uploaded']}, 'result': ['260901_144431:ffiore_crab_VBS_semilep_ZZ_EWK_2024_v15', 'None', 'SUBMITTED', 'SUBMIT', '2026-09-01 14:44:31.616930', 'None', '2026-09-01 14:45:08.868905', 'None', 'CMSSW_14_0_19', 'el8_amd64_gcc12', 'None', 'F', '0', '[]', '[]', 'EventBased', "{'halt_job_on_file_boundaries': False, 'splitOnRun': False, 'events_per_job': 20, 'runs': [], 'lumis': []}", '327bd52f595f48c090078a053cc387f51dc21d47f20d04959cb8ce4f1e43640d.tar.gz', 'S3/crabcache_prod', 'ffiore', '/DC=ch/DC=cern/OU=Organic Units/OU=Users/CN=ffiore/CN=883264/CN=Francesca Fiore', 'cms', 'None', 'None', 'VBS_semilep_ZZ_EWK_2024_v15-00000000000000000000000000000000', 'F', 'T2_IT_Legnaro', 'https://cmsweb.cern.ch/dbs/prod/global/DBSReader', 'https://cmsweb.cern.ch/dbs/prod/phys03/DBSWriter', 'F', "['RunIII2024Summer24NanoAODv15.root']", '[]', '[]', 'PrivateMC', 'pythia', '20', '{}', 'F', 'crab-prod-tw01', '[]', '1250', '4', '8000', '10', 'None', '[]', 'http://vocms0107.cern.ch/mon/ffiore/260901_144431:ffiore_crab_VBS_semilep_ZZ_EWK_2024_v15', 'run_chain_Run3.sh', "['inputGridpack=/eos/user/f/ffiore/VBS/Gridpacks/ZZ/VBS_ZZ_semilep_el8_amd64_gcc10_CMSSW_12_4_8_tarball.tar.xz', 'nEvents=20', 'nThreads=4']", '[]', 'None', 'crab3@vocms0107.cern.ch', 'F', '[]', 'T', '/store/user/ffiore/', 'F', 'None', 'F', 'None', 'VBS_semilep_ZZ_EWK_2024_v15', 'None', '94a8f19f1e3b9ef3cc8dadb1c94796add14982c3c24a1b0d73813a0222aa640c.tar.gz', '157556329', 'F', '188.184.75.82', '40.0', 'None', '{"partialdataset": false, "requireaccelerator": false, "acceleratorparams": null, "inputblocks": null}', 'None', 'None', 'None', 'None', 'any', 'RUNNING', '2', 'T']}
INFO 2026-09-01 14:47:54.006 UTC: 	 CRAB project directory:		/afs/cern.ch/user/f/ffiore/work/produzione/crab_MC_private/VBS_semilep_ZZ_EWK_2024_v15/crab_VBS_semilep_ZZ_EWK_2024_v15
INFO 2026-09-01 14:47:54.006 UTC: 	 Task name:			260901_144431:ffiore_crab_VBS_semilep_ZZ_EWK_2024_v15
INFO 2026-09-01 14:47:54.006 UTC: 	 Grid scheduler - Task Worker:	crab3@vocms0107.cern.ch - crab-prod-tw01
INFO 2026-09-01 14:47:54.006 UTC: 	 Status on the CRAB server:	SUBMITTED
INFO 2026-09-01 14:47:54.006 UTC: 	 Task URL to use for HELP:	https://cmsweb.cern.ch/crabserver/ui/task/260901_144431%3Affiore_crab_VBS_semilep_ZZ_EWK_2024_v15
INFO 2026-09-01 14:47:54.014 UTC: 	 Dashboard monitoring URL:	https://monit-grafana.cern.ch/d/cmsTMDetail/cms-task-monitoring-task-view?orgId=11&var-user=ffiore&var-task=260901_144431%3Affiore_crab_VBS_semilep_ZZ_EWK_2024_v15&from=1788270271000&to=now
DEBUG 2026-09-01 14:47:54.014 UTC: 	 The CRAB server submitted your task to the Grid scheduler (cluster ID: 157556329)
DEBUG 2026-09-01 14:47:54.014 UTC: 	 Webdir is located at http://vocms0107.cern.ch/mon/ffiore/260901_144431:ffiore_crab_VBS_semilep_ZZ_EWK_2024_v15
DEBUG 2026-09-01 14:47:54.014 UTC: 	 Encoded data for curl request: subresource=webdirprx&workflow=260901_144431%3Affiore_crab_VBS_semilep_ZZ_EWK_2024_v15
DEBUG 2026-09-01 14:47:54.061 UTC: 	 Proxied webdir is located at https://cmsweb.cern.ch/scheddmon/0107/ffiore/260901_144431:ffiore_crab_VBS_semilep_ZZ_EWK_2024_v15
DEBUG 2026-09-01 14:47:54.062 UTC: 	 Retrieving 'status_cache' file from https://cmsweb.cern.ch/scheddmon/0107/ffiore/260901_144431:ffiore_crab_VBS_semilep_ZZ_EWK_2024_v15/status_cache.pkl
DEBUG 2026-09-01 14:47:54.062 UTC: 	 Will execute:
curl -sS --capath /etc/grid-security/certificates --cert /tmp/x509up_u178888 --key /tmp/x509up_u178888 -o /tmp/crab_status-cache-0ptfalzg.pkl -w %"{http_code}" "https://cmsweb.cern.ch/scheddmon/0107/ffiore/260901_144431:ffiore_crab_VBS_semilep_ZZ_EWK_2024_v15/status_cache.pkl"
DEBUG 2026-09-01 14:47:54.062 UTC: 	 Executing command :
 curl -sS --capath /etc/grid-security/certificates --cert /tmp/x509up_u178888 --key /tmp/x509up_u178888 -o /tmp/crab_status-cache-0ptfalzg.pkl -w %"{http_code}" "https://cmsweb.cern.ch/scheddmon/0107/ffiore/260901_144431:ffiore_crab_VBS_semilep_ZZ_EWK_2024_v15/status_cache.pkl"
DEBUG 2026-09-01 14:47:54.106 UTC: 	 output : 200
 error: 
 retcode : 0
DEBUG 2026-09-01 14:47:54.107 UTC: 	 exitcode: 0
stdout: 200
stderr: 
error details: 
DEBUG 2026-09-01 14:47:54.107 UTC: 	 Got information from status cache file: {'1': {'Retries': 0, 'Restarts': 0, 'SiteHistory': ['Unknown'], 'ResidentSetSize': [0], 'SubmitTimes': [1788273972.0], 'StartTimes': [], 'EndTimes': [], 'TotalUserCpuTimeHistory': [0.0], 'TotalSysCpuTimeHistory': [0.0], 'WallDurations': [0], 'JobIds': ['157556364.0'], 'State': 'running', 'RecordedSite': False}, '2': {'Retries': 0, 'Restarts': 0, 'SiteHistory': ['Unknown'], 'ResidentSetSize': [0], 'SubmitTimes': [1788273972.0], 'StartTimes': [], 'EndTimes': [], 'TotalUserCpuTimeHistory': [0.0], 'TotalSysCpuTimeHistory': [0.0], 'WallDurations': [0], 'JobIds': ['157556365.0'], 'State': 'running', 'RecordedSite': False}}
INFO 2026-09-01 14:47:54.107 UTC: 	 Status on the scheduler:	RUNNING
INFO 2026-09-01 14:47:54.107 UTC: 	 
Jobs status:                    running      		100.0% (2/2)
INFO 2026-09-01 14:47:54.107 UTC: 	 
No publication information (publication has been disabled in the CRAB configuration file)
INFO 2026-09-01 14:47:54.109 UTC: 	 Log file is /afs/cern.ch/user/f/ffiore/work/produzione/crab_MC_private/VBS_semilep_ZZ_EWK_2024_v15/crab_VBS_semilep_ZZ_EWK_2024_v15/crab.log
DEBUG 2026-09-01 14:47:58.596 UTC: 	 CRAB Client version: v3.260630
DEBUG 2026-09-01 14:47:58.597 UTC: 	 Running on: Linux lxplus813.cern.ch 4.18.0-553.151.1.el8_10.x86_64 #1 SMP Sun Aug 2 20:57:00 EDT 2026 x86_64 x86_64 x86_64 GNU/Linux
DEBUG 2026-09-01 14:47:58.597 UTC: 	 Not using Singularity
DEBUG 2026-09-01 14:47:58.597 UTC: 	 Operating System: Red Hat Enterprise Linux 8.10 (Ootpa)
DEBUG 2026-09-01 14:47:58.597 UTC: 	 Executing command: 'status'
DEBUG 2026-09-01 14:47:58.597 UTC: 	 Found CRAB cache file /afs/cern.ch/user/f/ffiore/.crab3
DEBUG 2026-09-01 14:47:58.607 UTC: 	 Checking credentials
DEBUG 2026-09-01 14:47:58.607 UTC: 	 Found proxy file /tmp/x509up_u178888
DEBUG 2026-09-01 14:47:58.607 UTC: 	 Making sure it has proper VOMS extension
DEBUG 2026-09-01 14:47:58.607 UTC: 	 Executing command :
 voms-proxy-info --vo --file /tmp/x509up_u178888
DEBUG 2026-09-01 14:47:58.633 UTC: 	 output : cms

 error: 
 retcode : 0
DEBUG 2026-09-01 14:47:58.634 UTC: 	 Getting proxy life time left
DEBUG 2026-09-01 14:47:58.634 UTC: 	 Executing command :
 voms-proxy-info --actimeleft --timeleft --file /tmp/x509up_u178888
DEBUG 2026-09-01 14:47:58.660 UTC: 	 output : 603844
603844

 error: 
 retcode : 0
DEBUG 2026-09-01 14:47:58.661 UTC: 	 Proxy valid for 167:44:04 hours
DEBUG 2026-09-01 14:47:58.661 UTC: 	 Encoded data for curl request: subresource=delegatedn
DEBUG 2026-09-01 14:47:58.707 UTC: 	 Registering user credentials on myproxy for /DC=ch/DC=cern/OU=Organic Units/OU=Users/CN=cmscrab/CN=(817881|373708)/CN=Robot: cms crab|/DC=ch/DC=cern/OU=Organic Units/OU=Users/CN=crabint1/CN=373708/CN=Robot: CMS CRAB Integration 1
DEBUG 2026-09-01 14:47:58.707 UTC: 	 Executing command :
 voms-proxy-info --identity --file /tmp/x509up_u178888
DEBUG 2026-09-01 14:47:58.731 UTC: 	 output : /DC=ch/DC=cern/OU=Organic Units/OU=Users/CN=ffiore/CN=883264/CN=Francesca Fiore

 error: 
 retcode : 0
DEBUG 2026-09-01 14:47:58.732 UTC: 	 Getting myproxy life time left for 1108dd7240a979e136768c977b197b9a1dace71c
DEBUG 2026-09-01 14:47:58.732 UTC: 	 Executing command :
 myproxy-info -s myproxy.cern.ch -l 1108dd7240a979e136768c977b197b9a1dace71c
DEBUG 2026-09-01 14:47:59.015 UTC: 	 output : username: 1108dd7240a979e136768c977b197b9a1dace71c
owner: /DC=ch/DC=cern/OU=Organic Units/OU=Users/CN=ffiore/CN=883264/CN=Francesca Fiore
  renewal policy: /DC=ch/DC=cern/OU=Organic Units/OU=Users/CN=cmscrab/CN=(817881|373708)/CN=Robot: cms crab|/DC=ch/DC=cern/OU=Organic Units/OU=Users/CN=crabint1/CN=373708/CN=Robot: CMS CRAB Integration 1
  trusted retrieval policy: /DC=ch/DC=cern/OU=Organic Units/OU=Users/CN=cmscrab/CN=(817881|373708)/CN=Robot: cms crab|/DC=ch/DC=cern/OU=Organic Units/OU=Users/CN=crabint1/CN=373708/CN=Robot: CMS CRAB Integration 1
  timeleft: 719:50:43  (30.0 days)

 error: 
 retcode : 0
DEBUG 2026-09-01 14:47:59.015 UTC: 	 Myproxy is valid: 2591400
DEBUG 2026-09-01 14:47:59.015 UTC: 	 Result of myproxy credential check:
  Credential exists on myproxy: username: 1108dd7240a979e136768c977b197b9a1dace71c  - validity: 29 days, 23:50:00
DEBUG 2026-09-01 14:47:59.016 UTC: 	 Retrieving username ...
DEBUG 2026-09-01 14:47:59.016 UTC: 	 Retrieving username from CRIC...
DEBUG 2026-09-01 14:47:59.865 UTC: 	 username is ffiore
INFO 2026-09-01 14:48:00.867 UTC: 	 Rucio client intialized for account ffiore
DEBUG 2026-09-01 14:48:00.867 UTC: 	 Command use: status
DEBUG 2026-09-01 14:48:00.867 UTC: 	 Options use: ['-d', 'VBS_semilep_ZZ_EWK_2024_v15/crab_VBS_semilep_ZZ_EWK_2024_v15']
DEBUG 2026-09-01 14:48:00.867 UTC: 	 Encoded data for curl request: subresource=version
DEBUG 2026-09-01 14:48:00.929 UTC: 	 CRABClient version: v3.260630
DEBUG 2026-09-01 14:48:00.929 UTC: 	 Instance is prod
DEBUG 2026-09-01 14:48:00.929 UTC: 	 Server base url is cmsweb.cern.ch
DEBUG 2026-09-01 14:48:00.929 UTC: 	 Command api workflow
DEBUG 2026-09-01 14:48:00.929 UTC: 	 Encoded data for curl request: subresource=search&workflow=260901_144431%3Affiore_crab_VBS_semilep_ZZ_EWK_2024_v15
DEBUG 2026-09-01 14:48:00.988 UTC: 	 Got information from server oracle database: {'desc': {'columns': ['tm_taskname', 'tm_activity', 'tm_task_status', 'tm_task_command', 'tm_start_time', 'tm_start_injection', 'tm_end_injection', 'tm_task_failure', 'tm_job_sw', 'tm_job_arch', 'tm_input_dataset', 'tm_nonvalid_input_dataset', 'tm_use_parent', 'tm_site_whitelist', 'tm_site_blacklist', 'tm_split_algo', 'tm_split_args', 'tm_user_sandbox', 'tm_cache_url', 'tm_username', 'tm_user_dn', 'tm_user_vo', 'tm_user_role', 'tm_user_group', 'tm_publish_name', 'tm_publish_groupname', 'tm_asyncdest', 'tm_dbs_url', 'tm_publish_dbs_url', 'tm_publication', 'tm_outfiles', 'tm_tfile_outfiles', 'tm_edm_outfiles', 'tm_job_type', 'tm_generator', 'tm_events_per_lumi', 'tm_arguments', 'tm_save_logs', 'tw_name', 'tm_user_infiles', 'tm_maxjobruntime', 'tm_numcores', 'tm_maxmemory', 'tm_priority', 'tm_output_dataset', 'tm_task_warnings', 'tm_user_webdir', 'tm_scriptexe', 'tm_scriptargs', 'tm_extrajdl', 'tm_collector', 'tm_schedd', 'tm_dry_run', 'tm_user_files', 'tm_transfer_outputs', 'tm_output_lfn', 'tm_ignore_locality', 'tm_fail_limit', 'tm_one_event_mode', 'tm_secondary_input_dataset', 'tm_primary_dataset', 'tm_last_publication', 'tm_debug_files', 'clusterid', 'tm_ignore_global_blacklist', 'tm_submitter_ip_addr', 'tm_totalunits', 'tm_ddm_reqid', 'tm_user_config', 'tm_transfer_container', 'tm_transfer_rule', 'tm_publish_rule', 'tm_multipub_rule', 'tm_job_min_microarch', 'tm_dagman_status', 'tm_num_jobs', 'tm_uploaded']}, 'result': ['260901_144431:ffiore_crab_VBS_semilep_ZZ_EWK_2024_v15', 'None', 'SUBMITTED', 'SUBMIT', '2026-09-01 14:44:31.616930', 'None', '2026-09-01 14:45:08.868905', 'None', 'CMSSW_14_0_19', 'el8_amd64_gcc12', 'None', 'F', '0', '[]', '[]', 'EventBased', "{'halt_job_on_file_boundaries': False, 'splitOnRun': False, 'events_per_job': 20, 'runs': [], 'lumis': []}", '327bd52f595f48c090078a053cc387f51dc21d47f20d04959cb8ce4f1e43640d.tar.gz', 'S3/crabcache_prod', 'ffiore', '/DC=ch/DC=cern/OU=Organic Units/OU=Users/CN=ffiore/CN=883264/CN=Francesca Fiore', 'cms', 'None', 'None', 'VBS_semilep_ZZ_EWK_2024_v15-00000000000000000000000000000000', 'F', 'T2_IT_Legnaro', 'https://cmsweb.cern.ch/dbs/prod/global/DBSReader', 'https://cmsweb.cern.ch/dbs/prod/phys03/DBSWriter', 'F', "['RunIII2024Summer24NanoAODv15.root']", '[]', '[]', 'PrivateMC', 'pythia', '20', '{}', 'F', 'crab-prod-tw01', '[]', '1250', '4', '8000', '10', 'None', '[]', 'http://vocms0107.cern.ch/mon/ffiore/260901_144431:ffiore_crab_VBS_semilep_ZZ_EWK_2024_v15', 'run_chain_Run3.sh', "['inputGridpack=/eos/user/f/ffiore/VBS/Gridpacks/ZZ/VBS_ZZ_semilep_el8_amd64_gcc10_CMSSW_12_4_8_tarball.tar.xz', 'nEvents=20', 'nThreads=4']", '[]', 'None', 'crab3@vocms0107.cern.ch', 'F', '[]', 'T', '/store/user/ffiore/', 'F', 'None', 'F', 'None', 'VBS_semilep_ZZ_EWK_2024_v15', 'None', '94a8f19f1e3b9ef3cc8dadb1c94796add14982c3c24a1b0d73813a0222aa640c.tar.gz', '157556329', 'F', '188.184.75.82', '40.0', 'None', '{"partialdataset": false, "requireaccelerator": false, "acceleratorparams": null, "inputblocks": null}', 'None', 'None', 'None', 'None', 'any', 'RUNNING', '2', 'T']}
INFO 2026-09-01 14:48:00.988 UTC: 	 CRAB project directory:		/afs/cern.ch/user/f/ffiore/work/produzione/crab_MC_private/VBS_semilep_ZZ_EWK_2024_v15/crab_VBS_semilep_ZZ_EWK_2024_v15
INFO 2026-09-01 14:48:00.988 UTC: 	 Task name:			260901_144431:ffiore_crab_VBS_semilep_ZZ_EWK_2024_v15
INFO 2026-09-01 14:48:00.988 UTC: 	 Grid scheduler - Task Worker:	crab3@vocms0107.cern.ch - crab-prod-tw01
INFO 2026-09-01 14:48:00.988 UTC: 	 Status on the CRAB server:	SUBMITTED
INFO 2026-09-01 14:48:00.988 UTC: 	 Task URL to use for HELP:	https://cmsweb.cern.ch/crabserver/ui/task/260901_144431%3Affiore_crab_VBS_semilep_ZZ_EWK_2024_v15
INFO 2026-09-01 14:48:00.996 UTC: 	 Dashboard monitoring URL:	https://monit-grafana.cern.ch/d/cmsTMDetail/cms-task-monitoring-task-view?orgId=11&var-user=ffiore&var-task=260901_144431%3Affiore_crab_VBS_semilep_ZZ_EWK_2024_v15&from=1788270271000&to=now
DEBUG 2026-09-01 14:48:00.996 UTC: 	 The CRAB server submitted your task to the Grid scheduler (cluster ID: 157556329)
DEBUG 2026-09-01 14:48:00.996 UTC: 	 Webdir is located at http://vocms0107.cern.ch/mon/ffiore/260901_144431:ffiore_crab_VBS_semilep_ZZ_EWK_2024_v15
DEBUG 2026-09-01 14:48:00.996 UTC: 	 Encoded data for curl request: subresource=webdirprx&workflow=260901_144431%3Affiore_crab_VBS_semilep_ZZ_EWK_2024_v15
DEBUG 2026-09-01 14:48:01.036 UTC: 	 Proxied webdir is located at https://cmsweb.cern.ch/scheddmon/0107/ffiore/260901_144431:ffiore_crab_VBS_semilep_ZZ_EWK_2024_v15
DEBUG 2026-09-01 14:48:01.037 UTC: 	 Retrieving 'status_cache' file from https://cmsweb.cern.ch/scheddmon/0107/ffiore/260901_144431:ffiore_crab_VBS_semilep_ZZ_EWK_2024_v15/status_cache.pkl
DEBUG 2026-09-01 14:48:01.037 UTC: 	 Will execute:
curl -sS --capath /etc/grid-security/certificates --cert /tmp/x509up_u178888 --key /tmp/x509up_u178888 -o /tmp/crab_status-cache-gz24x841.pkl -w %"{http_code}" "https://cmsweb.cern.ch/scheddmon/0107/ffiore/260901_144431:ffiore_crab_VBS_semilep_ZZ_EWK_2024_v15/status_cache.pkl"
DEBUG 2026-09-01 14:48:01.037 UTC: 	 Executing command :
 curl -sS --capath /etc/grid-security/certificates --cert /tmp/x509up_u178888 --key /tmp/x509up_u178888 -o /tmp/crab_status-cache-gz24x841.pkl -w %"{http_code}" "https://cmsweb.cern.ch/scheddmon/0107/ffiore/260901_144431:ffiore_crab_VBS_semilep_ZZ_EWK_2024_v15/status_cache.pkl"
DEBUG 2026-09-01 14:48:01.071 UTC: 	 output : 200
 error: 
 retcode : 0
DEBUG 2026-09-01 14:48:01.072 UTC: 	 exitcode: 0
stdout: 200
stderr: 
error details: 
DEBUG 2026-09-01 14:48:01.072 UTC: 	 Got information from status cache file: {'1': {'Retries': 0, 'Restarts': 0, 'SiteHistory': ['Unknown'], 'ResidentSetSize': [0], 'SubmitTimes': [1788273972.0], 'StartTimes': [], 'EndTimes': [], 'TotalUserCpuTimeHistory': [0.0], 'TotalSysCpuTimeHistory': [0.0], 'WallDurations': [0], 'JobIds': ['157556364.0'], 'State': 'running', 'RecordedSite': False}, '2': {'Retries': 0, 'Restarts': 0, 'SiteHistory': ['Unknown'], 'ResidentSetSize': [0], 'SubmitTimes': [1788273972.0], 'StartTimes': [], 'EndTimes': [], 'TotalUserCpuTimeHistory': [0.0], 'TotalSysCpuTimeHistory': [0.0], 'WallDurations': [0], 'JobIds': ['157556365.0'], 'State': 'running', 'RecordedSite': False}}
INFO 2026-09-01 14:48:01.072 UTC: 	 Status on the scheduler:	RUNNING
INFO 2026-09-01 14:48:01.072 UTC: 	 
Jobs status:                    running      		100.0% (2/2)
INFO 2026-09-01 14:48:01.072 UTC: 	 
No publication information (publication has been disabled in the CRAB configuration file)
INFO 2026-09-01 14:48:01.074 UTC: 	 Log file is /afs/cern.ch/user/f/ffiore/work/produzione/crab_MC_private/VBS_semilep_ZZ_EWK_2024_v15/crab_VBS_semilep_ZZ_EWK_2024_v15/crab.log
DEBUG 2026-09-01 14:48:05.611 UTC: 	 CRAB Client version: v3.260630
DEBUG 2026-09-01 14:48:05.611 UTC: 	 Running on: Linux lxplus813.cern.ch 4.18.0-553.151.1.el8_10.x86_64 #1 SMP Sun Aug 2 20:57:00 EDT 2026 x86_64 x86_64 x86_64 GNU/Linux
DEBUG 2026-09-01 14:48:05.611 UTC: 	 Not using Singularity
DEBUG 2026-09-01 14:48:05.611 UTC: 	 Operating System: Red Hat Enterprise Linux 8.10 (Ootpa)
DEBUG 2026-09-01 14:48:05.611 UTC: 	 Executing command: 'status'
DEBUG 2026-09-01 14:48:05.611 UTC: 	 Found CRAB cache file /afs/cern.ch/user/f/ffiore/.crab3
DEBUG 2026-09-01 14:48:05.619 UTC: 	 Checking credentials
DEBUG 2026-09-01 14:48:05.619 UTC: 	 Found proxy file /tmp/x509up_u178888
DEBUG 2026-09-01 14:48:05.619 UTC: 	 Making sure it has proper VOMS extension
DEBUG 2026-09-01 14:48:05.619 UTC: 	 Executing command :
 voms-proxy-info --vo --file /tmp/x509up_u178888
DEBUG 2026-09-01 14:48:05.653 UTC: 	 output : cms

 error: 
 retcode : 0
DEBUG 2026-09-01 14:48:05.654 UTC: 	 Getting proxy life time left
DEBUG 2026-09-01 14:48:05.654 UTC: 	 Executing command :
 voms-proxy-info --actimeleft --timeleft --file /tmp/x509up_u178888
DEBUG 2026-09-01 14:48:05.684 UTC: 	 output : 603837
603837

 error: 
 retcode : 0
DEBUG 2026-09-01 14:48:05.684 UTC: 	 Proxy valid for 167:43:57 hours
DEBUG 2026-09-01 14:48:05.685 UTC: 	 Encoded data for curl request: subresource=delegatedn
DEBUG 2026-09-01 14:48:05.735 UTC: 	 Registering user credentials on myproxy for /DC=ch/DC=cern/OU=Organic Units/OU=Users/CN=cmscrab/CN=(817881|373708)/CN=Robot: cms crab|/DC=ch/DC=cern/OU=Organic Units/OU=Users/CN=crabint1/CN=373708/CN=Robot: CMS CRAB Integration 1
DEBUG 2026-09-01 14:48:05.735 UTC: 	 Executing command :
 voms-proxy-info --identity --file /tmp/x509up_u178888
DEBUG 2026-09-01 14:48:05.768 UTC: 	 output : /DC=ch/DC=cern/OU=Organic Units/OU=Users/CN=ffiore/CN=883264/CN=Francesca Fiore

 error: 
 retcode : 0
DEBUG 2026-09-01 14:48:05.768 UTC: 	 Getting myproxy life time left for 1108dd7240a979e136768c977b197b9a1dace71c
DEBUG 2026-09-01 14:48:05.768 UTC: 	 Executing command :
 myproxy-info -s myproxy.cern.ch -l 1108dd7240a979e136768c977b197b9a1dace71c
DEBUG 2026-09-01 14:48:06.044 UTC: 	 output : username: 1108dd7240a979e136768c977b197b9a1dace71c
owner: /DC=ch/DC=cern/OU=Organic Units/OU=Users/CN=ffiore/CN=883264/CN=Francesca Fiore
  renewal policy: /DC=ch/DC=cern/OU=Organic Units/OU=Users/CN=cmscrab/CN=(817881|373708)/CN=Robot: cms crab|/DC=ch/DC=cern/OU=Organic Units/OU=Users/CN=crabint1/CN=373708/CN=Robot: CMS CRAB Integration 1
  trusted retrieval policy: /DC=ch/DC=cern/OU=Organic Units/OU=Users/CN=cmscrab/CN=(817881|373708)/CN=Robot: cms crab|/DC=ch/DC=cern/OU=Organic Units/OU=Users/CN=crabint1/CN=373708/CN=Robot: CMS CRAB Integration 1
  timeleft: 719:50:36  (30.0 days)

 error: 
 retcode : 0
DEBUG 2026-09-01 14:48:06.045 UTC: 	 Myproxy is valid: 2591400
DEBUG 2026-09-01 14:48:06.045 UTC: 	 Result of myproxy credential check:
  Credential exists on myproxy: username: 1108dd7240a979e136768c977b197b9a1dace71c  - validity: 29 days, 23:50:00
DEBUG 2026-09-01 14:48:06.045 UTC: 	 Retrieving username ...
DEBUG 2026-09-01 14:48:06.045 UTC: 	 Retrieving username from CRIC...
DEBUG 2026-09-01 14:48:06.814 UTC: 	 username is ffiore
INFO 2026-09-01 14:48:07.929 UTC: 	 Rucio client intialized for account ffiore
DEBUG 2026-09-01 14:48:07.930 UTC: 	 Command use: status
DEBUG 2026-09-01 14:48:07.930 UTC: 	 Options use: ['-d', 'VBS_semilep_ZZ_EWK_2024_v15/crab_VBS_semilep_ZZ_EWK_2024_v15']
DEBUG 2026-09-01 14:48:07.930 UTC: 	 Encoded data for curl request: subresource=version
DEBUG 2026-09-01 14:48:07.971 UTC: 	 CRABClient version: v3.260630
DEBUG 2026-09-01 14:48:07.972 UTC: 	 Instance is prod
DEBUG 2026-09-01 14:48:07.972 UTC: 	 Server base url is cmsweb.cern.ch
DEBUG 2026-09-01 14:48:07.972 UTC: 	 Command api workflow
DEBUG 2026-09-01 14:48:07.972 UTC: 	 Encoded data for curl request: subresource=search&workflow=260901_144431%3Affiore_crab_VBS_semilep_ZZ_EWK_2024_v15
DEBUG 2026-09-01 14:48:08.020 UTC: 	 Got information from server oracle database: {'desc': {'columns': ['tm_taskname', 'tm_activity', 'tm_task_status', 'tm_task_command', 'tm_start_time', 'tm_start_injection', 'tm_end_injection', 'tm_task_failure', 'tm_job_sw', 'tm_job_arch', 'tm_input_dataset', 'tm_nonvalid_input_dataset', 'tm_use_parent', 'tm_site_whitelist', 'tm_site_blacklist', 'tm_split_algo', 'tm_split_args', 'tm_user_sandbox', 'tm_cache_url', 'tm_username', 'tm_user_dn', 'tm_user_vo', 'tm_user_role', 'tm_user_group', 'tm_publish_name', 'tm_publish_groupname', 'tm_asyncdest', 'tm_dbs_url', 'tm_publish_dbs_url', 'tm_publication', 'tm_outfiles', 'tm_tfile_outfiles', 'tm_edm_outfiles', 'tm_job_type', 'tm_generator', 'tm_events_per_lumi', 'tm_arguments', 'tm_save_logs', 'tw_name', 'tm_user_infiles', 'tm_maxjobruntime', 'tm_numcores', 'tm_maxmemory', 'tm_priority', 'tm_output_dataset', 'tm_task_warnings', 'tm_user_webdir', 'tm_scriptexe', 'tm_scriptargs', 'tm_extrajdl', 'tm_collector', 'tm_schedd', 'tm_dry_run', 'tm_user_files', 'tm_transfer_outputs', 'tm_output_lfn', 'tm_ignore_locality', 'tm_fail_limit', 'tm_one_event_mode', 'tm_secondary_input_dataset', 'tm_primary_dataset', 'tm_last_publication', 'tm_debug_files', 'clusterid', 'tm_ignore_global_blacklist', 'tm_submitter_ip_addr', 'tm_totalunits', 'tm_ddm_reqid', 'tm_user_config', 'tm_transfer_container', 'tm_transfer_rule', 'tm_publish_rule', 'tm_multipub_rule', 'tm_job_min_microarch', 'tm_dagman_status', 'tm_num_jobs', 'tm_uploaded']}, 'result': ['260901_144431:ffiore_crab_VBS_semilep_ZZ_EWK_2024_v15', 'None', 'SUBMITTED', 'SUBMIT', '2026-09-01 14:44:31.616930', 'None', '2026-09-01 14:45:08.868905', 'None', 'CMSSW_14_0_19', 'el8_amd64_gcc12', 'None', 'F', '0', '[]', '[]', 'EventBased', "{'halt_job_on_file_boundaries': False, 'splitOnRun': False, 'events_per_job': 20, 'runs': [], 'lumis': []}", '327bd52f595f48c090078a053cc387f51dc21d47f20d04959cb8ce4f1e43640d.tar.gz', 'S3/crabcache_prod', 'ffiore', '/DC=ch/DC=cern/OU=Organic Units/OU=Users/CN=ffiore/CN=883264/CN=Francesca Fiore', 'cms', 'None', 'None', 'VBS_semilep_ZZ_EWK_2024_v15-00000000000000000000000000000000', 'F', 'T2_IT_Legnaro', 'https://cmsweb.cern.ch/dbs/prod/global/DBSReader', 'https://cmsweb.cern.ch/dbs/prod/phys03/DBSWriter', 'F', "['RunIII2024Summer24NanoAODv15.root']", '[]', '[]', 'PrivateMC', 'pythia', '20', '{}', 'F', 'crab-prod-tw01', '[]', '1250', '4', '8000', '10', 'None', '[]', 'http://vocms0107.cern.ch/mon/ffiore/260901_144431:ffiore_crab_VBS_semilep_ZZ_EWK_2024_v15', 'run_chain_Run3.sh', "['inputGridpack=/eos/user/f/ffiore/VBS/Gridpacks/ZZ/VBS_ZZ_semilep_el8_amd64_gcc10_CMSSW_12_4_8_tarball.tar.xz', 'nEvents=20', 'nThreads=4']", '[]', 'None', 'crab3@vocms0107.cern.ch', 'F', '[]', 'T', '/store/user/ffiore/', 'F', 'None', 'F', 'None', 'VBS_semilep_ZZ_EWK_2024_v15', 'None', '94a8f19f1e3b9ef3cc8dadb1c94796add14982c3c24a1b0d73813a0222aa640c.tar.gz', '157556329', 'F', '188.184.75.82', '40.0', 'None', '{"partialdataset": false, "requireaccelerator": false, "acceleratorparams": null, "inputblocks": null}', 'None', 'None', 'None', 'None', 'any', 'RUNNING', '2', 'T']}
INFO 2026-09-01 14:48:08.021 UTC: 	 CRAB project directory:		/afs/cern.ch/user/f/ffiore/work/produzione/crab_MC_private/VBS_semilep_ZZ_EWK_2024_v15/crab_VBS_semilep_ZZ_EWK_2024_v15
INFO 2026-09-01 14:48:08.021 UTC: 	 Task name:			260901_144431:ffiore_crab_VBS_semilep_ZZ_EWK_2024_v15
INFO 2026-09-01 14:48:08.021 UTC: 	 Grid scheduler - Task Worker:	crab3@vocms0107.cern.ch - crab-prod-tw01
INFO 2026-09-01 14:48:08.021 UTC: 	 Status on the CRAB server:	SUBMITTED
INFO 2026-09-01 14:48:08.021 UTC: 	 Task URL to use for HELP:	https://cmsweb.cern.ch/crabserver/ui/task/260901_144431%3Affiore_crab_VBS_semilep_ZZ_EWK_2024_v15
INFO 2026-09-01 14:48:08.030 UTC: 	 Dashboard monitoring URL:	https://monit-grafana.cern.ch/d/cmsTMDetail/cms-task-monitoring-task-view?orgId=11&var-user=ffiore&var-task=260901_144431%3Affiore_crab_VBS_semilep_ZZ_EWK_2024_v15&from=1788270271000&to=now
DEBUG 2026-09-01 14:48:08.030 UTC: 	 The CRAB server submitted your task to the Grid scheduler (cluster ID: 157556329)
DEBUG 2026-09-01 14:48:08.030 UTC: 	 Webdir is located at http://vocms0107.cern.ch/mon/ffiore/260901_144431:ffiore_crab_VBS_semilep_ZZ_EWK_2024_v15
DEBUG 2026-09-01 14:48:08.030 UTC: 	 Encoded data for curl request: subresource=webdirprx&workflow=260901_144431%3Affiore_crab_VBS_semilep_ZZ_EWK_2024_v15
DEBUG 2026-09-01 14:48:08.082 UTC: 	 Proxied webdir is located at https://cmsweb.cern.ch/scheddmon/0107/ffiore/260901_144431:ffiore_crab_VBS_semilep_ZZ_EWK_2024_v15
DEBUG 2026-09-01 14:48:08.083 UTC: 	 Retrieving 'status_cache' file from https://cmsweb.cern.ch/scheddmon/0107/ffiore/260901_144431:ffiore_crab_VBS_semilep_ZZ_EWK_2024_v15/status_cache.pkl
DEBUG 2026-09-01 14:48:08.083 UTC: 	 Will execute:
curl -sS --capath /etc/grid-security/certificates --cert /tmp/x509up_u178888 --key /tmp/x509up_u178888 -o /tmp/crab_status-cache-m_2hapij.pkl -w %"{http_code}" "https://cmsweb.cern.ch/scheddmon/0107/ffiore/260901_144431:ffiore_crab_VBS_semilep_ZZ_EWK_2024_v15/status_cache.pkl"
DEBUG 2026-09-01 14:48:08.083 UTC: 	 Executing command :
 curl -sS --capath /etc/grid-security/certificates --cert /tmp/x509up_u178888 --key /tmp/x509up_u178888 -o /tmp/crab_status-cache-m_2hapij.pkl -w %"{http_code}" "https://cmsweb.cern.ch/scheddmon/0107/ffiore/260901_144431:ffiore_crab_VBS_semilep_ZZ_EWK_2024_v15/status_cache.pkl"
DEBUG 2026-09-01 14:48:08.121 UTC: 	 output : 200
 error: 
 retcode : 0
DEBUG 2026-09-01 14:48:08.122 UTC: 	 exitcode: 0
stdout: 200
stderr: 
error details: 
DEBUG 2026-09-01 14:48:08.122 UTC: 	 Got information from status cache file: {'1': {'Retries': 0, 'Restarts': 0, 'SiteHistory': ['Unknown'], 'ResidentSetSize': [0], 'SubmitTimes': [1788273972.0], 'StartTimes': [], 'EndTimes': [], 'TotalUserCpuTimeHistory': [0.0], 'TotalSysCpuTimeHistory': [0.0], 'WallDurations': [0], 'JobIds': ['157556364.0'], 'State': 'running', 'RecordedSite': False}, '2': {'Retries': 0, 'Restarts': 0, 'SiteHistory': ['Unknown'], 'ResidentSetSize': [0], 'SubmitTimes': [1788273972.0], 'StartTimes': [], 'EndTimes': [], 'TotalUserCpuTimeHistory': [0.0], 'TotalSysCpuTimeHistory': [0.0], 'WallDurations': [0], 'JobIds': ['157556365.0'], 'State': 'running', 'RecordedSite': False}}
INFO 2026-09-01 14:48:08.122 UTC: 	 Status on the scheduler:	RUNNING
INFO 2026-09-01 14:48:08.122 UTC: 	 
Jobs status:                    running      		100.0% (2/2)
INFO 2026-09-01 14:48:08.122 UTC: 	 
No publication information (publication has been disabled in the CRAB configuration file)
INFO 2026-09-01 14:48:08.125 UTC: 	 Log file is /afs/cern.ch/user/f/ffiore/work/produzione/crab_MC_private/VBS_semilep_ZZ_EWK_2024_v15/crab_VBS_semilep_ZZ_EWK_2024_v15/crab.log
DEBUG 2026-09-01 14:48:12.701 UTC: 	 CRAB Client version: v3.260630
DEBUG 2026-09-01 14:48:12.701 UTC: 	 Running on: Linux lxplus813.cern.ch 4.18.0-553.151.1.el8_10.x86_64 #1 SMP Sun Aug 2 20:57:00 EDT 2026 x86_64 x86_64 x86_64 GNU/Linux
DEBUG 2026-09-01 14:48:12.701 UTC: 	 Not using Singularity
DEBUG 2026-09-01 14:48:12.701 UTC: 	 Operating System: Red Hat Enterprise Linux 8.10 (Ootpa)
DEBUG 2026-09-01 14:48:12.701 UTC: 	 Executing command: 'status'
DEBUG 2026-09-01 14:48:12.702 UTC: 	 Found CRAB cache file /afs/cern.ch/user/f/ffiore/.crab3
DEBUG 2026-09-01 14:48:12.710 UTC: 	 Checking credentials
DEBUG 2026-09-01 14:48:12.710 UTC: 	 Found proxy file /tmp/x509up_u178888
DEBUG 2026-09-01 14:48:12.710 UTC: 	 Making sure it has proper VOMS extension
DEBUG 2026-09-01 14:48:12.710 UTC: 	 Executing command :
 voms-proxy-info --vo --file /tmp/x509up_u178888
DEBUG 2026-09-01 14:48:12.740 UTC: 	 output : cms

 error: 
 retcode : 0
DEBUG 2026-09-01 14:48:12.740 UTC: 	 Getting proxy life time left
DEBUG 2026-09-01 14:48:12.740 UTC: 	 Executing command :
 voms-proxy-info --actimeleft --timeleft --file /tmp/x509up_u178888
DEBUG 2026-09-01 14:48:12.768 UTC: 	 output : 603830
603830

 error: 
 retcode : 0
DEBUG 2026-09-01 14:48:12.768 UTC: 	 Proxy valid for 167:43:50 hours
DEBUG 2026-09-01 14:48:12.769 UTC: 	 Encoded data for curl request: subresource=delegatedn
DEBUG 2026-09-01 14:48:12.818 UTC: 	 Registering user credentials on myproxy for /DC=ch/DC=cern/OU=Organic Units/OU=Users/CN=cmscrab/CN=(817881|373708)/CN=Robot: cms crab|/DC=ch/DC=cern/OU=Organic Units/OU=Users/CN=crabint1/CN=373708/CN=Robot: CMS CRAB Integration 1
DEBUG 2026-09-01 14:48:12.818 UTC: 	 Executing command :
 voms-proxy-info --identity --file /tmp/x509up_u178888
DEBUG 2026-09-01 14:48:12.842 UTC: 	 output : /DC=ch/DC=cern/OU=Organic Units/OU=Users/CN=ffiore/CN=883264/CN=Francesca Fiore

 error: 
 retcode : 0
DEBUG 2026-09-01 14:48:12.843 UTC: 	 Getting myproxy life time left for 1108dd7240a979e136768c977b197b9a1dace71c
DEBUG 2026-09-01 14:48:12.843 UTC: 	 Executing command :
 myproxy-info -s myproxy.cern.ch -l 1108dd7240a979e136768c977b197b9a1dace71c
DEBUG 2026-09-01 14:48:13.136 UTC: 	 output : username: 1108dd7240a979e136768c977b197b9a1dace71c
owner: /DC=ch/DC=cern/OU=Organic Units/OU=Users/CN=ffiore/CN=883264/CN=Francesca Fiore
  renewal policy: /DC=ch/DC=cern/OU=Organic Units/OU=Users/CN=cmscrab/CN=(817881|373708)/CN=Robot: cms crab|/DC=ch/DC=cern/OU=Organic Units/OU=Users/CN=crabint1/CN=373708/CN=Robot: CMS CRAB Integration 1
  trusted retrieval policy: /DC=ch/DC=cern/OU=Organic Units/OU=Users/CN=cmscrab/CN=(817881|373708)/CN=Robot: cms crab|/DC=ch/DC=cern/OU=Organic Units/OU=Users/CN=crabint1/CN=373708/CN=Robot: CMS CRAB Integration 1
  timeleft: 719:50:29  (30.0 days)

 error: 
 retcode : 0
DEBUG 2026-09-01 14:48:13.136 UTC: 	 Myproxy is valid: 2591400
DEBUG 2026-09-01 14:48:13.136 UTC: 	 Result of myproxy credential check:
  Credential exists on myproxy: username: 1108dd7240a979e136768c977b197b9a1dace71c  - validity: 29 days, 23:50:00
DEBUG 2026-09-01 14:48:13.136 UTC: 	 Retrieving username ...
DEBUG 2026-09-01 14:48:13.136 UTC: 	 Retrieving username from CRIC...
DEBUG 2026-09-01 14:48:13.957 UTC: 	 username is ffiore
INFO 2026-09-01 14:48:14.851 UTC: 	 Rucio client intialized for account ffiore
DEBUG 2026-09-01 14:48:14.851 UTC: 	 Command use: status
DEBUG 2026-09-01 14:48:14.851 UTC: 	 Options use: ['-d', 'VBS_semilep_ZZ_EWK_2024_v15/crab_VBS_semilep_ZZ_EWK_2024_v15']
DEBUG 2026-09-01 14:48:14.851 UTC: 	 Encoded data for curl request: subresource=version
DEBUG 2026-09-01 14:48:14.898 UTC: 	 CRABClient version: v3.260630
DEBUG 2026-09-01 14:48:14.898 UTC: 	 Instance is prod
DEBUG 2026-09-01 14:48:14.898 UTC: 	 Server base url is cmsweb.cern.ch
DEBUG 2026-09-01 14:48:14.898 UTC: 	 Command api workflow
DEBUG 2026-09-01 14:48:14.898 UTC: 	 Encoded data for curl request: subresource=search&workflow=260901_144431%3Affiore_crab_VBS_semilep_ZZ_EWK_2024_v15
DEBUG 2026-09-01 14:48:14.943 UTC: 	 Got information from server oracle database: {'desc': {'columns': ['tm_taskname', 'tm_activity', 'tm_task_status', 'tm_task_command', 'tm_start_time', 'tm_start_injection', 'tm_end_injection', 'tm_task_failure', 'tm_job_sw', 'tm_job_arch', 'tm_input_dataset', 'tm_nonvalid_input_dataset', 'tm_use_parent', 'tm_site_whitelist', 'tm_site_blacklist', 'tm_split_algo', 'tm_split_args', 'tm_user_sandbox', 'tm_cache_url', 'tm_username', 'tm_user_dn', 'tm_user_vo', 'tm_user_role', 'tm_user_group', 'tm_publish_name', 'tm_publish_groupname', 'tm_asyncdest', 'tm_dbs_url', 'tm_publish_dbs_url', 'tm_publication', 'tm_outfiles', 'tm_tfile_outfiles', 'tm_edm_outfiles', 'tm_job_type', 'tm_generator', 'tm_events_per_lumi', 'tm_arguments', 'tm_save_logs', 'tw_name', 'tm_user_infiles', 'tm_maxjobruntime', 'tm_numcores', 'tm_maxmemory', 'tm_priority', 'tm_output_dataset', 'tm_task_warnings', 'tm_user_webdir', 'tm_scriptexe', 'tm_scriptargs', 'tm_extrajdl', 'tm_collector', 'tm_schedd', 'tm_dry_run', 'tm_user_files', 'tm_transfer_outputs', 'tm_output_lfn', 'tm_ignore_locality', 'tm_fail_limit', 'tm_one_event_mode', 'tm_secondary_input_dataset', 'tm_primary_dataset', 'tm_last_publication', 'tm_debug_files', 'clusterid', 'tm_ignore_global_blacklist', 'tm_submitter_ip_addr', 'tm_totalunits', 'tm_ddm_reqid', 'tm_user_config', 'tm_transfer_container', 'tm_transfer_rule', 'tm_publish_rule', 'tm_multipub_rule', 'tm_job_min_microarch', 'tm_dagman_status', 'tm_num_jobs', 'tm_uploaded']}, 'result': ['260901_144431:ffiore_crab_VBS_semilep_ZZ_EWK_2024_v15', 'None', 'SUBMITTED', 'SUBMIT', '2026-09-01 14:44:31.616930', 'None', '2026-09-01 14:45:08.868905', 'None', 'CMSSW_14_0_19', 'el8_amd64_gcc12', 'None', 'F', '0', '[]', '[]', 'EventBased', "{'halt_job_on_file_boundaries': False, 'splitOnRun': False, 'events_per_job': 20, 'runs': [], 'lumis': []}", '327bd52f595f48c090078a053cc387f51dc21d47f20d04959cb8ce4f1e43640d.tar.gz', 'S3/crabcache_prod', 'ffiore', '/DC=ch/DC=cern/OU=Organic Units/OU=Users/CN=ffiore/CN=883264/CN=Francesca Fiore', 'cms', 'None', 'None', 'VBS_semilep_ZZ_EWK_2024_v15-00000000000000000000000000000000', 'F', 'T2_IT_Legnaro', 'https://cmsweb.cern.ch/dbs/prod/global/DBSReader', 'https://cmsweb.cern.ch/dbs/prod/phys03/DBSWriter', 'F', "['RunIII2024Summer24NanoAODv15.root']", '[]', '[]', 'PrivateMC', 'pythia', '20', '{}', 'F', 'crab-prod-tw01', '[]', '1250', '4', '8000', '10', 'None', '[]', 'http://vocms0107.cern.ch/mon/ffiore/260901_144431:ffiore_crab_VBS_semilep_ZZ_EWK_2024_v15', 'run_chain_Run3.sh', "['inputGridpack=/eos/user/f/ffiore/VBS/Gridpacks/ZZ/VBS_ZZ_semilep_el8_amd64_gcc10_CMSSW_12_4_8_tarball.tar.xz', 'nEvents=20', 'nThreads=4']", '[]', 'None', 'crab3@vocms0107.cern.ch', 'F', '[]', 'T', '/store/user/ffiore/', 'F', 'None', 'F', 'None', 'VBS_semilep_ZZ_EWK_2024_v15', 'None', '94a8f19f1e3b9ef3cc8dadb1c94796add14982c3c24a1b0d73813a0222aa640c.tar.gz', '157556329', 'F', '188.184.75.82', '40.0', 'None', '{"partialdataset": false, "requireaccelerator": false, "acceleratorparams": null, "inputblocks": null}', 'None', 'None', 'None', 'None', 'any', 'RUNNING', '2', 'T']}
INFO 2026-09-01 14:48:14.944 UTC: 	 CRAB project directory:		/afs/cern.ch/user/f/ffiore/work/produzione/crab_MC_private/VBS_semilep_ZZ_EWK_2024_v15/crab_VBS_semilep_ZZ_EWK_2024_v15
INFO 2026-09-01 14:48:14.944 UTC: 	 Task name:			260901_144431:ffiore_crab_VBS_semilep_ZZ_EWK_2024_v15
INFO 2026-09-01 14:48:14.944 UTC: 	 Grid scheduler - Task Worker:	crab3@vocms0107.cern.ch - crab-prod-tw01
INFO 2026-09-01 14:48:14.944 UTC: 	 Status on the CRAB server:	SUBMITTED
INFO 2026-09-01 14:48:14.944 UTC: 	 Task URL to use for HELP:	https://cmsweb.cern.ch/crabserver/ui/task/260901_144431%3Affiore_crab_VBS_semilep_ZZ_EWK_2024_v15
INFO 2026-09-01 14:48:14.953 UTC: 	 Dashboard monitoring URL:	https://monit-grafana.cern.ch/d/cmsTMDetail/cms-task-monitoring-task-view?orgId=11&var-user=ffiore&var-task=260901_144431%3Affiore_crab_VBS_semilep_ZZ_EWK_2024_v15&from=1788270271000&to=now
DEBUG 2026-09-01 14:48:14.953 UTC: 	 The CRAB server submitted your task to the Grid scheduler (cluster ID: 157556329)
DEBUG 2026-09-01 14:48:14.953 UTC: 	 Webdir is located at http://vocms0107.cern.ch/mon/ffiore/260901_144431:ffiore_crab_VBS_semilep_ZZ_EWK_2024_v15
DEBUG 2026-09-01 14:48:14.954 UTC: 	 Encoded data for curl request: subresource=webdirprx&workflow=260901_144431%3Affiore_crab_VBS_semilep_ZZ_EWK_2024_v15
DEBUG 2026-09-01 14:48:15.017 UTC: 	 Proxied webdir is located at https://cmsweb.cern.ch/scheddmon/0107/ffiore/260901_144431:ffiore_crab_VBS_semilep_ZZ_EWK_2024_v15
DEBUG 2026-09-01 14:48:15.017 UTC: 	 Retrieving 'status_cache' file from https://cmsweb.cern.ch/scheddmon/0107/ffiore/260901_144431:ffiore_crab_VBS_semilep_ZZ_EWK_2024_v15/status_cache.pkl
DEBUG 2026-09-01 14:48:15.017 UTC: 	 Will execute:
curl -sS --capath /etc/grid-security/certificates --cert /tmp/x509up_u178888 --key /tmp/x509up_u178888 -o /tmp/crab_status-cache-y9z4fp7e.pkl -w %"{http_code}" "https://cmsweb.cern.ch/scheddmon/0107/ffiore/260901_144431:ffiore_crab_VBS_semilep_ZZ_EWK_2024_v15/status_cache.pkl"
DEBUG 2026-09-01 14:48:15.017 UTC: 	 Executing command :
 curl -sS --capath /etc/grid-security/certificates --cert /tmp/x509up_u178888 --key /tmp/x509up_u178888 -o /tmp/crab_status-cache-y9z4fp7e.pkl -w %"{http_code}" "https://cmsweb.cern.ch/scheddmon/0107/ffiore/260901_144431:ffiore_crab_VBS_semilep_ZZ_EWK_2024_v15/status_cache.pkl"
DEBUG 2026-09-01 14:48:15.061 UTC: 	 output : 200
 error: 
 retcode : 0
DEBUG 2026-09-01 14:48:15.061 UTC: 	 exitcode: 0
stdout: 200
stderr: 
error details: 
DEBUG 2026-09-01 14:48:15.061 UTC: 	 Got information from status cache file: {'1': {'Retries': 0, 'Restarts': 0, 'SiteHistory': ['Unknown'], 'ResidentSetSize': [0], 'SubmitTimes': [1788273972.0], 'StartTimes': [], 'EndTimes': [], 'TotalUserCpuTimeHistory': [0.0], 'TotalSysCpuTimeHistory': [0.0], 'WallDurations': [0], 'JobIds': ['157556364.0'], 'State': 'running', 'RecordedSite': False}, '2': {'Retries': 0, 'Restarts': 0, 'SiteHistory': ['Unknown'], 'ResidentSetSize': [0], 'SubmitTimes': [1788273972.0], 'StartTimes': [], 'EndTimes': [], 'TotalUserCpuTimeHistory': [0.0], 'TotalSysCpuTimeHistory': [0.0], 'WallDurations': [0], 'JobIds': ['157556365.0'], 'State': 'running', 'RecordedSite': False}}
INFO 2026-09-01 14:48:15.061 UTC: 	 Status on the scheduler:	RUNNING
INFO 2026-09-01 14:48:15.062 UTC: 	 
Jobs status:                    running      		100.0% (2/2)
INFO 2026-09-01 14:48:15.062 UTC: 	 
No publication information (publication has been disabled in the CRAB configuration file)
INFO 2026-09-01 14:48:15.064 UTC: 	 Log file is /afs/cern.ch/user/f/ffiore/work/produzione/crab_MC_private/VBS_semilep_ZZ_EWK_2024_v15/crab_VBS_semilep_ZZ_EWK_2024_v15/crab.log
DEBUG 2026-09-01 14:48:37.605 UTC: 	 CRAB Client version: v3.260630
DEBUG 2026-09-01 14:48:37.606 UTC: 	 Running on: Linux lxplus813.cern.ch 4.18.0-553.151.1.el8_10.x86_64 #1 SMP Sun Aug 2 20:57:00 EDT 2026 x86_64 x86_64 x86_64 GNU/Linux
DEBUG 2026-09-01 14:48:37.606 UTC: 	 Not using Singularity
DEBUG 2026-09-01 14:48:37.606 UTC: 	 Operating System: Red Hat Enterprise Linux 8.10 (Ootpa)
DEBUG 2026-09-01 14:48:37.606 UTC: 	 Executing command: 'status'
DEBUG 2026-09-01 14:48:37.606 UTC: 	 Found CRAB cache file /afs/cern.ch/user/f/ffiore/.crab3
DEBUG 2026-09-01 14:48:37.614 UTC: 	 Checking credentials
DEBUG 2026-09-01 14:48:37.614 UTC: 	 Found proxy file /tmp/x509up_u178888
DEBUG 2026-09-01 14:48:37.614 UTC: 	 Making sure it has proper VOMS extension
DEBUG 2026-09-01 14:48:37.614 UTC: 	 Executing command :
 voms-proxy-info --vo --file /tmp/x509up_u178888
DEBUG 2026-09-01 14:48:37.640 UTC: 	 output : cms

 error: 
 retcode : 0
DEBUG 2026-09-01 14:48:37.640 UTC: 	 Getting proxy life time left
DEBUG 2026-09-01 14:48:37.640 UTC: 	 Executing command :
 voms-proxy-info --actimeleft --timeleft --file /tmp/x509up_u178888
DEBUG 2026-09-01 14:48:37.662 UTC: 	 output : 603805
603805

 error: 
 retcode : 0
DEBUG 2026-09-01 14:48:37.662 UTC: 	 Proxy valid for 167:43:25 hours
DEBUG 2026-09-01 14:48:37.663 UTC: 	 Encoded data for curl request: subresource=delegatedn
DEBUG 2026-09-01 14:48:37.720 UTC: 	 Registering user credentials on myproxy for /DC=ch/DC=cern/OU=Organic Units/OU=Users/CN=cmscrab/CN=(817881|373708)/CN=Robot: cms crab|/DC=ch/DC=cern/OU=Organic Units/OU=Users/CN=crabint1/CN=373708/CN=Robot: CMS CRAB Integration 1
DEBUG 2026-09-01 14:48:37.720 UTC: 	 Executing command :
 voms-proxy-info --identity --file /tmp/x509up_u178888
DEBUG 2026-09-01 14:48:37.747 UTC: 	 output : /DC=ch/DC=cern/OU=Organic Units/OU=Users/CN=ffiore/CN=883264/CN=Francesca Fiore

 error: 
 retcode : 0
DEBUG 2026-09-01 14:48:37.747 UTC: 	 Getting myproxy life time left for 1108dd7240a979e136768c977b197b9a1dace71c
DEBUG 2026-09-01 14:48:37.748 UTC: 	 Executing command :
 myproxy-info -s myproxy.cern.ch -l 1108dd7240a979e136768c977b197b9a1dace71c
DEBUG 2026-09-01 14:48:38.060 UTC: 	 output : username: 1108dd7240a979e136768c977b197b9a1dace71c
owner: /DC=ch/DC=cern/OU=Organic Units/OU=Users/CN=ffiore/CN=883264/CN=Francesca Fiore
  renewal policy: /DC=ch/DC=cern/OU=Organic Units/OU=Users/CN=cmscrab/CN=(817881|373708)/CN=Robot: cms crab|/DC=ch/DC=cern/OU=Organic Units/OU=Users/CN=crabint1/CN=373708/CN=Robot: CMS CRAB Integration 1
  trusted retrieval policy: /DC=ch/DC=cern/OU=Organic Units/OU=Users/CN=cmscrab/CN=(817881|373708)/CN=Robot: cms crab|/DC=ch/DC=cern/OU=Organic Units/OU=Users/CN=crabint1/CN=373708/CN=Robot: CMS CRAB Integration 1
  timeleft: 719:50:04  (30.0 days)

 error: 
 retcode : 0
DEBUG 2026-09-01 14:48:38.060 UTC: 	 Myproxy is valid: 2591400
DEBUG 2026-09-01 14:48:38.060 UTC: 	 Result of myproxy credential check:
  Credential exists on myproxy: username: 1108dd7240a979e136768c977b197b9a1dace71c  - validity: 29 days, 23:50:00
DEBUG 2026-09-01 14:48:38.060 UTC: 	 Retrieving username ...
DEBUG 2026-09-01 14:48:38.060 UTC: 	 Retrieving username from CRIC...
DEBUG 2026-09-01 14:48:39.603 UTC: 	 username is ffiore
INFO 2026-09-01 14:48:48.454 UTC: 	 Rucio client intialized for account ffiore
DEBUG 2026-09-01 14:48:48.456 UTC: 	 Command use: status
DEBUG 2026-09-01 14:48:48.456 UTC: 	 Options use: ['-d', 'VBS_semilep_ZZ_EWK_2024_v15/crab_VBS_semilep_ZZ_EWK_2024_v15']
DEBUG 2026-09-01 14:48:48.456 UTC: 	 Encoded data for curl request: subresource=version
DEBUG 2026-09-01 14:48:48.727 UTC: 	 CRABClient version: v3.260630
DEBUG 2026-09-01 14:48:48.727 UTC: 	 Instance is prod
DEBUG 2026-09-01 14:48:48.727 UTC: 	 Server base url is cmsweb.cern.ch
DEBUG 2026-09-01 14:48:48.727 UTC: 	 Command api workflow
DEBUG 2026-09-01 14:48:48.727 UTC: 	 Encoded data for curl request: subresource=search&workflow=260901_144431%3Affiore_crab_VBS_semilep_ZZ_EWK_2024_v15
DEBUG 2026-09-01 14:48:48.984 UTC: 	 Got information from server oracle database: {'desc': {'columns': ['tm_taskname', 'tm_activity', 'tm_task_status', 'tm_task_command', 'tm_start_time', 'tm_start_injection', 'tm_end_injection', 'tm_task_failure', 'tm_job_sw', 'tm_job_arch', 'tm_input_dataset', 'tm_nonvalid_input_dataset', 'tm_use_parent', 'tm_site_whitelist', 'tm_site_blacklist', 'tm_split_algo', 'tm_split_args', 'tm_user_sandbox', 'tm_cache_url', 'tm_username', 'tm_user_dn', 'tm_user_vo', 'tm_user_role', 'tm_user_group', 'tm_publish_name', 'tm_publish_groupname', 'tm_asyncdest', 'tm_dbs_url', 'tm_publish_dbs_url', 'tm_publication', 'tm_outfiles', 'tm_tfile_outfiles', 'tm_edm_outfiles', 'tm_job_type', 'tm_generator', 'tm_events_per_lumi', 'tm_arguments', 'tm_save_logs', 'tw_name', 'tm_user_infiles', 'tm_maxjobruntime', 'tm_numcores', 'tm_maxmemory', 'tm_priority', 'tm_output_dataset', 'tm_task_warnings', 'tm_user_webdir', 'tm_scriptexe', 'tm_scriptargs', 'tm_extrajdl', 'tm_collector', 'tm_schedd', 'tm_dry_run', 'tm_user_files', 'tm_transfer_outputs', 'tm_output_lfn', 'tm_ignore_locality', 'tm_fail_limit', 'tm_one_event_mode', 'tm_secondary_input_dataset', 'tm_primary_dataset', 'tm_last_publication', 'tm_debug_files', 'clusterid', 'tm_ignore_global_blacklist', 'tm_submitter_ip_addr', 'tm_totalunits', 'tm_ddm_reqid', 'tm_user_config', 'tm_transfer_container', 'tm_transfer_rule', 'tm_publish_rule', 'tm_multipub_rule', 'tm_job_min_microarch', 'tm_dagman_status', 'tm_num_jobs', 'tm_uploaded']}, 'result': ['260901_144431:ffiore_crab_VBS_semilep_ZZ_EWK_2024_v15', 'None', 'SUBMITTED', 'SUBMIT', '2026-09-01 14:44:31.616930', 'None', '2026-09-01 14:45:08.868905', 'None', 'CMSSW_14_0_19', 'el8_amd64_gcc12', 'None', 'F', '0', '[]', '[]', 'EventBased', "{'halt_job_on_file_boundaries': False, 'splitOnRun': False, 'events_per_job': 20, 'runs': [], 'lumis': []}", '327bd52f595f48c090078a053cc387f51dc21d47f20d04959cb8ce4f1e43640d.tar.gz', 'S3/crabcache_prod', 'ffiore', '/DC=ch/DC=cern/OU=Organic Units/OU=Users/CN=ffiore/CN=883264/CN=Francesca Fiore', 'cms', 'None', 'None', 'VBS_semilep_ZZ_EWK_2024_v15-00000000000000000000000000000000', 'F', 'T2_IT_Legnaro', 'https://cmsweb.cern.ch/dbs/prod/global/DBSReader', 'https://cmsweb.cern.ch/dbs/prod/phys03/DBSWriter', 'F', "['RunIII2024Summer24NanoAODv15.root']", '[]', '[]', 'PrivateMC', 'pythia', '20', '{}', 'F', 'crab-prod-tw01', '[]', '1250', '4', '8000', '10', 'None', '[]', 'http://vocms0107.cern.ch/mon/ffiore/260901_144431:ffiore_crab_VBS_semilep_ZZ_EWK_2024_v15', 'run_chain_Run3.sh', "['inputGridpack=/eos/user/f/ffiore/VBS/Gridpacks/ZZ/VBS_ZZ_semilep_el8_amd64_gcc10_CMSSW_12_4_8_tarball.tar.xz', 'nEvents=20', 'nThreads=4']", '[]', 'None', 'crab3@vocms0107.cern.ch', 'F', '[]', 'T', '/store/user/ffiore/', 'F', 'None', 'F', 'None', 'VBS_semilep_ZZ_EWK_2024_v15', 'None', '94a8f19f1e3b9ef3cc8dadb1c94796add14982c3c24a1b0d73813a0222aa640c.tar.gz', '157556329', 'F', '188.184.75.82', '40.0', 'None', '{"partialdataset": false, "requireaccelerator": false, "acceleratorparams": null, "inputblocks": null}', 'None', 'None', 'None', 'None', 'any', 'RUNNING', '2', 'T']}
INFO 2026-09-01 14:48:48.985 UTC: 	 CRAB project directory:		/afs/cern.ch/user/f/ffiore/work/produzione/crab_MC_private/VBS_semilep_ZZ_EWK_2024_v15/crab_VBS_semilep_ZZ_EWK_2024_v15
INFO 2026-09-01 14:48:48.985 UTC: 	 Task name:			260901_144431:ffiore_crab_VBS_semilep_ZZ_EWK_2024_v15
INFO 2026-09-01 14:48:48.985 UTC: 	 Grid scheduler - Task Worker:	crab3@vocms0107.cern.ch - crab-prod-tw01
INFO 2026-09-01 14:48:48.985 UTC: 	 Status on the CRAB server:	SUBMITTED
INFO 2026-09-01 14:48:48.985 UTC: 	 Task URL to use for HELP:	https://cmsweb.cern.ch/crabserver/ui/task/260901_144431%3Affiore_crab_VBS_semilep_ZZ_EWK_2024_v15
INFO 2026-09-01 14:48:49.056 UTC: 	 Dashboard monitoring URL:	https://monit-grafana.cern.ch/d/cmsTMDetail/cms-task-monitoring-task-view?orgId=11&var-user=ffiore&var-task=260901_144431%3Affiore_crab_VBS_semilep_ZZ_EWK_2024_v15&from=1788270271000&to=now
DEBUG 2026-09-01 14:48:49.056 UTC: 	 The CRAB server submitted your task to the Grid scheduler (cluster ID: 157556329)
DEBUG 2026-09-01 14:48:49.056 UTC: 	 Webdir is located at http://vocms0107.cern.ch/mon/ffiore/260901_144431:ffiore_crab_VBS_semilep_ZZ_EWK_2024_v15
DEBUG 2026-09-01 14:48:49.057 UTC: 	 Encoded data for curl request: subresource=webdirprx&workflow=260901_144431%3Affiore_crab_VBS_semilep_ZZ_EWK_2024_v15
DEBUG 2026-09-01 14:48:49.165 UTC: 	 Proxied webdir is located at https://cmsweb.cern.ch/scheddmon/0107/ffiore/260901_144431:ffiore_crab_VBS_semilep_ZZ_EWK_2024_v15
DEBUG 2026-09-01 14:48:49.165 UTC: 	 Retrieving 'status_cache' file from https://cmsweb.cern.ch/scheddmon/0107/ffiore/260901_144431:ffiore_crab_VBS_semilep_ZZ_EWK_2024_v15/status_cache.pkl
DEBUG 2026-09-01 14:48:49.165 UTC: 	 Will execute:
curl -sS --capath /etc/grid-security/certificates --cert /tmp/x509up_u178888 --key /tmp/x509up_u178888 -o /tmp/crab_status-cache-5nq97nas.pkl -w %"{http_code}" "https://cmsweb.cern.ch/scheddmon/0107/ffiore/260901_144431:ffiore_crab_VBS_semilep_ZZ_EWK_2024_v15/status_cache.pkl"
DEBUG 2026-09-01 14:48:49.165 UTC: 	 Executing command :
 curl -sS --capath /etc/grid-security/certificates --cert /tmp/x509up_u178888 --key /tmp/x509up_u178888 -o /tmp/crab_status-cache-5nq97nas.pkl -w %"{http_code}" "https://cmsweb.cern.ch/scheddmon/0107/ffiore/260901_144431:ffiore_crab_VBS_semilep_ZZ_EWK_2024_v15/status_cache.pkl"
DEBUG 2026-09-01 14:48:49.248 UTC: 	 output : 200
 error: 
 retcode : 0
DEBUG 2026-09-01 14:48:49.249 UTC: 	 exitcode: 0
stdout: 200
stderr: 
error details: 
DEBUG 2026-09-01 14:48:49.249 UTC: 	 Got information from status cache file: {'1': {'Retries': 0, 'Restarts': 0, 'SiteHistory': ['Unknown'], 'ResidentSetSize': [0], 'SubmitTimes': [1788273972.0], 'StartTimes': [], 'EndTimes': [], 'TotalUserCpuTimeHistory': [0.0], 'TotalSysCpuTimeHistory': [0.0], 'WallDurations': [0], 'JobIds': ['157556364.0'], 'State': 'running', 'RecordedSite': False}, '2': {'Retries': 0, 'Restarts': 0, 'SiteHistory': ['Unknown'], 'ResidentSetSize': [0], 'SubmitTimes': [1788273972.0], 'StartTimes': [], 'EndTimes': [], 'TotalUserCpuTimeHistory': [0.0], 'TotalSysCpuTimeHistory': [0.0], 'WallDurations': [0], 'JobIds': ['157556365.0'], 'State': 'running', 'RecordedSite': False}}
INFO 2026-09-01 14:48:49.249 UTC: 	 Status on the scheduler:	RUNNING
INFO 2026-09-01 14:48:49.249 UTC: 	 
Jobs status:                    running      		100.0% (2/2)
INFO 2026-09-01 14:48:49.250 UTC: 	 
No publication information (publication has been disabled in the CRAB configuration file)
INFO 2026-09-01 14:48:49.253 UTC: 	 Log file is /afs/cern.ch/user/f/ffiore/work/produzione/crab_MC_private/VBS_semilep_ZZ_EWK_2024_v15/crab_VBS_semilep_ZZ_EWK_2024_v15/crab.log
DEBUG 2026-09-01 14:48:55.542 UTC: 	 CRAB Client version: v3.260630
DEBUG 2026-09-01 14:48:55.543 UTC: 	 Running on: Linux lxplus813.cern.ch 4.18.0-553.151.1.el8_10.x86_64 #1 SMP Sun Aug 2 20:57:00 EDT 2026 x86_64 x86_64 x86_64 GNU/Linux
DEBUG 2026-09-01 14:48:55.543 UTC: 	 Not using Singularity
DEBUG 2026-09-01 14:48:55.543 UTC: 	 Operating System: Red Hat Enterprise Linux 8.10 (Ootpa)
DEBUG 2026-09-01 14:48:55.543 UTC: 	 Executing command: 'status'
DEBUG 2026-09-01 14:48:55.544 UTC: 	 Found CRAB cache file /afs/cern.ch/user/f/ffiore/.crab3
DEBUG 2026-09-01 14:48:55.585 UTC: 	 Checking credentials
DEBUG 2026-09-01 14:48:55.586 UTC: 	 Found proxy file /tmp/x509up_u178888
DEBUG 2026-09-01 14:48:55.586 UTC: 	 Making sure it has proper VOMS extension
DEBUG 2026-09-01 14:48:55.586 UTC: 	 Executing command :
 voms-proxy-info --vo --file /tmp/x509up_u178888
DEBUG 2026-09-01 14:48:55.684 UTC: 	 output : cms

 error: 
 retcode : 0
DEBUG 2026-09-01 14:48:55.684 UTC: 	 Getting proxy life time left
DEBUG 2026-09-01 14:48:55.685 UTC: 	 Executing command :
 voms-proxy-info --actimeleft --timeleft --file /tmp/x509up_u178888
DEBUG 2026-09-01 14:48:55.749 UTC: 	 output : 603787
603787

 error: 
 retcode : 0
DEBUG 2026-09-01 14:48:55.750 UTC: 	 Proxy valid for 167:43:07 hours
DEBUG 2026-09-01 14:48:55.750 UTC: 	 Encoded data for curl request: subresource=delegatedn
DEBUG 2026-09-01 14:48:55.945 UTC: 	 Registering user credentials on myproxy for /DC=ch/DC=cern/OU=Organic Units/OU=Users/CN=cmscrab/CN=(817881|373708)/CN=Robot: cms crab|/DC=ch/DC=cern/OU=Organic Units/OU=Users/CN=crabint1/CN=373708/CN=Robot: CMS CRAB Integration 1
DEBUG 2026-09-01 14:48:55.945 UTC: 	 Executing command :
 voms-proxy-info --identity --file /tmp/x509up_u178888
DEBUG 2026-09-01 14:48:56.016 UTC: 	 output : /DC=ch/DC=cern/OU=Organic Units/OU=Users/CN=ffiore/CN=883264/CN=Francesca Fiore

 error: 
 retcode : 0
DEBUG 2026-09-01 14:48:56.016 UTC: 	 Getting myproxy life time left for 1108dd7240a979e136768c977b197b9a1dace71c
DEBUG 2026-09-01 14:48:56.016 UTC: 	 Executing command :
 myproxy-info -s myproxy.cern.ch -l 1108dd7240a979e136768c977b197b9a1dace71c
DEBUG 2026-09-01 14:48:56.345 UTC: 	 output : username: 1108dd7240a979e136768c977b197b9a1dace71c
owner: /DC=ch/DC=cern/OU=Organic Units/OU=Users/CN=ffiore/CN=883264/CN=Francesca Fiore
  renewal policy: /DC=ch/DC=cern/OU=Organic Units/OU=Users/CN=cmscrab/CN=(817881|373708)/CN=Robot: cms crab|/DC=ch/DC=cern/OU=Organic Units/OU=Users/CN=crabint1/CN=373708/CN=Robot: CMS CRAB Integration 1
  trusted retrieval policy: /DC=ch/DC=cern/OU=Organic Units/OU=Users/CN=cmscrab/CN=(817881|373708)/CN=Robot: cms crab|/DC=ch/DC=cern/OU=Organic Units/OU=Users/CN=crabint1/CN=373708/CN=Robot: CMS CRAB Integration 1
  timeleft: 719:49:46  (30.0 days)

 error: 
 retcode : 0
DEBUG 2026-09-01 14:48:56.346 UTC: 	 Myproxy is valid: 2591340
DEBUG 2026-09-01 14:48:56.346 UTC: 	 Result of myproxy credential check:
  Credential exists on myproxy: username: 1108dd7240a979e136768c977b197b9a1dace71c  - validity: 29 days, 23:49:00
DEBUG 2026-09-01 14:48:56.346 UTC: 	 Retrieving username ...
DEBUG 2026-09-01 14:48:56.346 UTC: 	 Retrieving username from CRIC...
DEBUG 2026-09-01 14:48:57.258 UTC: 	 username is ffiore
INFO 2026-09-01 14:48:58.220 UTC: 	 Rucio client intialized for account ffiore
DEBUG 2026-09-01 14:48:58.220 UTC: 	 Command use: status
DEBUG 2026-09-01 14:48:58.220 UTC: 	 Options use: ['-d', 'VBS_semilep_ZZ_EWK_2024_v15/crab_VBS_semilep_ZZ_EWK_2024_v15']
DEBUG 2026-09-01 14:48:58.221 UTC: 	 Encoded data for curl request: subresource=version
DEBUG 2026-09-01 14:48:58.269 UTC: 	 CRABClient version: v3.260630
DEBUG 2026-09-01 14:48:58.269 UTC: 	 Instance is prod
DEBUG 2026-09-01 14:48:58.269 UTC: 	 Server base url is cmsweb.cern.ch
DEBUG 2026-09-01 14:48:58.269 UTC: 	 Command api workflow
DEBUG 2026-09-01 14:48:58.270 UTC: 	 Encoded data for curl request: subresource=search&workflow=260901_144431%3Affiore_crab_VBS_semilep_ZZ_EWK_2024_v15
DEBUG 2026-09-01 14:48:58.324 UTC: 	 Got information from server oracle database: {'desc': {'columns': ['tm_taskname', 'tm_activity', 'tm_task_status', 'tm_task_command', 'tm_start_time', 'tm_start_injection', 'tm_end_injection', 'tm_task_failure', 'tm_job_sw', 'tm_job_arch', 'tm_input_dataset', 'tm_nonvalid_input_dataset', 'tm_use_parent', 'tm_site_whitelist', 'tm_site_blacklist', 'tm_split_algo', 'tm_split_args', 'tm_user_sandbox', 'tm_cache_url', 'tm_username', 'tm_user_dn', 'tm_user_vo', 'tm_user_role', 'tm_user_group', 'tm_publish_name', 'tm_publish_groupname', 'tm_asyncdest', 'tm_dbs_url', 'tm_publish_dbs_url', 'tm_publication', 'tm_outfiles', 'tm_tfile_outfiles', 'tm_edm_outfiles', 'tm_job_type', 'tm_generator', 'tm_events_per_lumi', 'tm_arguments', 'tm_save_logs', 'tw_name', 'tm_user_infiles', 'tm_maxjobruntime', 'tm_numcores', 'tm_maxmemory', 'tm_priority', 'tm_output_dataset', 'tm_task_warnings', 'tm_user_webdir', 'tm_scriptexe', 'tm_scriptargs', 'tm_extrajdl', 'tm_collector', 'tm_schedd', 'tm_dry_run', 'tm_user_files', 'tm_transfer_outputs', 'tm_output_lfn', 'tm_ignore_locality', 'tm_fail_limit', 'tm_one_event_mode', 'tm_secondary_input_dataset', 'tm_primary_dataset', 'tm_last_publication', 'tm_debug_files', 'clusterid', 'tm_ignore_global_blacklist', 'tm_submitter_ip_addr', 'tm_totalunits', 'tm_ddm_reqid', 'tm_user_config', 'tm_transfer_container', 'tm_transfer_rule', 'tm_publish_rule', 'tm_multipub_rule', 'tm_job_min_microarch', 'tm_dagman_status', 'tm_num_jobs', 'tm_uploaded']}, 'result': ['260901_144431:ffiore_crab_VBS_semilep_ZZ_EWK_2024_v15', 'None', 'SUBMITTED', 'SUBMIT', '2026-09-01 14:44:31.616930', 'None', '2026-09-01 14:45:08.868905', 'None', 'CMSSW_14_0_19', 'el8_amd64_gcc12', 'None', 'F', '0', '[]', '[]', 'EventBased', "{'halt_job_on_file_boundaries': False, 'splitOnRun': False, 'events_per_job': 20, 'runs': [], 'lumis': []}", '327bd52f595f48c090078a053cc387f51dc21d47f20d04959cb8ce4f1e43640d.tar.gz', 'S3/crabcache_prod', 'ffiore', '/DC=ch/DC=cern/OU=Organic Units/OU=Users/CN=ffiore/CN=883264/CN=Francesca Fiore', 'cms', 'None', 'None', 'VBS_semilep_ZZ_EWK_2024_v15-00000000000000000000000000000000', 'F', 'T2_IT_Legnaro', 'https://cmsweb.cern.ch/dbs/prod/global/DBSReader', 'https://cmsweb.cern.ch/dbs/prod/phys03/DBSWriter', 'F', "['RunIII2024Summer24NanoAODv15.root']", '[]', '[]', 'PrivateMC', 'pythia', '20', '{}', 'F', 'crab-prod-tw01', '[]', '1250', '4', '8000', '10', 'None', '[]', 'http://vocms0107.cern.ch/mon/ffiore/260901_144431:ffiore_crab_VBS_semilep_ZZ_EWK_2024_v15', 'run_chain_Run3.sh', "['inputGridpack=/eos/user/f/ffiore/VBS/Gridpacks/ZZ/VBS_ZZ_semilep_el8_amd64_gcc10_CMSSW_12_4_8_tarball.tar.xz', 'nEvents=20', 'nThreads=4']", '[]', 'None', 'crab3@vocms0107.cern.ch', 'F', '[]', 'T', '/store/user/ffiore/', 'F', 'None', 'F', 'None', 'VBS_semilep_ZZ_EWK_2024_v15', 'None', '94a8f19f1e3b9ef3cc8dadb1c94796add14982c3c24a1b0d73813a0222aa640c.tar.gz', '157556329', 'F', '188.184.75.82', '40.0', 'None', '{"partialdataset": false, "requireaccelerator": false, "acceleratorparams": null, "inputblocks": null}', 'None', 'None', 'None', 'None', 'any', 'RUNNING', '2', 'T']}
INFO 2026-09-01 14:48:58.325 UTC: 	 CRAB project directory:		/afs/cern.ch/user/f/ffiore/work/produzione/crab_MC_private/VBS_semilep_ZZ_EWK_2024_v15/crab_VBS_semilep_ZZ_EWK_2024_v15
INFO 2026-09-01 14:48:58.325 UTC: 	 Task name:			260901_144431:ffiore_crab_VBS_semilep_ZZ_EWK_2024_v15
INFO 2026-09-01 14:48:58.325 UTC: 	 Grid scheduler - Task Worker:	crab3@vocms0107.cern.ch - crab-prod-tw01
INFO 2026-09-01 14:48:58.325 UTC: 	 Status on the CRAB server:	SUBMITTED
INFO 2026-09-01 14:48:58.325 UTC: 	 Task URL to use for HELP:	https://cmsweb.cern.ch/crabserver/ui/task/260901_144431%3Affiore_crab_VBS_semilep_ZZ_EWK_2024_v15
INFO 2026-09-01 14:48:58.334 UTC: 	 Dashboard monitoring URL:	https://monit-grafana.cern.ch/d/cmsTMDetail/cms-task-monitoring-task-view?orgId=11&var-user=ffiore&var-task=260901_144431%3Affiore_crab_VBS_semilep_ZZ_EWK_2024_v15&from=1788270271000&to=now
DEBUG 2026-09-01 14:48:58.334 UTC: 	 The CRAB server submitted your task to the Grid scheduler (cluster ID: 157556329)
DEBUG 2026-09-01 14:48:58.334 UTC: 	 Webdir is located at http://vocms0107.cern.ch/mon/ffiore/260901_144431:ffiore_crab_VBS_semilep_ZZ_EWK_2024_v15
DEBUG 2026-09-01 14:48:58.334 UTC: 	 Encoded data for curl request: subresource=webdirprx&workflow=260901_144431%3Affiore_crab_VBS_semilep_ZZ_EWK_2024_v15
DEBUG 2026-09-01 14:48:58.383 UTC: 	 Proxied webdir is located at https://cmsweb.cern.ch/scheddmon/0107/ffiore/260901_144431:ffiore_crab_VBS_semilep_ZZ_EWK_2024_v15
DEBUG 2026-09-01 14:48:58.384 UTC: 	 Retrieving 'status_cache' file from https://cmsweb.cern.ch/scheddmon/0107/ffiore/260901_144431:ffiore_crab_VBS_semilep_ZZ_EWK_2024_v15/status_cache.pkl
DEBUG 2026-09-01 14:48:58.384 UTC: 	 Will execute:
curl -sS --capath /etc/grid-security/certificates --cert /tmp/x509up_u178888 --key /tmp/x509up_u178888 -o /tmp/crab_status-cache-7xirn8kl.pkl -w %"{http_code}" "https://cmsweb.cern.ch/scheddmon/0107/ffiore/260901_144431:ffiore_crab_VBS_semilep_ZZ_EWK_2024_v15/status_cache.pkl"
DEBUG 2026-09-01 14:48:58.384 UTC: 	 Executing command :
 curl -sS --capath /etc/grid-security/certificates --cert /tmp/x509up_u178888 --key /tmp/x509up_u178888 -o /tmp/crab_status-cache-7xirn8kl.pkl -w %"{http_code}" "https://cmsweb.cern.ch/scheddmon/0107/ffiore/260901_144431:ffiore_crab_VBS_semilep_ZZ_EWK_2024_v15/status_cache.pkl"
DEBUG 2026-09-01 14:48:58.434 UTC: 	 output : 200
 error: 
 retcode : 0
DEBUG 2026-09-01 14:48:58.434 UTC: 	 exitcode: 0
stdout: 200
stderr: 
error details: 
DEBUG 2026-09-01 14:48:58.435 UTC: 	 Got information from status cache file: {'1': {'Retries': 0, 'Restarts': 0, 'SiteHistory': ['Unknown'], 'ResidentSetSize': [0], 'SubmitTimes': [1788273972.0], 'StartTimes': [], 'EndTimes': [], 'TotalUserCpuTimeHistory': [0.0], 'TotalSysCpuTimeHistory': [0.0], 'WallDurations': [0], 'JobIds': ['157556364.0'], 'State': 'running', 'RecordedSite': False}, '2': {'Retries': 0, 'Restarts': 0, 'SiteHistory': ['Unknown'], 'ResidentSetSize': [0], 'SubmitTimes': [1788273972.0], 'StartTimes': [], 'EndTimes': [], 'TotalUserCpuTimeHistory': [0.0], 'TotalSysCpuTimeHistory': [0.0], 'WallDurations': [0], 'JobIds': ['157556365.0'], 'State': 'running', 'RecordedSite': False}}
INFO 2026-09-01 14:48:58.435 UTC: 	 Status on the scheduler:	RUNNING
INFO 2026-09-01 14:48:58.435 UTC: 	 
Jobs status:                    running      		100.0% (2/2)
INFO 2026-09-01 14:48:58.435 UTC: 	 
No publication information (publication has been disabled in the CRAB configuration file)
INFO 2026-09-01 14:48:58.438 UTC: 	 Log file is /afs/cern.ch/user/f/ffiore/work/produzione/crab_MC_private/VBS_semilep_ZZ_EWK_2024_v15/crab_VBS_semilep_ZZ_EWK_2024_v15/crab.log
DEBUG 2026-09-01 14:49:02.855 UTC: 	 CRAB Client version: v3.260630
DEBUG 2026-09-01 14:49:02.855 UTC: 	 Running on: Linux lxplus813.cern.ch 4.18.0-553.151.1.el8_10.x86_64 #1 SMP Sun Aug 2 20:57:00 EDT 2026 x86_64 x86_64 x86_64 GNU/Linux
DEBUG 2026-09-01 14:49:02.855 UTC: 	 Not using Singularity
DEBUG 2026-09-01 14:49:02.855 UTC: 	 Operating System: Red Hat Enterprise Linux 8.10 (Ootpa)
DEBUG 2026-09-01 14:49:02.855 UTC: 	 Executing command: 'status'
DEBUG 2026-09-01 14:49:02.856 UTC: 	 Found CRAB cache file /afs/cern.ch/user/f/ffiore/.crab3
DEBUG 2026-09-01 14:49:02.863 UTC: 	 Checking credentials
DEBUG 2026-09-01 14:49:02.863 UTC: 	 Found proxy file /tmp/x509up_u178888
DEBUG 2026-09-01 14:49:02.863 UTC: 	 Making sure it has proper VOMS extension
DEBUG 2026-09-01 14:49:02.863 UTC: 	 Executing command :
 voms-proxy-info --vo --file /tmp/x509up_u178888
DEBUG 2026-09-01 14:49:02.888 UTC: 	 output : cms

 error: 
 retcode : 0
DEBUG 2026-09-01 14:49:02.888 UTC: 	 Getting proxy life time left
DEBUG 2026-09-01 14:49:02.888 UTC: 	 Executing command :
 voms-proxy-info --actimeleft --timeleft --file /tmp/x509up_u178888
DEBUG 2026-09-01 14:49:02.919 UTC: 	 output : 603780
603780

 error: 
 retcode : 0
DEBUG 2026-09-01 14:49:02.920 UTC: 	 Proxy valid for 167:43:00 hours
DEBUG 2026-09-01 14:49:02.920 UTC: 	 Encoded data for curl request: subresource=delegatedn
DEBUG 2026-09-01 14:49:02.969 UTC: 	 Registering user credentials on myproxy for /DC=ch/DC=cern/OU=Organic Units/OU=Users/CN=cmscrab/CN=(817881|373708)/CN=Robot: cms crab|/DC=ch/DC=cern/OU=Organic Units/OU=Users/CN=crabint1/CN=373708/CN=Robot: CMS CRAB Integration 1
DEBUG 2026-09-01 14:49:02.970 UTC: 	 Executing command :
 voms-proxy-info --identity --file /tmp/x509up_u178888
DEBUG 2026-09-01 14:49:02.993 UTC: 	 output : /DC=ch/DC=cern/OU=Organic Units/OU=Users/CN=ffiore/CN=883264/CN=Francesca Fiore

 error: 
 retcode : 0
DEBUG 2026-09-01 14:49:02.994 UTC: 	 Getting myproxy life time left for 1108dd7240a979e136768c977b197b9a1dace71c
DEBUG 2026-09-01 14:49:02.994 UTC: 	 Executing command :
 myproxy-info -s myproxy.cern.ch -l 1108dd7240a979e136768c977b197b9a1dace71c
DEBUG 2026-09-01 14:49:03.286 UTC: 	 output : username: 1108dd7240a979e136768c977b197b9a1dace71c
owner: /DC=ch/DC=cern/OU=Organic Units/OU=Users/CN=ffiore/CN=883264/CN=Francesca Fiore
  renewal policy: /DC=ch/DC=cern/OU=Organic Units/OU=Users/CN=cmscrab/CN=(817881|373708)/CN=Robot: cms crab|/DC=ch/DC=cern/OU=Organic Units/OU=Users/CN=crabint1/CN=373708/CN=Robot: CMS CRAB Integration 1
  trusted retrieval policy: /DC=ch/DC=cern/OU=Organic Units/OU=Users/CN=cmscrab/CN=(817881|373708)/CN=Robot: cms crab|/DC=ch/DC=cern/OU=Organic Units/OU=Users/CN=crabint1/CN=373708/CN=Robot: CMS CRAB Integration 1
  timeleft: 719:49:39  (30.0 days)

 error: 
 retcode : 0
DEBUG 2026-09-01 14:49:03.286 UTC: 	 Myproxy is valid: 2591340
DEBUG 2026-09-01 14:49:03.286 UTC: 	 Result of myproxy credential check:
  Credential exists on myproxy: username: 1108dd7240a979e136768c977b197b9a1dace71c  - validity: 29 days, 23:49:00
DEBUG 2026-09-01 14:49:03.286 UTC: 	 Retrieving username ...
DEBUG 2026-09-01 14:49:03.286 UTC: 	 Retrieving username from CRIC...
DEBUG 2026-09-01 14:49:04.107 UTC: 	 username is ffiore
INFO 2026-09-01 14:49:05.135 UTC: 	 Rucio client intialized for account ffiore
DEBUG 2026-09-01 14:49:05.136 UTC: 	 Command use: status
DEBUG 2026-09-01 14:49:05.136 UTC: 	 Options use: ['-d', 'VBS_semilep_ZZ_EWK_2024_v15/crab_VBS_semilep_ZZ_EWK_2024_v15']
DEBUG 2026-09-01 14:49:05.136 UTC: 	 Encoded data for curl request: subresource=version
DEBUG 2026-09-01 14:49:05.184 UTC: 	 CRABClient version: v3.260630
DEBUG 2026-09-01 14:49:05.184 UTC: 	 Instance is prod
DEBUG 2026-09-01 14:49:05.184 UTC: 	 Server base url is cmsweb.cern.ch
DEBUG 2026-09-01 14:49:05.184 UTC: 	 Command api workflow
DEBUG 2026-09-01 14:49:05.184 UTC: 	 Encoded data for curl request: subresource=search&workflow=260901_144431%3Affiore_crab_VBS_semilep_ZZ_EWK_2024_v15
DEBUG 2026-09-01 14:49:05.249 UTC: 	 Got information from server oracle database: {'desc': {'columns': ['tm_taskname', 'tm_activity', 'tm_task_status', 'tm_task_command', 'tm_start_time', 'tm_start_injection', 'tm_end_injection', 'tm_task_failure', 'tm_job_sw', 'tm_job_arch', 'tm_input_dataset', 'tm_nonvalid_input_dataset', 'tm_use_parent', 'tm_site_whitelist', 'tm_site_blacklist', 'tm_split_algo', 'tm_split_args', 'tm_user_sandbox', 'tm_cache_url', 'tm_username', 'tm_user_dn', 'tm_user_vo', 'tm_user_role', 'tm_user_group', 'tm_publish_name', 'tm_publish_groupname', 'tm_asyncdest', 'tm_dbs_url', 'tm_publish_dbs_url', 'tm_publication', 'tm_outfiles', 'tm_tfile_outfiles', 'tm_edm_outfiles', 'tm_job_type', 'tm_generator', 'tm_events_per_lumi', 'tm_arguments', 'tm_save_logs', 'tw_name', 'tm_user_infiles', 'tm_maxjobruntime', 'tm_numcores', 'tm_maxmemory', 'tm_priority', 'tm_output_dataset', 'tm_task_warnings', 'tm_user_webdir', 'tm_scriptexe', 'tm_scriptargs', 'tm_extrajdl', 'tm_collector', 'tm_schedd', 'tm_dry_run', 'tm_user_files', 'tm_transfer_outputs', 'tm_output_lfn', 'tm_ignore_locality', 'tm_fail_limit', 'tm_one_event_mode', 'tm_secondary_input_dataset', 'tm_primary_dataset', 'tm_last_publication', 'tm_debug_files', 'clusterid', 'tm_ignore_global_blacklist', 'tm_submitter_ip_addr', 'tm_totalunits', 'tm_ddm_reqid', 'tm_user_config', 'tm_transfer_container', 'tm_transfer_rule', 'tm_publish_rule', 'tm_multipub_rule', 'tm_job_min_microarch', 'tm_dagman_status', 'tm_num_jobs', 'tm_uploaded']}, 'result': ['260901_144431:ffiore_crab_VBS_semilep_ZZ_EWK_2024_v15', 'None', 'SUBMITTED', 'SUBMIT', '2026-09-01 14:44:31.616930', 'None', '2026-09-01 14:45:08.868905', 'None', 'CMSSW_14_0_19', 'el8_amd64_gcc12', 'None', 'F', '0', '[]', '[]', 'EventBased', "{'halt_job_on_file_boundaries': False, 'splitOnRun': False, 'events_per_job': 20, 'runs': [], 'lumis': []}", '327bd52f595f48c090078a053cc387f51dc21d47f20d04959cb8ce4f1e43640d.tar.gz', 'S3/crabcache_prod', 'ffiore', '/DC=ch/DC=cern/OU=Organic Units/OU=Users/CN=ffiore/CN=883264/CN=Francesca Fiore', 'cms', 'None', 'None', 'VBS_semilep_ZZ_EWK_2024_v15-00000000000000000000000000000000', 'F', 'T2_IT_Legnaro', 'https://cmsweb.cern.ch/dbs/prod/global/DBSReader', 'https://cmsweb.cern.ch/dbs/prod/phys03/DBSWriter', 'F', "['RunIII2024Summer24NanoAODv15.root']", '[]', '[]', 'PrivateMC', 'pythia', '20', '{}', 'F', 'crab-prod-tw01', '[]', '1250', '4', '8000', '10', 'None', '[]', 'http://vocms0107.cern.ch/mon/ffiore/260901_144431:ffiore_crab_VBS_semilep_ZZ_EWK_2024_v15', 'run_chain_Run3.sh', "['inputGridpack=/eos/user/f/ffiore/VBS/Gridpacks/ZZ/VBS_ZZ_semilep_el8_amd64_gcc10_CMSSW_12_4_8_tarball.tar.xz', 'nEvents=20', 'nThreads=4']", '[]', 'None', 'crab3@vocms0107.cern.ch', 'F', '[]', 'T', '/store/user/ffiore/', 'F', 'None', 'F', 'None', 'VBS_semilep_ZZ_EWK_2024_v15', 'None', '94a8f19f1e3b9ef3cc8dadb1c94796add14982c3c24a1b0d73813a0222aa640c.tar.gz', '157556329', 'F', '188.184.75.82', '40.0', 'None', '{"partialdataset": false, "requireaccelerator": false, "acceleratorparams": null, "inputblocks": null}', 'None', 'None', 'None', 'None', 'any', 'RUNNING', '2', 'T']}
INFO 2026-09-01 14:49:05.249 UTC: 	 CRAB project directory:		/afs/cern.ch/user/f/ffiore/work/produzione/crab_MC_private/VBS_semilep_ZZ_EWK_2024_v15/crab_VBS_semilep_ZZ_EWK_2024_v15
INFO 2026-09-01 14:49:05.249 UTC: 	 Task name:			260901_144431:ffiore_crab_VBS_semilep_ZZ_EWK_2024_v15
INFO 2026-09-01 14:49:05.250 UTC: 	 Grid scheduler - Task Worker:	crab3@vocms0107.cern.ch - crab-prod-tw01
INFO 2026-09-01 14:49:05.250 UTC: 	 Status on the CRAB server:	SUBMITTED
INFO 2026-09-01 14:49:05.250 UTC: 	 Task URL to use for HELP:	https://cmsweb.cern.ch/crabserver/ui/task/260901_144431%3Affiore_crab_VBS_semilep_ZZ_EWK_2024_v15
INFO 2026-09-01 14:49:05.259 UTC: 	 Dashboard monitoring URL:	https://monit-grafana.cern.ch/d/cmsTMDetail/cms-task-monitoring-task-view?orgId=11&var-user=ffiore&var-task=260901_144431%3Affiore_crab_VBS_semilep_ZZ_EWK_2024_v15&from=1788270271000&to=now
DEBUG 2026-09-01 14:49:05.259 UTC: 	 The CRAB server submitted your task to the Grid scheduler (cluster ID: 157556329)
DEBUG 2026-09-01 14:49:05.259 UTC: 	 Webdir is located at http://vocms0107.cern.ch/mon/ffiore/260901_144431:ffiore_crab_VBS_semilep_ZZ_EWK_2024_v15
DEBUG 2026-09-01 14:49:05.260 UTC: 	 Encoded data for curl request: subresource=webdirprx&workflow=260901_144431%3Affiore_crab_VBS_semilep_ZZ_EWK_2024_v15
DEBUG 2026-09-01 14:49:05.309 UTC: 	 Proxied webdir is located at https://cmsweb.cern.ch/scheddmon/0107/ffiore/260901_144431:ffiore_crab_VBS_semilep_ZZ_EWK_2024_v15
DEBUG 2026-09-01 14:49:05.310 UTC: 	 Retrieving 'status_cache' file from https://cmsweb.cern.ch/scheddmon/0107/ffiore/260901_144431:ffiore_crab_VBS_semilep_ZZ_EWK_2024_v15/status_cache.pkl
DEBUG 2026-09-01 14:49:05.310 UTC: 	 Will execute:
curl -sS --capath /etc/grid-security/certificates --cert /tmp/x509up_u178888 --key /tmp/x509up_u178888 -o /tmp/crab_status-cache-79y4b9du.pkl -w %"{http_code}" "https://cmsweb.cern.ch/scheddmon/0107/ffiore/260901_144431:ffiore_crab_VBS_semilep_ZZ_EWK_2024_v15/status_cache.pkl"
DEBUG 2026-09-01 14:49:05.310 UTC: 	 Executing command :
 curl -sS --capath /etc/grid-security/certificates --cert /tmp/x509up_u178888 --key /tmp/x509up_u178888 -o /tmp/crab_status-cache-79y4b9du.pkl -w %"{http_code}" "https://cmsweb.cern.ch/scheddmon/0107/ffiore/260901_144431:ffiore_crab_VBS_semilep_ZZ_EWK_2024_v15/status_cache.pkl"
DEBUG 2026-09-01 14:49:05.356 UTC: 	 output : 200
 error: 
 retcode : 0
DEBUG 2026-09-01 14:49:05.356 UTC: 	 exitcode: 0
stdout: 200
stderr: 
error details: 
DEBUG 2026-09-01 14:49:05.356 UTC: 	 Got information from status cache file: {'1': {'Retries': 0, 'Restarts': 0, 'SiteHistory': ['Unknown'], 'ResidentSetSize': [0], 'SubmitTimes': [1788273972.0], 'StartTimes': [], 'EndTimes': [], 'TotalUserCpuTimeHistory': [0.0], 'TotalSysCpuTimeHistory': [0.0], 'WallDurations': [0], 'JobIds': ['157556364.0'], 'State': 'running', 'RecordedSite': False}, '2': {'Retries': 0, 'Restarts': 0, 'SiteHistory': ['Unknown'], 'ResidentSetSize': [0], 'SubmitTimes': [1788273972.0], 'StartTimes': [], 'EndTimes': [], 'TotalUserCpuTimeHistory': [0.0], 'TotalSysCpuTimeHistory': [0.0], 'WallDurations': [0], 'JobIds': ['157556365.0'], 'State': 'running', 'RecordedSite': False}}
INFO 2026-09-01 14:49:05.356 UTC: 	 Status on the scheduler:	RUNNING
INFO 2026-09-01 14:49:05.357 UTC: 	 
Jobs status:                    running      		100.0% (2/2)
INFO 2026-09-01 14:49:05.357 UTC: 	 
No publication information (publication has been disabled in the CRAB configuration file)
INFO 2026-09-01 14:49:05.358 UTC: 	 Log file is /afs/cern.ch/user/f/ffiore/work/produzione/crab_MC_private/VBS_semilep_ZZ_EWK_2024_v15/crab_VBS_semilep_ZZ_EWK_2024_v15/crab.log
DEBUG 2026-09-01 14:49:09.871 UTC: 	 CRAB Client version: v3.260630
DEBUG 2026-09-01 14:49:09.871 UTC: 	 Running on: Linux lxplus813.cern.ch 4.18.0-553.151.1.el8_10.x86_64 #1 SMP Sun Aug 2 20:57:00 EDT 2026 x86_64 x86_64 x86_64 GNU/Linux
DEBUG 2026-09-01 14:49:09.871 UTC: 	 Not using Singularity
DEBUG 2026-09-01 14:49:09.871 UTC: 	 Operating System: Red Hat Enterprise Linux 8.10 (Ootpa)
DEBUG 2026-09-01 14:49:09.871 UTC: 	 Executing command: 'status'
DEBUG 2026-09-01 14:49:09.871 UTC: 	 Found CRAB cache file /afs/cern.ch/user/f/ffiore/.crab3
DEBUG 2026-09-01 14:49:09.876 UTC: 	 Checking credentials
DEBUG 2026-09-01 14:49:09.876 UTC: 	 Found proxy file /tmp/x509up_u178888
DEBUG 2026-09-01 14:49:09.876 UTC: 	 Making sure it has proper VOMS extension
DEBUG 2026-09-01 14:49:09.876 UTC: 	 Executing command :
 voms-proxy-info --vo --file /tmp/x509up_u178888
DEBUG 2026-09-01 14:49:09.928 UTC: 	 output : cms

 error: 
 retcode : 0
DEBUG 2026-09-01 14:49:09.928 UTC: 	 Getting proxy life time left
DEBUG 2026-09-01 14:49:09.928 UTC: 	 Executing command :
 voms-proxy-info --actimeleft --timeleft --file /tmp/x509up_u178888
DEBUG 2026-09-01 14:49:09.957 UTC: 	 output : 603773
603773

 error: 
 retcode : 0
DEBUG 2026-09-01 14:49:09.957 UTC: 	 Proxy valid for 167:42:53 hours
DEBUG 2026-09-01 14:49:09.957 UTC: 	 Encoded data for curl request: subresource=delegatedn
DEBUG 2026-09-01 14:49:09.995 UTC: 	 Registering user credentials on myproxy for /DC=ch/DC=cern/OU=Organic Units/OU=Users/CN=cmscrab/CN=(817881|373708)/CN=Robot: cms crab|/DC=ch/DC=cern/OU=Organic Units/OU=Users/CN=crabint1/CN=373708/CN=Robot: CMS CRAB Integration 1
DEBUG 2026-09-01 14:49:09.996 UTC: 	 Executing command :
 voms-proxy-info --identity --file /tmp/x509up_u178888
DEBUG 2026-09-01 14:49:10.030 UTC: 	 output : /DC=ch/DC=cern/OU=Organic Units/OU=Users/CN=ffiore/CN=883264/CN=Francesca Fiore

 error: 
 retcode : 0
DEBUG 2026-09-01 14:49:10.031 UTC: 	 Getting myproxy life time left for 1108dd7240a979e136768c977b197b9a1dace71c
DEBUG 2026-09-01 14:49:10.031 UTC: 	 Executing command :
 myproxy-info -s myproxy.cern.ch -l 1108dd7240a979e136768c977b197b9a1dace71c
DEBUG 2026-09-01 14:49:10.312 UTC: 	 output : username: 1108dd7240a979e136768c977b197b9a1dace71c
owner: /DC=ch/DC=cern/OU=Organic Units/OU=Users/CN=ffiore/CN=883264/CN=Francesca Fiore
  renewal policy: /DC=ch/DC=cern/OU=Organic Units/OU=Users/CN=cmscrab/CN=(817881|373708)/CN=Robot: cms crab|/DC=ch/DC=cern/OU=Organic Units/OU=Users/CN=crabint1/CN=373708/CN=Robot: CMS CRAB Integration 1
  trusted retrieval policy: /DC=ch/DC=cern/OU=Organic Units/OU=Users/CN=cmscrab/CN=(817881|373708)/CN=Robot: cms crab|/DC=ch/DC=cern/OU=Organic Units/OU=Users/CN=crabint1/CN=373708/CN=Robot: CMS CRAB Integration 1
  timeleft: 719:49:32  (30.0 days)

 error: 
 retcode : 0
DEBUG 2026-09-01 14:49:10.312 UTC: 	 Myproxy is valid: 2591340
DEBUG 2026-09-01 14:49:10.312 UTC: 	 Result of myproxy credential check:
  Credential exists on myproxy: username: 1108dd7240a979e136768c977b197b9a1dace71c  - validity: 29 days, 23:49:00
DEBUG 2026-09-01 14:49:10.312 UTC: 	 Retrieving username ...
DEBUG 2026-09-01 14:49:10.312 UTC: 	 Retrieving username from CRIC...
DEBUG 2026-09-01 14:49:11.102 UTC: 	 username is ffiore
INFO 2026-09-01 14:49:12.153 UTC: 	 Rucio client intialized for account ffiore
DEBUG 2026-09-01 14:49:12.154 UTC: 	 Command use: status
DEBUG 2026-09-01 14:49:12.154 UTC: 	 Options use: ['-d', 'VBS_semilep_ZZ_EWK_2024_v15/crab_VBS_semilep_ZZ_EWK_2024_v15']
DEBUG 2026-09-01 14:49:12.154 UTC: 	 Encoded data for curl request: subresource=version
DEBUG 2026-09-01 14:49:12.197 UTC: 	 CRABClient version: v3.260630
DEBUG 2026-09-01 14:49:12.197 UTC: 	 Instance is prod
DEBUG 2026-09-01 14:49:12.197 UTC: 	 Server base url is cmsweb.cern.ch
DEBUG 2026-09-01 14:49:12.197 UTC: 	 Command api workflow
DEBUG 2026-09-01 14:49:12.197 UTC: 	 Encoded data for curl request: subresource=search&workflow=260901_144431%3Affiore_crab_VBS_semilep_ZZ_EWK_2024_v15
DEBUG 2026-09-01 14:49:12.242 UTC: 	 Got information from server oracle database: {'desc': {'columns': ['tm_taskname', 'tm_activity', 'tm_task_status', 'tm_task_command', 'tm_start_time', 'tm_start_injection', 'tm_end_injection', 'tm_task_failure', 'tm_job_sw', 'tm_job_arch', 'tm_input_dataset', 'tm_nonvalid_input_dataset', 'tm_use_parent', 'tm_site_whitelist', 'tm_site_blacklist', 'tm_split_algo', 'tm_split_args', 'tm_user_sandbox', 'tm_cache_url', 'tm_username', 'tm_user_dn', 'tm_user_vo', 'tm_user_role', 'tm_user_group', 'tm_publish_name', 'tm_publish_groupname', 'tm_asyncdest', 'tm_dbs_url', 'tm_publish_dbs_url', 'tm_publication', 'tm_outfiles', 'tm_tfile_outfiles', 'tm_edm_outfiles', 'tm_job_type', 'tm_generator', 'tm_events_per_lumi', 'tm_arguments', 'tm_save_logs', 'tw_name', 'tm_user_infiles', 'tm_maxjobruntime', 'tm_numcores', 'tm_maxmemory', 'tm_priority', 'tm_output_dataset', 'tm_task_warnings', 'tm_user_webdir', 'tm_scriptexe', 'tm_scriptargs', 'tm_extrajdl', 'tm_collector', 'tm_schedd', 'tm_dry_run', 'tm_user_files', 'tm_transfer_outputs', 'tm_output_lfn', 'tm_ignore_locality', 'tm_fail_limit', 'tm_one_event_mode', 'tm_secondary_input_dataset', 'tm_primary_dataset', 'tm_last_publication', 'tm_debug_files', 'clusterid', 'tm_ignore_global_blacklist', 'tm_submitter_ip_addr', 'tm_totalunits', 'tm_ddm_reqid', 'tm_user_config', 'tm_transfer_container', 'tm_transfer_rule', 'tm_publish_rule', 'tm_multipub_rule', 'tm_job_min_microarch', 'tm_dagman_status', 'tm_num_jobs', 'tm_uploaded']}, 'result': ['260901_144431:ffiore_crab_VBS_semilep_ZZ_EWK_2024_v15', 'None', 'SUBMITTED', 'SUBMIT', '2026-09-01 14:44:31.616930', 'None', '2026-09-01 14:45:08.868905', 'None', 'CMSSW_14_0_19', 'el8_amd64_gcc12', 'None', 'F', '0', '[]', '[]', 'EventBased', "{'halt_job_on_file_boundaries': False, 'splitOnRun': False, 'events_per_job': 20, 'runs': [], 'lumis': []}", '327bd52f595f48c090078a053cc387f51dc21d47f20d04959cb8ce4f1e43640d.tar.gz', 'S3/crabcache_prod', 'ffiore', '/DC=ch/DC=cern/OU=Organic Units/OU=Users/CN=ffiore/CN=883264/CN=Francesca Fiore', 'cms', 'None', 'None', 'VBS_semilep_ZZ_EWK_2024_v15-00000000000000000000000000000000', 'F', 'T2_IT_Legnaro', 'https://cmsweb.cern.ch/dbs/prod/global/DBSReader', 'https://cmsweb.cern.ch/dbs/prod/phys03/DBSWriter', 'F', "['RunIII2024Summer24NanoAODv15.root']", '[]', '[]', 'PrivateMC', 'pythia', '20', '{}', 'F', 'crab-prod-tw01', '[]', '1250', '4', '8000', '10', 'None', '[]', 'http://vocms0107.cern.ch/mon/ffiore/260901_144431:ffiore_crab_VBS_semilep_ZZ_EWK_2024_v15', 'run_chain_Run3.sh', "['inputGridpack=/eos/user/f/ffiore/VBS/Gridpacks/ZZ/VBS_ZZ_semilep_el8_amd64_gcc10_CMSSW_12_4_8_tarball.tar.xz', 'nEvents=20', 'nThreads=4']", '[]', 'None', 'crab3@vocms0107.cern.ch', 'F', '[]', 'T', '/store/user/ffiore/', 'F', 'None', 'F', 'None', 'VBS_semilep_ZZ_EWK_2024_v15', 'None', '94a8f19f1e3b9ef3cc8dadb1c94796add14982c3c24a1b0d73813a0222aa640c.tar.gz', '157556329', 'F', '188.184.75.82', '40.0', 'None', '{"partialdataset": false, "requireaccelerator": false, "acceleratorparams": null, "inputblocks": null}', 'None', 'None', 'None', 'None', 'any', 'RUNNING', '2', 'T']}
INFO 2026-09-01 14:49:12.242 UTC: 	 CRAB project directory:		/afs/cern.ch/user/f/ffiore/work/produzione/crab_MC_private/VBS_semilep_ZZ_EWK_2024_v15/crab_VBS_semilep_ZZ_EWK_2024_v15
INFO 2026-09-01 14:49:12.242 UTC: 	 Task name:			260901_144431:ffiore_crab_VBS_semilep_ZZ_EWK_2024_v15
INFO 2026-09-01 14:49:12.242 UTC: 	 Grid scheduler - Task Worker:	crab3@vocms0107.cern.ch - crab-prod-tw01
INFO 2026-09-01 14:49:12.243 UTC: 	 Status on the CRAB server:	SUBMITTED
INFO 2026-09-01 14:49:12.243 UTC: 	 Task URL to use for HELP:	https://cmsweb.cern.ch/crabserver/ui/task/260901_144431%3Affiore_crab_VBS_semilep_ZZ_EWK_2024_v15
INFO 2026-09-01 14:49:12.254 UTC: 	 Dashboard monitoring URL:	https://monit-grafana.cern.ch/d/cmsTMDetail/cms-task-monitoring-task-view?orgId=11&var-user=ffiore&var-task=260901_144431%3Affiore_crab_VBS_semilep_ZZ_EWK_2024_v15&from=1788270271000&to=now
DEBUG 2026-09-01 14:49:12.254 UTC: 	 The CRAB server submitted your task to the Grid scheduler (cluster ID: 157556329)
DEBUG 2026-09-01 14:49:12.255 UTC: 	 Webdir is located at http://vocms0107.cern.ch/mon/ffiore/260901_144431:ffiore_crab_VBS_semilep_ZZ_EWK_2024_v15
DEBUG 2026-09-01 14:49:12.255 UTC: 	 Encoded data for curl request: subresource=webdirprx&workflow=260901_144431%3Affiore_crab_VBS_semilep_ZZ_EWK_2024_v15
DEBUG 2026-09-01 14:49:12.300 UTC: 	 Proxied webdir is located at https://cmsweb.cern.ch/scheddmon/0107/ffiore/260901_144431:ffiore_crab_VBS_semilep_ZZ_EWK_2024_v15
DEBUG 2026-09-01 14:49:12.301 UTC: 	 Retrieving 'status_cache' file from https://cmsweb.cern.ch/scheddmon/0107/ffiore/260901_144431:ffiore_crab_VBS_semilep_ZZ_EWK_2024_v15/status_cache.pkl
DEBUG 2026-09-01 14:49:12.301 UTC: 	 Will execute:
curl -sS --capath /etc/grid-security/certificates --cert /tmp/x509up_u178888 --key /tmp/x509up_u178888 -o /tmp/crab_status-cache-txn78ue7.pkl -w %"{http_code}" "https://cmsweb.cern.ch/scheddmon/0107/ffiore/260901_144431:ffiore_crab_VBS_semilep_ZZ_EWK_2024_v15/status_cache.pkl"
DEBUG 2026-09-01 14:49:12.301 UTC: 	 Executing command :
 curl -sS --capath /etc/grid-security/certificates --cert /tmp/x509up_u178888 --key /tmp/x509up_u178888 -o /tmp/crab_status-cache-txn78ue7.pkl -w %"{http_code}" "https://cmsweb.cern.ch/scheddmon/0107/ffiore/260901_144431:ffiore_crab_VBS_semilep_ZZ_EWK_2024_v15/status_cache.pkl"
DEBUG 2026-09-01 14:49:12.343 UTC: 	 output : 200
 error: 
 retcode : 0
DEBUG 2026-09-01 14:49:12.343 UTC: 	 exitcode: 0
stdout: 200
stderr: 
error details: 
DEBUG 2026-09-01 14:49:12.344 UTC: 	 Got information from status cache file: {'1': {'Retries': 0, 'Restarts': 0, 'SiteHistory': ['Unknown'], 'ResidentSetSize': [0], 'SubmitTimes': [1788273972.0], 'StartTimes': [], 'EndTimes': [], 'TotalUserCpuTimeHistory': [0.0], 'TotalSysCpuTimeHistory': [0.0], 'WallDurations': [0], 'JobIds': ['157556364.0'], 'State': 'running', 'RecordedSite': False}, '2': {'Retries': 0, 'Restarts': 0, 'SiteHistory': ['Unknown'], 'ResidentSetSize': [0], 'SubmitTimes': [1788273972.0], 'StartTimes': [], 'EndTimes': [], 'TotalUserCpuTimeHistory': [0.0], 'TotalSysCpuTimeHistory': [0.0], 'WallDurations': [0], 'JobIds': ['157556365.0'], 'State': 'running', 'RecordedSite': False}}
INFO 2026-09-01 14:49:12.344 UTC: 	 Status on the scheduler:	RUNNING
INFO 2026-09-01 14:49:12.344 UTC: 	 
Jobs status:                    running      		100.0% (2/2)
INFO 2026-09-01 14:49:12.344 UTC: 	 
No publication information (publication has been disabled in the CRAB configuration file)
INFO 2026-09-01 14:49:12.346 UTC: 	 Log file is /afs/cern.ch/user/f/ffiore/work/produzione/crab_MC_private/VBS_semilep_ZZ_EWK_2024_v15/crab_VBS_semilep_ZZ_EWK_2024_v15/crab.log
DEBUG 2026-09-01 14:49:16.658 UTC: 	 CRAB Client version: v3.260630
DEBUG 2026-09-01 14:49:16.658 UTC: 	 Running on: Linux lxplus813.cern.ch 4.18.0-553.151.1.el8_10.x86_64 #1 SMP Sun Aug 2 20:57:00 EDT 2026 x86_64 x86_64 x86_64 GNU/Linux
DEBUG 2026-09-01 14:49:16.659 UTC: 	 Not using Singularity
DEBUG 2026-09-01 14:49:16.659 UTC: 	 Operating System: Red Hat Enterprise Linux 8.10 (Ootpa)
DEBUG 2026-09-01 14:49:16.659 UTC: 	 Executing command: 'status'
DEBUG 2026-09-01 14:49:16.659 UTC: 	 Found CRAB cache file /afs/cern.ch/user/f/ffiore/.crab3
DEBUG 2026-09-01 14:49:16.665 UTC: 	 Checking credentials
DEBUG 2026-09-01 14:49:16.665 UTC: 	 Found proxy file /tmp/x509up_u178888
DEBUG 2026-09-01 14:49:16.665 UTC: 	 Making sure it has proper VOMS extension
DEBUG 2026-09-01 14:49:16.665 UTC: 	 Executing command :
 voms-proxy-info --vo --file /tmp/x509up_u178888
DEBUG 2026-09-01 14:49:16.699 UTC: 	 output : cms

 error: 
 retcode : 0
DEBUG 2026-09-01 14:49:16.699 UTC: 	 Getting proxy life time left
DEBUG 2026-09-01 14:49:16.699 UTC: 	 Executing command :
 voms-proxy-info --actimeleft --timeleft --file /tmp/x509up_u178888
DEBUG 2026-09-01 14:49:16.722 UTC: 	 output : 603766
603766

 error: 
 retcode : 0
DEBUG 2026-09-01 14:49:16.722 UTC: 	 Proxy valid for 167:42:46 hours
DEBUG 2026-09-01 14:49:16.723 UTC: 	 Encoded data for curl request: subresource=delegatedn
DEBUG 2026-09-01 14:49:16.768 UTC: 	 Registering user credentials on myproxy for /DC=ch/DC=cern/OU=Organic Units/OU=Users/CN=cmscrab/CN=(817881|373708)/CN=Robot: cms crab|/DC=ch/DC=cern/OU=Organic Units/OU=Users/CN=crabint1/CN=373708/CN=Robot: CMS CRAB Integration 1
DEBUG 2026-09-01 14:49:16.768 UTC: 	 Executing command :
 voms-proxy-info --identity --file /tmp/x509up_u178888
DEBUG 2026-09-01 14:49:16.797 UTC: 	 output : /DC=ch/DC=cern/OU=Organic Units/OU=Users/CN=ffiore/CN=883264/CN=Francesca Fiore

 error: 
 retcode : 0
DEBUG 2026-09-01 14:49:16.797 UTC: 	 Getting myproxy life time left for 1108dd7240a979e136768c977b197b9a1dace71c
DEBUG 2026-09-01 14:49:16.797 UTC: 	 Executing command :
 myproxy-info -s myproxy.cern.ch -l 1108dd7240a979e136768c977b197b9a1dace71c
DEBUG 2026-09-01 14:49:17.068 UTC: 	 output : username: 1108dd7240a979e136768c977b197b9a1dace71c
owner: /DC=ch/DC=cern/OU=Organic Units/OU=Users/CN=ffiore/CN=883264/CN=Francesca Fiore
  renewal policy: /DC=ch/DC=cern/OU=Organic Units/OU=Users/CN=cmscrab/CN=(817881|373708)/CN=Robot: cms crab|/DC=ch/DC=cern/OU=Organic Units/OU=Users/CN=crabint1/CN=373708/CN=Robot: CMS CRAB Integration 1
  trusted retrieval policy: /DC=ch/DC=cern/OU=Organic Units/OU=Users/CN=cmscrab/CN=(817881|373708)/CN=Robot: cms crab|/DC=ch/DC=cern/OU=Organic Units/OU=Users/CN=crabint1/CN=373708/CN=Robot: CMS CRAB Integration 1
  timeleft: 719:49:25  (30.0 days)

 error: 
 retcode : 0
DEBUG 2026-09-01 14:49:17.068 UTC: 	 Myproxy is valid: 2591340
DEBUG 2026-09-01 14:49:17.068 UTC: 	 Result of myproxy credential check:
  Credential exists on myproxy: username: 1108dd7240a979e136768c977b197b9a1dace71c  - validity: 29 days, 23:49:00
DEBUG 2026-09-01 14:49:17.068 UTC: 	 Retrieving username ...
DEBUG 2026-09-01 14:49:17.068 UTC: 	 Retrieving username from CRIC...
DEBUG 2026-09-01 14:49:17.826 UTC: 	 username is ffiore
INFO 2026-09-01 14:49:18.803 UTC: 	 Rucio client intialized for account ffiore
DEBUG 2026-09-01 14:49:18.803 UTC: 	 Command use: status
DEBUG 2026-09-01 14:49:18.803 UTC: 	 Options use: ['-d', 'VBS_semilep_ZZ_EWK_2024_v15/crab_VBS_semilep_ZZ_EWK_2024_v15']
DEBUG 2026-09-01 14:49:18.804 UTC: 	 Encoded data for curl request: subresource=version
DEBUG 2026-09-01 14:49:18.855 UTC: 	 CRABClient version: v3.260630
DEBUG 2026-09-01 14:49:18.855 UTC: 	 Instance is prod
DEBUG 2026-09-01 14:49:18.855 UTC: 	 Server base url is cmsweb.cern.ch
DEBUG 2026-09-01 14:49:18.855 UTC: 	 Command api workflow
DEBUG 2026-09-01 14:49:18.856 UTC: 	 Encoded data for curl request: subresource=search&workflow=260901_144431%3Affiore_crab_VBS_semilep_ZZ_EWK_2024_v15
DEBUG 2026-09-01 14:49:18.907 UTC: 	 Got information from server oracle database: {'desc': {'columns': ['tm_taskname', 'tm_activity', 'tm_task_status', 'tm_task_command', 'tm_start_time', 'tm_start_injection', 'tm_end_injection', 'tm_task_failure', 'tm_job_sw', 'tm_job_arch', 'tm_input_dataset', 'tm_nonvalid_input_dataset', 'tm_use_parent', 'tm_site_whitelist', 'tm_site_blacklist', 'tm_split_algo', 'tm_split_args', 'tm_user_sandbox', 'tm_cache_url', 'tm_username', 'tm_user_dn', 'tm_user_vo', 'tm_user_role', 'tm_user_group', 'tm_publish_name', 'tm_publish_groupname', 'tm_asyncdest', 'tm_dbs_url', 'tm_publish_dbs_url', 'tm_publication', 'tm_outfiles', 'tm_tfile_outfiles', 'tm_edm_outfiles', 'tm_job_type', 'tm_generator', 'tm_events_per_lumi', 'tm_arguments', 'tm_save_logs', 'tw_name', 'tm_user_infiles', 'tm_maxjobruntime', 'tm_numcores', 'tm_maxmemory', 'tm_priority', 'tm_output_dataset', 'tm_task_warnings', 'tm_user_webdir', 'tm_scriptexe', 'tm_scriptargs', 'tm_extrajdl', 'tm_collector', 'tm_schedd', 'tm_dry_run', 'tm_user_files', 'tm_transfer_outputs', 'tm_output_lfn', 'tm_ignore_locality', 'tm_fail_limit', 'tm_one_event_mode', 'tm_secondary_input_dataset', 'tm_primary_dataset', 'tm_last_publication', 'tm_debug_files', 'clusterid', 'tm_ignore_global_blacklist', 'tm_submitter_ip_addr', 'tm_totalunits', 'tm_ddm_reqid', 'tm_user_config', 'tm_transfer_container', 'tm_transfer_rule', 'tm_publish_rule', 'tm_multipub_rule', 'tm_job_min_microarch', 'tm_dagman_status', 'tm_num_jobs', 'tm_uploaded']}, 'result': ['260901_144431:ffiore_crab_VBS_semilep_ZZ_EWK_2024_v15', 'None', 'SUBMITTED', 'SUBMIT', '2026-09-01 14:44:31.616930', 'None', '2026-09-01 14:45:08.868905', 'None', 'CMSSW_14_0_19', 'el8_amd64_gcc12', 'None', 'F', '0', '[]', '[]', 'EventBased', "{'halt_job_on_file_boundaries': False, 'splitOnRun': False, 'events_per_job': 20, 'runs': [], 'lumis': []}", '327bd52f595f48c090078a053cc387f51dc21d47f20d04959cb8ce4f1e43640d.tar.gz', 'S3/crabcache_prod', 'ffiore', '/DC=ch/DC=cern/OU=Organic Units/OU=Users/CN=ffiore/CN=883264/CN=Francesca Fiore', 'cms', 'None', 'None', 'VBS_semilep_ZZ_EWK_2024_v15-00000000000000000000000000000000', 'F', 'T2_IT_Legnaro', 'https://cmsweb.cern.ch/dbs/prod/global/DBSReader', 'https://cmsweb.cern.ch/dbs/prod/phys03/DBSWriter', 'F', "['RunIII2024Summer24NanoAODv15.root']", '[]', '[]', 'PrivateMC', 'pythia', '20', '{}', 'F', 'crab-prod-tw01', '[]', '1250', '4', '8000', '10', 'None', '[]', 'http://vocms0107.cern.ch/mon/ffiore/260901_144431:ffiore_crab_VBS_semilep_ZZ_EWK_2024_v15', 'run_chain_Run3.sh', "['inputGridpack=/eos/user/f/ffiore/VBS/Gridpacks/ZZ/VBS_ZZ_semilep_el8_amd64_gcc10_CMSSW_12_4_8_tarball.tar.xz', 'nEvents=20', 'nThreads=4']", '[]', 'None', 'crab3@vocms0107.cern.ch', 'F', '[]', 'T', '/store/user/ffiore/', 'F', 'None', 'F', 'None', 'VBS_semilep_ZZ_EWK_2024_v15', 'None', '94a8f19f1e3b9ef3cc8dadb1c94796add14982c3c24a1b0d73813a0222aa640c.tar.gz', '157556329', 'F', '188.184.75.82', '40.0', 'None', '{"partialdataset": false, "requireaccelerator": false, "acceleratorparams": null, "inputblocks": null}', 'None', 'None', 'None', 'None', 'any', 'RUNNING', '2', 'T']}
INFO 2026-09-01 14:49:18.907 UTC: 	 CRAB project directory:		/afs/cern.ch/user/f/ffiore/work/produzione/crab_MC_private/VBS_semilep_ZZ_EWK_2024_v15/crab_VBS_semilep_ZZ_EWK_2024_v15
INFO 2026-09-01 14:49:18.907 UTC: 	 Task name:			260901_144431:ffiore_crab_VBS_semilep_ZZ_EWK_2024_v15
INFO 2026-09-01 14:49:18.907 UTC: 	 Grid scheduler - Task Worker:	crab3@vocms0107.cern.ch - crab-prod-tw01
INFO 2026-09-01 14:49:18.907 UTC: 	 Status on the CRAB server:	SUBMITTED
INFO 2026-09-01 14:49:18.908 UTC: 	 Task URL to use for HELP:	https://cmsweb.cern.ch/crabserver/ui/task/260901_144431%3Affiore_crab_VBS_semilep_ZZ_EWK_2024_v15
INFO 2026-09-01 14:49:18.918 UTC: 	 Dashboard monitoring URL:	https://monit-grafana.cern.ch/d/cmsTMDetail/cms-task-monitoring-task-view?orgId=11&var-user=ffiore&var-task=260901_144431%3Affiore_crab_VBS_semilep_ZZ_EWK_2024_v15&from=1788270271000&to=now
DEBUG 2026-09-01 14:49:18.918 UTC: 	 The CRAB server submitted your task to the Grid scheduler (cluster ID: 157556329)
DEBUG 2026-09-01 14:49:18.918 UTC: 	 Webdir is located at http://vocms0107.cern.ch/mon/ffiore/260901_144431:ffiore_crab_VBS_semilep_ZZ_EWK_2024_v15
DEBUG 2026-09-01 14:49:18.918 UTC: 	 Encoded data for curl request: subresource=webdirprx&workflow=260901_144431%3Affiore_crab_VBS_semilep_ZZ_EWK_2024_v15
DEBUG 2026-09-01 14:49:18.966 UTC: 	 Proxied webdir is located at https://cmsweb.cern.ch/scheddmon/0107/ffiore/260901_144431:ffiore_crab_VBS_semilep_ZZ_EWK_2024_v15
DEBUG 2026-09-01 14:49:18.967 UTC: 	 Retrieving 'status_cache' file from https://cmsweb.cern.ch/scheddmon/0107/ffiore/260901_144431:ffiore_crab_VBS_semilep_ZZ_EWK_2024_v15/status_cache.pkl
DEBUG 2026-09-01 14:49:18.967 UTC: 	 Will execute:
curl -sS --capath /etc/grid-security/certificates --cert /tmp/x509up_u178888 --key /tmp/x509up_u178888 -o /tmp/crab_status-cache-s_uh3t03.pkl -w %"{http_code}" "https://cmsweb.cern.ch/scheddmon/0107/ffiore/260901_144431:ffiore_crab_VBS_semilep_ZZ_EWK_2024_v15/status_cache.pkl"
DEBUG 2026-09-01 14:49:18.967 UTC: 	 Executing command :
 curl -sS --capath /etc/grid-security/certificates --cert /tmp/x509up_u178888 --key /tmp/x509up_u178888 -o /tmp/crab_status-cache-s_uh3t03.pkl -w %"{http_code}" "https://cmsweb.cern.ch/scheddmon/0107/ffiore/260901_144431:ffiore_crab_VBS_semilep_ZZ_EWK_2024_v15/status_cache.pkl"
DEBUG 2026-09-01 14:49:19.027 UTC: 	 output : 200
 error: 
 retcode : 0
DEBUG 2026-09-01 14:49:19.027 UTC: 	 exitcode: 0
stdout: 200
stderr: 
error details: 
DEBUG 2026-09-01 14:49:19.028 UTC: 	 Got information from status cache file: {'1': {'Retries': 0, 'Restarts': 0, 'SiteHistory': ['Unknown'], 'ResidentSetSize': [0], 'SubmitTimes': [1788273972.0], 'StartTimes': [], 'EndTimes': [], 'TotalUserCpuTimeHistory': [0.0], 'TotalSysCpuTimeHistory': [0.0], 'WallDurations': [0], 'JobIds': ['157556364.0'], 'State': 'running', 'RecordedSite': False}, '2': {'Retries': 0, 'Restarts': 0, 'SiteHistory': ['Unknown'], 'ResidentSetSize': [0], 'SubmitTimes': [1788273972.0], 'StartTimes': [], 'EndTimes': [], 'TotalUserCpuTimeHistory': [0.0], 'TotalSysCpuTimeHistory': [0.0], 'WallDurations': [0], 'JobIds': ['157556365.0'], 'State': 'running', 'RecordedSite': False}}
INFO 2026-09-01 14:49:19.028 UTC: 	 Status on the scheduler:	RUNNING
INFO 2026-09-01 14:49:19.028 UTC: 	 
Jobs status:                    running      		100.0% (2/2)
INFO 2026-09-01 14:49:19.028 UTC: 	 
No publication information (publication has been disabled in the CRAB configuration file)
INFO 2026-09-01 14:49:19.031 UTC: 	 Log file is /afs/cern.ch/user/f/ffiore/work/produzione/crab_MC_private/VBS_semilep_ZZ_EWK_2024_v15/crab_VBS_semilep_ZZ_EWK_2024_v15/crab.log
DEBUG 2026-09-01 14:49:23.499 UTC: 	 CRAB Client version: v3.260630
DEBUG 2026-09-01 14:49:23.499 UTC: 	 Running on: Linux lxplus813.cern.ch 4.18.0-553.151.1.el8_10.x86_64 #1 SMP Sun Aug 2 20:57:00 EDT 2026 x86_64 x86_64 x86_64 GNU/Linux
DEBUG 2026-09-01 14:49:23.499 UTC: 	 Not using Singularity
DEBUG 2026-09-01 14:49:23.499 UTC: 	 Operating System: Red Hat Enterprise Linux 8.10 (Ootpa)
DEBUG 2026-09-01 14:49:23.499 UTC: 	 Executing command: 'status'
DEBUG 2026-09-01 14:49:23.500 UTC: 	 Found CRAB cache file /afs/cern.ch/user/f/ffiore/.crab3
DEBUG 2026-09-01 14:49:23.506 UTC: 	 Checking credentials
DEBUG 2026-09-01 14:49:23.506 UTC: 	 Found proxy file /tmp/x509up_u178888
DEBUG 2026-09-01 14:49:23.506 UTC: 	 Making sure it has proper VOMS extension
DEBUG 2026-09-01 14:49:23.506 UTC: 	 Executing command :
 voms-proxy-info --vo --file /tmp/x509up_u178888
DEBUG 2026-09-01 14:49:23.535 UTC: 	 output : cms

 error: 
 retcode : 0
DEBUG 2026-09-01 14:49:23.535 UTC: 	 Getting proxy life time left
DEBUG 2026-09-01 14:49:23.535 UTC: 	 Executing command :
 voms-proxy-info --actimeleft --timeleft --file /tmp/x509up_u178888
DEBUG 2026-09-01 14:49:23.560 UTC: 	 output : 603759
603759

 error: 
 retcode : 0
DEBUG 2026-09-01 14:49:23.560 UTC: 	 Proxy valid for 167:42:39 hours
DEBUG 2026-09-01 14:49:23.560 UTC: 	 Encoded data for curl request: subresource=delegatedn
DEBUG 2026-09-01 14:49:23.605 UTC: 	 Registering user credentials on myproxy for /DC=ch/DC=cern/OU=Organic Units/OU=Users/CN=cmscrab/CN=(817881|373708)/CN=Robot: cms crab|/DC=ch/DC=cern/OU=Organic Units/OU=Users/CN=crabint1/CN=373708/CN=Robot: CMS CRAB Integration 1
DEBUG 2026-09-01 14:49:23.605 UTC: 	 Executing command :
 voms-proxy-info --identity --file /tmp/x509up_u178888
DEBUG 2026-09-01 14:49:23.631 UTC: 	 output : /DC=ch/DC=cern/OU=Organic Units/OU=Users/CN=ffiore/CN=883264/CN=Francesca Fiore

 error: 
 retcode : 0
DEBUG 2026-09-01 14:49:23.631 UTC: 	 Getting myproxy life time left for 1108dd7240a979e136768c977b197b9a1dace71c
DEBUG 2026-09-01 14:49:23.632 UTC: 	 Executing command :
 myproxy-info -s myproxy.cern.ch -l 1108dd7240a979e136768c977b197b9a1dace71c
DEBUG 2026-09-01 14:49:23.913 UTC: 	 output : username: 1108dd7240a979e136768c977b197b9a1dace71c
owner: /DC=ch/DC=cern/OU=Organic Units/OU=Users/CN=ffiore/CN=883264/CN=Francesca Fiore
  renewal policy: /DC=ch/DC=cern/OU=Organic Units/OU=Users/CN=cmscrab/CN=(817881|373708)/CN=Robot: cms crab|/DC=ch/DC=cern/OU=Organic Units/OU=Users/CN=crabint1/CN=373708/CN=Robot: CMS CRAB Integration 1
  trusted retrieval policy: /DC=ch/DC=cern/OU=Organic Units/OU=Users/CN=cmscrab/CN=(817881|373708)/CN=Robot: cms crab|/DC=ch/DC=cern/OU=Organic Units/OU=Users/CN=crabint1/CN=373708/CN=Robot: CMS CRAB Integration 1
  timeleft: 719:49:19  (30.0 days)

 error: 
 retcode : 0
DEBUG 2026-09-01 14:49:23.914 UTC: 	 Myproxy is valid: 2591340
DEBUG 2026-09-01 14:49:23.914 UTC: 	 Result of myproxy credential check:
  Credential exists on myproxy: username: 1108dd7240a979e136768c977b197b9a1dace71c  - validity: 29 days, 23:49:00
DEBUG 2026-09-01 14:49:23.914 UTC: 	 Retrieving username ...
DEBUG 2026-09-01 14:49:23.914 UTC: 	 Retrieving username from CRIC...
DEBUG 2026-09-01 14:49:24.791 UTC: 	 username is ffiore
INFO 2026-09-01 14:49:27.366 UTC: 	 Rucio client intialized for account ffiore
DEBUG 2026-09-01 14:49:27.367 UTC: 	 Command use: status
DEBUG 2026-09-01 14:49:27.367 UTC: 	 Options use: ['-d', 'VBS_semilep_ZZ_EWK_2024_v15/crab_VBS_semilep_ZZ_EWK_2024_v15']
DEBUG 2026-09-01 14:49:27.367 UTC: 	 Encoded data for curl request: subresource=version
DEBUG 2026-09-01 14:49:27.418 UTC: 	 CRABClient version: v3.260630
DEBUG 2026-09-01 14:49:27.418 UTC: 	 Instance is prod
DEBUG 2026-09-01 14:49:27.418 UTC: 	 Server base url is cmsweb.cern.ch
DEBUG 2026-09-01 14:49:27.418 UTC: 	 Command api workflow
DEBUG 2026-09-01 14:49:27.419 UTC: 	 Encoded data for curl request: subresource=search&workflow=260901_144431%3Affiore_crab_VBS_semilep_ZZ_EWK_2024_v15
DEBUG 2026-09-01 14:49:27.471 UTC: 	 Got information from server oracle database: {'desc': {'columns': ['tm_taskname', 'tm_activity', 'tm_task_status', 'tm_task_command', 'tm_start_time', 'tm_start_injection', 'tm_end_injection', 'tm_task_failure', 'tm_job_sw', 'tm_job_arch', 'tm_input_dataset', 'tm_nonvalid_input_dataset', 'tm_use_parent', 'tm_site_whitelist', 'tm_site_blacklist', 'tm_split_algo', 'tm_split_args', 'tm_user_sandbox', 'tm_cache_url', 'tm_username', 'tm_user_dn', 'tm_user_vo', 'tm_user_role', 'tm_user_group', 'tm_publish_name', 'tm_publish_groupname', 'tm_asyncdest', 'tm_dbs_url', 'tm_publish_dbs_url', 'tm_publication', 'tm_outfiles', 'tm_tfile_outfiles', 'tm_edm_outfiles', 'tm_job_type', 'tm_generator', 'tm_events_per_lumi', 'tm_arguments', 'tm_save_logs', 'tw_name', 'tm_user_infiles', 'tm_maxjobruntime', 'tm_numcores', 'tm_maxmemory', 'tm_priority', 'tm_output_dataset', 'tm_task_warnings', 'tm_user_webdir', 'tm_scriptexe', 'tm_scriptargs', 'tm_extrajdl', 'tm_collector', 'tm_schedd', 'tm_dry_run', 'tm_user_files', 'tm_transfer_outputs', 'tm_output_lfn', 'tm_ignore_locality', 'tm_fail_limit', 'tm_one_event_mode', 'tm_secondary_input_dataset', 'tm_primary_dataset', 'tm_last_publication', 'tm_debug_files', 'clusterid', 'tm_ignore_global_blacklist', 'tm_submitter_ip_addr', 'tm_totalunits', 'tm_ddm_reqid', 'tm_user_config', 'tm_transfer_container', 'tm_transfer_rule', 'tm_publish_rule', 'tm_multipub_rule', 'tm_job_min_microarch', 'tm_dagman_status', 'tm_num_jobs', 'tm_uploaded']}, 'result': ['260901_144431:ffiore_crab_VBS_semilep_ZZ_EWK_2024_v15', 'None', 'SUBMITTED', 'SUBMIT', '2026-09-01 14:44:31.616930', 'None', '2026-09-01 14:45:08.868905', 'None', 'CMSSW_14_0_19', 'el8_amd64_gcc12', 'None', 'F', '0', '[]', '[]', 'EventBased', "{'halt_job_on_file_boundaries': False, 'splitOnRun': False, 'events_per_job': 20, 'runs': [], 'lumis': []}", '327bd52f595f48c090078a053cc387f51dc21d47f20d04959cb8ce4f1e43640d.tar.gz', 'S3/crabcache_prod', 'ffiore', '/DC=ch/DC=cern/OU=Organic Units/OU=Users/CN=ffiore/CN=883264/CN=Francesca Fiore', 'cms', 'None', 'None', 'VBS_semilep_ZZ_EWK_2024_v15-00000000000000000000000000000000', 'F', 'T2_IT_Legnaro', 'https://cmsweb.cern.ch/dbs/prod/global/DBSReader', 'https://cmsweb.cern.ch/dbs/prod/phys03/DBSWriter', 'F', "['RunIII2024Summer24NanoAODv15.root']", '[]', '[]', 'PrivateMC', 'pythia', '20', '{}', 'F', 'crab-prod-tw01', '[]', '1250', '4', '8000', '10', 'None', '[]', 'http://vocms0107.cern.ch/mon/ffiore/260901_144431:ffiore_crab_VBS_semilep_ZZ_EWK_2024_v15', 'run_chain_Run3.sh', "['inputGridpack=/eos/user/f/ffiore/VBS/Gridpacks/ZZ/VBS_ZZ_semilep_el8_amd64_gcc10_CMSSW_12_4_8_tarball.tar.xz', 'nEvents=20', 'nThreads=4']", '[]', 'None', 'crab3@vocms0107.cern.ch', 'F', '[]', 'T', '/store/user/ffiore/', 'F', 'None', 'F', 'None', 'VBS_semilep_ZZ_EWK_2024_v15', 'None', '94a8f19f1e3b9ef3cc8dadb1c94796add14982c3c24a1b0d73813a0222aa640c.tar.gz', '157556329', 'F', '188.184.75.82', '40.0', 'None', '{"partialdataset": false, "requireaccelerator": false, "acceleratorparams": null, "inputblocks": null}', 'None', 'None', 'None', 'None', 'any', 'RUNNING', '2', 'T']}
INFO 2026-09-01 14:49:27.471 UTC: 	 CRAB project directory:		/afs/cern.ch/user/f/ffiore/work/produzione/crab_MC_private/VBS_semilep_ZZ_EWK_2024_v15/crab_VBS_semilep_ZZ_EWK_2024_v15
INFO 2026-09-01 14:49:27.471 UTC: 	 Task name:			260901_144431:ffiore_crab_VBS_semilep_ZZ_EWK_2024_v15
INFO 2026-09-01 14:49:27.471 UTC: 	 Grid scheduler - Task Worker:	crab3@vocms0107.cern.ch - crab-prod-tw01
INFO 2026-09-01 14:49:27.471 UTC: 	 Status on the CRAB server:	SUBMITTED
INFO 2026-09-01 14:49:27.472 UTC: 	 Task URL to use for HELP:	https://cmsweb.cern.ch/crabserver/ui/task/260901_144431%3Affiore_crab_VBS_semilep_ZZ_EWK_2024_v15
INFO 2026-09-01 14:49:27.482 UTC: 	 Dashboard monitoring URL:	https://monit-grafana.cern.ch/d/cmsTMDetail/cms-task-monitoring-task-view?orgId=11&var-user=ffiore&var-task=260901_144431%3Affiore_crab_VBS_semilep_ZZ_EWK_2024_v15&from=1788270271000&to=now
DEBUG 2026-09-01 14:49:27.483 UTC: 	 The CRAB server submitted your task to the Grid scheduler (cluster ID: 157556329)
DEBUG 2026-09-01 14:49:27.483 UTC: 	 Webdir is located at http://vocms0107.cern.ch/mon/ffiore/260901_144431:ffiore_crab_VBS_semilep_ZZ_EWK_2024_v15
DEBUG 2026-09-01 14:49:27.483 UTC: 	 Encoded data for curl request: subresource=webdirprx&workflow=260901_144431%3Affiore_crab_VBS_semilep_ZZ_EWK_2024_v15
DEBUG 2026-09-01 14:49:27.529 UTC: 	 Proxied webdir is located at https://cmsweb.cern.ch/scheddmon/0107/ffiore/260901_144431:ffiore_crab_VBS_semilep_ZZ_EWK_2024_v15
DEBUG 2026-09-01 14:49:27.530 UTC: 	 Retrieving 'status_cache' file from https://cmsweb.cern.ch/scheddmon/0107/ffiore/260901_144431:ffiore_crab_VBS_semilep_ZZ_EWK_2024_v15/status_cache.pkl
DEBUG 2026-09-01 14:49:27.530 UTC: 	 Will execute:
curl -sS --capath /etc/grid-security/certificates --cert /tmp/x509up_u178888 --key /tmp/x509up_u178888 -o /tmp/crab_status-cache-c43apybp.pkl -w %"{http_code}" "https://cmsweb.cern.ch/scheddmon/0107/ffiore/260901_144431:ffiore_crab_VBS_semilep_ZZ_EWK_2024_v15/status_cache.pkl"
DEBUG 2026-09-01 14:49:27.530 UTC: 	 Executing command :
 curl -sS --capath /etc/grid-security/certificates --cert /tmp/x509up_u178888 --key /tmp/x509up_u178888 -o /tmp/crab_status-cache-c43apybp.pkl -w %"{http_code}" "https://cmsweb.cern.ch/scheddmon/0107/ffiore/260901_144431:ffiore_crab_VBS_semilep_ZZ_EWK_2024_v15/status_cache.pkl"
DEBUG 2026-09-01 14:49:27.569 UTC: 	 output : 200
 error: 
 retcode : 0
DEBUG 2026-09-01 14:49:27.570 UTC: 	 exitcode: 0
stdout: 200
stderr: 
error details: 
DEBUG 2026-09-01 14:49:27.570 UTC: 	 Got information from status cache file: {'1': {'Retries': 0, 'Restarts': 0, 'SiteHistory': ['Unknown'], 'ResidentSetSize': [0], 'SubmitTimes': [1788273972.0], 'StartTimes': [], 'EndTimes': [], 'TotalUserCpuTimeHistory': [0.0], 'TotalSysCpuTimeHistory': [0.0], 'WallDurations': [0], 'JobIds': ['157556364.0'], 'State': 'running', 'RecordedSite': False}, '2': {'Retries': 0, 'Restarts': 0, 'SiteHistory': ['Unknown'], 'ResidentSetSize': [0], 'SubmitTimes': [1788273972.0], 'StartTimes': [], 'EndTimes': [], 'TotalUserCpuTimeHistory': [0.0], 'TotalSysCpuTimeHistory': [0.0], 'WallDurations': [0], 'JobIds': ['157556365.0'], 'State': 'running', 'RecordedSite': False}}
INFO 2026-09-01 14:49:27.570 UTC: 	 Status on the scheduler:	RUNNING
INFO 2026-09-01 14:49:27.570 UTC: 	 
Jobs status:                    running      		100.0% (2/2)
INFO 2026-09-01 14:49:27.571 UTC: 	 
No publication information (publication has been disabled in the CRAB configuration file)
INFO 2026-09-01 14:49:27.572 UTC: 	 Log file is /afs/cern.ch/user/f/ffiore/work/produzione/crab_MC_private/VBS_semilep_ZZ_EWK_2024_v15/crab_VBS_semilep_ZZ_EWK_2024_v15/crab.log
